"С гарантией RFB iPhone 6S Plus 64Gb Б/О A1687 Blac";"Уважаемый покупатель,
Добро пожаловать в магазин AMOLED

-> АКЦИЯ, аксессуар на выбор в ПОДАРОК за отзыв!

Мы всегда идем навстречу нашим покупателям и дорожим своей репутацией.
Гибкие возможности вашей покупки:
1) ОПЛАТА кредитной/дебетовой КАРТОЙ
2) ТРЕЙД-ИН, ОБМЕН старого телефона 
3) ДОСТАВКА ПО РФ через ТК CDEK
4) РАССРОЧКА, банки ОТП/Хоум-Кредит
5) ОПТ, ОПЛАТА ЧЕРЕЗ Р/С (для юрид лиц)
Опыт продаж в сфере цифровой электроники с 2009 года.

В нашем ассортименте оригинальный айфон 4/4s/5/5c/5s/6/6s/se/7/plus всех цветов и объемов памяти по лучшей цене в Казани!

RFB Apple iPhone 6S Plus 64Gb без отпечатка Black = 25500 руб, ГАРАНТИЯ 1 ГОД (восстановленный)

- цена действует при оплате полной стоимости товара наличными
- выдаем товарный чек и гарантийный талон, заверенные печатью
- количество товара ограничено, уточняйте актуальное наличие
- в заводской пленке, без следов эксплуатации, отличный подарок

-> Звоните: 10.00-20.00, ежедневно

У нас вы сможете наиболее выгодно и дешево купить интересующий вас гаджет или аксессуар!
Магазин AMOLED";"25500";"1.jpg,price393.jpg"
"С гарантией NEW iPhone 6S Plus 64Gb A1634 Gold";"Уважаемый покупатель,
Добро пожаловать в магазин AMOLED

-> АКЦИЯ, аксессуар на выбор в ПОДАРОК за отзыв!

Мы всегда идем навстречу нашим покупателям и дорожим своей репутацией.
Гибкие возможности вашей покупки:
1) ОПЛАТА кредитной/дебетовой КАРТОЙ
2) ТРЕЙД-ИН, ОБМЕН старого телефона 
3) ДОСТАВКА ПО РФ через ТК CDEK
4) РАССРОЧКА, банки ОТП/Хоум-Кредит
5) ОПТ, ОПЛАТА ЧЕРЕЗ Р/С (для юрид лиц)
Опыт продаж в сфере цифровой электроники с 2009 года.

В нашем ассортименте оригинальный айфон 4/4s/5/5c/5s/6/6s/se/7/plus всех цветов и объемов памяти по лучшей цене в Казани!

NEW Apple iPhone 6S Plus 64Gb Gold = 40500 руб, ГАРАНТИЯ 1 ГОД (НОВЫЙ, НЕ РЕФ)

- цена действует при оплате полной стоимости товара наличными
- выдаем товарный чек и гарантийный талон, заверенные печатью
- количество товара ограничено, уточняйте актуальное наличие
- в заводской пленке, без следов эксплуатации, отличный подарок

-> Звоните: 10.00-20.00, ежедневно

У нас вы сможете наиболее выгодно и дешево купить интересующий вас гаджет или аксессуар!
Магазин AMOLED";"40500";"2.jpg,price394.jpg"
"С гарантией NEW iPhone 6S Plus 128Gb A1699 Pink";"Уважаемый покупатель,
Добро пожаловать в магазин AMOLED

-> АКЦИЯ, аксессуар на выбор в ПОДАРОК за отзыв!

Мы всегда идем навстречу нашим покупателям и дорожим своей репутацией.
Гибкие возможности вашей покупки:
1) ОПЛАТА кредитной/дебетовой КАРТОЙ
2) ТРЕЙД-ИН, ОБМЕН старого телефона 
3) ДОСТАВКА ПО РФ через ТК CDEK
4) РАССРОЧКА, банки ОТП/Хоум-Кредит
5) ОПТ, ОПЛАТА ЧЕРЕЗ Р/С (для юрид лиц)
Опыт продаж в сфере цифровой электроники с 2009 года.

В нашем ассортименте оригинальный айфон 4/4s/5/5c/5s/6/6s/se/7/plus всех цветов и объемов памяти по лучшей цене в Казани!

NEW Apple iPhone 6S Plus 128Gb Pink = 44500 руб, ГАРАНТИЯ 1 ГОД (НОВЫЙ, НЕ РЕФ)

- цена действует при оплате полной стоимости товара наличными
- выдаем товарный чек и гарантийный талон, заверенные печатью
- количество товара ограничено, уточняйте актуальное наличие
- в заводской пленке, без следов эксплуатации, отличный подарок

-> Звоните: 10.00-20.00, ежедневно

У нас вы сможете наиболее выгодно и дешево купить интересующий вас гаджет или аксессуар!
Магазин AMOLED";"44500";"3.jpg,price395.jpg"
"С гарантией RFB iPhone 6S Plus 16Gb A1634 White";"Уважаемый покупатель,
Добро пожаловать в магазин AMOLED

-> АКЦИЯ, аксессуар на выбор в ПОДАРОК за отзыв!

Мы всегда идем навстречу нашим покупателям и дорожим своей репутацией.
Гибкие возможности вашей покупки:
1) ОПЛАТА кредитной/дебетовой КАРТОЙ
2) ТРЕЙД-ИН, ОБМЕН старого телефона 
3) ДОСТАВКА ПО РФ через ТК CDEK
4) РАССРОЧКА, банки ОТП/Хоум-Кредит
5) ОПТ, ОПЛАТА ЧЕРЕЗ Р/С (для юрид лиц)
Опыт продаж в сфере цифровой электроники с 2009 года.

В нашем ассортименте оригинальный айфон 4/4s/5/5c/5s/6/6s/se/7/plus всех цветов и объемов памяти по лучшей цене в Казани!

RFB Apple iPhone 6S Plus 16Gb White = 25500 руб, ГАРАНТИЯ 1 ГОД (восстановленный)

- цена действует при оплате полной стоимости товара наличными
- выдаем товарный чек и гарантийный талон, заверенные печатью
- количество товара ограничено, уточняйте актуальное наличие
- в заводской пленке, без следов эксплуатации, отличный подарок

-> Звоните: 10.00-20.00, ежедневно

У нас вы сможете наиболее выгодно и дешево купить интересующий вас гаджет или аксессуар!
Магазин AMOLED";"25500";"4.jpg,price396.jpg"
"С гарантией NEW iPhone 6S Plus 32Gb A1687 White";"Уважаемый покупатель,
Добро пожаловать в магазин AMOLED

-> АКЦИЯ, аксессуар на выбор в ПОДАРОК за отзыв!

Мы всегда идем навстречу нашим покупателям и дорожим своей репутацией.
Гибкие возможности вашей покупки:
1) ОПЛАТА кредитной/дебетовой КАРТОЙ
2) ТРЕЙД-ИН, ОБМЕН старого телефона 
3) ДОСТАВКА ПО РФ через ТК CDEK
4) РАССРОЧКА, банки ОТП/Хоум-Кредит
5) ОПТ, ОПЛАТА ЧЕРЕЗ Р/С (для юрид лиц)
Опыт продаж в сфере цифровой электроники с 2009 года.

В нашем ассортименте оригинальный айфон 4/4s/5/5c/5s/6/6s/se/7/plus всех цветов и объемов памяти по лучшей цене в Казани!

NEW Apple iPhone 6S Plus 32Gb White = 37000 руб, ГАРАНТИЯ 1 ГОД (НОВЫЙ, НЕ РЕФ)

- цена действует при оплате полной стоимости товара наличными
- выдаем товарный чек и гарантийный талон, заверенные печатью
- количество товара ограничено, уточняйте актуальное наличие
- в заводской пленке, без следов эксплуатации, отличный подарок

-> Звоните: 10.00-20.00, ежедневно

У нас вы сможете наиболее выгодно и дешево купить интересующий вас гаджет или аксессуар!
Магазин AMOLED";"37000";"5.jpg,price397.jpg"
"С гарантией NEW iPhone 6S Plus 32Gb A1687 Gold";"Уважаемый покупатель,
Добро пожаловать в магазин AMOLED

-> АКЦИЯ, аксессуар на выбор в ПОДАРОК за отзыв!

Мы всегда идем навстречу нашим покупателям и дорожим своей репутацией.
Гибкие возможности вашей покупки:
1) ОПЛАТА кредитной/дебетовой КАРТОЙ
2) ТРЕЙД-ИН, ОБМЕН старого телефона 
3) ДОСТАВКА ПО РФ через ТК CDEK
4) РАССРОЧКА, банки ОТП/Хоум-Кредит
5) ОПТ, ОПЛАТА ЧЕРЕЗ Р/С (для юрид лиц)
Опыт продаж в сфере цифровой электроники с 2009 года.

В нашем ассортименте оригинальный айфон 4/4s/5/5c/5s/6/6s/se/7/plus всех цветов и объемов памяти по лучшей цене в Казани!

NEW Apple iPhone 6S Plus 32Gb Gold = 37000 руб, ГАРАНТИЯ 1 ГОД (НОВЫЙ, НЕ РЕФ)

- цена действует при оплате полной стоимости товара наличными
- выдаем товарный чек и гарантийный талон, заверенные печатью
- количество товара ограничено, уточняйте актуальное наличие
- в заводской пленке, без следов эксплуатации, отличный подарок

-> Звоните: 10.00-20.00, ежедневно

У нас вы сможете наиболее выгодно и дешево купить интересующий вас гаджет или аксессуар!
Магазин AMOLED";"37000";"6.jpg,price398.jpg"
"С гарантией NEW iPhone 6S Plus 32Gb A1699 Black";"Уважаемый покупатель,
Добро пожаловать в магазин AMOLED

-> АКЦИЯ, аксессуар на выбор в ПОДАРОК за отзыв!

Мы всегда идем навстречу нашим покупателям и дорожим своей репутацией.
Гибкие возможности вашей покупки:
1) ОПЛАТА кредитной/дебетовой КАРТОЙ
2) ТРЕЙД-ИН, ОБМЕН старого телефона 
3) ДОСТАВКА ПО РФ через ТК CDEK
4) РАССРОЧКА, банки ОТП/Хоум-Кредит
5) ОПТ, ОПЛАТА ЧЕРЕЗ Р/С (для юрид лиц)
Опыт продаж в сфере цифровой электроники с 2009 года.

В нашем ассортименте оригинальный айфон 4/4s/5/5c/5s/6/6s/se/7/plus всех цветов и объемов памяти по лучшей цене в Казани!

NEW Apple iPhone 6S Plus 32Gb Black = 37000 руб, ГАРАНТИЯ 1 ГОД (НОВЫЙ, НЕ РЕФ)

- цена действует при оплате полной стоимости товара наличными
- выдаем товарный чек и гарантийный талон, заверенные печатью
- количество товара ограничено, уточняйте актуальное наличие
- в заводской пленке, без следов эксплуатации, отличный подарок

-> Звоните: 10.00-20.00, ежедневно

У нас вы сможете наиболее выгодно и дешево купить интересующий вас гаджет или аксессуар!
Магазин AMOLED";"37000";"7.jpg,price399.jpg"
"С гарантией RFB iPhone 6S Plus 64Gb Б/О A1634 Whit";"Уважаемый покупатель,
Добро пожаловать в магазин AMOLED

-> АКЦИЯ, аксессуар на выбор в ПОДАРОК за отзыв!

Мы всегда идем навстречу нашим покупателям и дорожим своей репутацией.
Гибкие возможности вашей покупки:
1) ОПЛАТА кредитной/дебетовой КАРТОЙ
2) ТРЕЙД-ИН, ОБМЕН старого телефона 
3) ДОСТАВКА ПО РФ через ТК CDEK
4) РАССРОЧКА, банки ОТП/Хоум-Кредит
5) ОПТ, ОПЛАТА ЧЕРЕЗ Р/С (для юрид лиц)
Опыт продаж в сфере цифровой электроники с 2009 года.

В нашем ассортименте оригинальный айфон 4/4s/5/5c/5s/6/6s/se/7/plus всех цветов и объемов памяти по лучшей цене в Казани!

RFB Apple iPhone 6S Plus 64Gb без отпечатка White = 25500 руб, ГАРАНТИЯ 1 ГОД (восстановленный)

- цена действует при оплате полной стоимости товара наличными
- выдаем товарный чек и гарантийный талон, заверенные печатью
- количество товара ограничено, уточняйте актуальное наличие
- в заводской пленке, без следов эксплуатации, отличный подарок

-> Звоните: 10.00-20.00, ежедневно

У нас вы сможете наиболее выгодно и дешево купить интересующий вас гаджет или аксессуар!
Магазин AMOLED";"25500";"8.jpg,price400.jpg"
"С гарантией NEW iPhone 6S Plus 16Gb A1634 White";"Уважаемый покупатель,
Добро пожаловать в магазин AMOLED

-> АКЦИЯ, аксессуар на выбор в ПОДАРОК за отзыв!

Мы всегда идем навстречу нашим покупателям и дорожим своей репутацией.
Гибкие возможности вашей покупки:
1) ОПЛАТА кредитной/дебетовой КАРТОЙ
2) ТРЕЙД-ИН, ОБМЕН старого телефона 
3) ДОСТАВКА ПО РФ через ТК CDEK
4) РАССРОЧКА, банки ОТП/Хоум-Кредит
5) ОПТ, ОПЛАТА ЧЕРЕЗ Р/С (для юрид лиц)
Опыт продаж в сфере цифровой электроники с 2009 года.

В нашем ассортименте оригинальный айфон 4/4s/5/5c/5s/6/6s/se/7/plus всех цветов и объемов памяти по лучшей цене в Казани!

NEW Apple iPhone 6S Plus 16Gb White = 33500 руб, ГАРАНТИЯ 1 ГОД (НОВЫЙ, НЕ РЕФ)

- цена действует при оплате полной стоимости товара наличными
- выдаем товарный чек и гарантийный талон, заверенные печатью
- количество товара ограничено, уточняйте актуальное наличие
- в заводской пленке, без следов эксплуатации, отличный подарок

-> Звоните: 10.00-20.00, ежедневно

У нас вы сможете наиболее выгодно и дешево купить интересующий вас гаджет или аксессуар!
Магазин AMOLED";"33500";"9.jpg,price401.jpg"
"С гарантией NEW iPhone 6S Plus 64Gb A1634 White";"Уважаемый покупатель,
Добро пожаловать в магазин AMOLED

-> АКЦИЯ, аксессуар на выбор в ПОДАРОК за отзыв!

Мы всегда идем навстречу нашим покупателям и дорожим своей репутацией.
Гибкие возможности вашей покупки:
1) ОПЛАТА кредитной/дебетовой КАРТОЙ
2) ТРЕЙД-ИН, ОБМЕН старого телефона 
3) ДОСТАВКА ПО РФ через ТК CDEK
4) РАССРОЧКА, банки ОТП/Хоум-Кредит
5) ОПТ, ОПЛАТА ЧЕРЕЗ Р/С (для юрид лиц)
Опыт продаж в сфере цифровой электроники с 2009 года.

В нашем ассортименте оригинальный айфон 4/4s/5/5c/5s/6/6s/se/7/plus всех цветов и объемов памяти по лучшей цене в Казани!

NEW Apple iPhone 6S Plus 64Gb White = 40500 руб, ГАРАНТИЯ 1 ГОД (НОВЫЙ, НЕ РЕФ)

- цена действует при оплате полной стоимости товара наличными
- выдаем товарный чек и гарантийный талон, заверенные печатью
- количество товара ограничено, уточняйте актуальное наличие
- в заводской пленке, без следов эксплуатации, отличный подарок

-> Звоните: 10.00-20.00, ежедневно

У нас вы сможете наиболее выгодно и дешево купить интересующий вас гаджет или аксессуар!
Магазин AMOLED";"40500";"10.jpg,price402.jpg"
"С гарантией RFB iPhone 6S Plus 128Gb A1634 White";"Уважаемый покупатель,
Добро пожаловать в магазин AMOLED

-> АКЦИЯ, аксессуар на выбор в ПОДАРОК за отзыв!

Мы всегда идем навстречу нашим покупателям и дорожим своей репутацией.
Гибкие возможности вашей покупки:
1) ОПЛАТА кредитной/дебетовой КАРТОЙ
2) ТРЕЙД-ИН, ОБМЕН старого телефона 
3) ДОСТАВКА ПО РФ через ТК CDEK
4) РАССРОЧКА, банки ОТП/Хоум-Кредит
5) ОПТ, ОПЛАТА ЧЕРЕЗ Р/С (для юрид лиц)
Опыт продаж в сфере цифровой электроники с 2009 года.

В нашем ассортименте оригинальный айфон 4/4s/5/5c/5s/6/6s/se/7/plus всех цветов и объемов памяти по лучшей цене в Казани!

RFB Apple iPhone 6S Plus 128Gb White = 33000 руб, ГАРАНТИЯ 1 ГОД (восстановленный)

- цена действует при оплате полной стоимости товара наличными
- выдаем товарный чек и гарантийный талон, заверенные печатью
- количество товара ограничено, уточняйте актуальное наличие
- в заводской пленке, без следов эксплуатации, отличный подарок

-> Звоните: 10.00-20.00, ежедневно

У нас вы сможете наиболее выгодно и дешево купить интересующий вас гаджет или аксессуар!
Магазин AMOLED";"33000";"11.jpg,price403.jpg"
