id;available;price;currencyId;category;picture;url;name;description;manufacturer_warranty
1402597283;true;31400;RUR;Все товары/Электроника/Телефоны/Мобильные телефоны;https://raw.githubusercontent.com/bav735/iSPARK/master/images/Apple/iPhone/6S/Gold/img.jpg;http://ispark.info/product/smartfon_newrst_apple_iphone_6s_32gb_gold;Apple iPhone 6S 32Gb Gold;Гарантия 1 год. Оплата: в кредит, наличными, по карте.;true
915417331;true;31400;RUR;Все товары/Электроника/Телефоны/Мобильные телефоны;https://raw.githubusercontent.com/bav735/iSPARK/master/images/Apple/iPhone/6S/RoseGold/img.jpg;http://ispark.info/product/smartfon_newrst_apple_iphone_6s_32gb_rose_gold;Apple iPhone 6S 32Gb Rose Gold;Гарантия 1 год. Оплата: в кредит, наличными, по карте.;true
589511311;true;31400;RUR;Все товары/Электроника/Телефоны/Мобильные телефоны;https://raw.githubusercontent.com/bav735/iSPARK/master/images/Apple/iPhone/6S/Silver/img.jpg;http://ispark.info/product/smartfon_newrst_apple_iphone_6s_32gb_silver;Apple iPhone 6S 32Gb Silver;Гарантия 1 год. Оплата: в кредит, наличными, по карте.;true
943061575;true;31400;RUR;Все товары/Электроника/Телефоны/Мобильные телефоны;https://raw.githubusercontent.com/bav735/iSPARK/master/images/Apple/iPhone/6S/SpaceGray/img.jpg;http://ispark.info/product/smartfon_newrst_apple_iphone_6s_32gb_space_gray;Apple iPhone 6S 32Gb Space Gray;Гарантия 1 год. Оплата: в кредит, наличными, по карте.;true
615565454;true;18200;RUR;Все товары/Электроника/Телефоны/Мобильные телефоны;https://raw.githubusercontent.com/bav735/iSPARK/master/images/Apple/iPhone/SE/Gold/img.jpg;http://ispark.info/product/smartfon_newrst_apple_iphone_se_32gb_gold;Apple iPhone SE 32Gb Gold;Гарантия 1 год. Оплата: в кредит, наличными, по карте.;true
437880760;true;18200;RUR;Все товары/Электроника/Телефоны/Мобильные телефоны;https://raw.githubusercontent.com/bav735/iSPARK/master/images/Apple/iPhone/SE/RoseGold/img.jpg;http://ispark.info/product/smartfon_newrst_apple_iphone_se_32gb_rose_gold;Apple iPhone SE 32Gb Rose Gold;Гарантия 1 год. Оплата: в кредит, наличными, по карте.;true
1180025452;true;18200;RUR;Все товары/Электроника/Телефоны/Мобильные телефоны;https://raw.githubusercontent.com/bav735/iSPARK/master/images/Apple/iPhone/SE/Silver/img.jpg;http://ispark.info/product/smartfon_newrst_apple_iphone_se_32gb_silver;Apple iPhone SE 32Gb Silver;Гарантия 1 год. Оплата: в кредит, наличными, по карте.;true
816555097;true;18200;RUR;Все товары/Электроника/Телефоны/Мобильные телефоны;https://raw.githubusercontent.com/bav735/iSPARK/master/images/Apple/iPhone/SE/SpaceGray/img.jpg;http://ispark.info/product/smartfon_newrst_apple_iphone_se_32gb_space_gray;Apple iPhone SE 32Gb Space Gray;Гарантия 1 год. Оплата: в кредит, наличными, по карте.;true
1445049688;true;81400;RUR;Все товары/Электроника/Телефоны/Мобильные телефоны;https://raw.githubusercontent.com/bav735/iSPARK/master/images/Apple/iPhone/X/Silver/img.jpg;http://ispark.info/product/smartfon_newrst_apple_iphone_x_256gb_silver;Apple iPhone X 256Gb Silver;Гарантия 1 год. Оплата: в кредит, наличными, по карте.;true
1895713047;true;81400;RUR;Все товары/Электроника/Телефоны/Мобильные телефоны;https://raw.githubusercontent.com/bav735/iSPARK/master/images/Apple/iPhone/X/SpaceGray/img.jpg;http://ispark.info/product/smartfon_newrst_apple_iphone_x_256gb_space_gray;Apple iPhone X 256Gb Space Gray;Гарантия 1 год. Оплата: в кредит, наличными, по карте.;true
1634196993;true;71500;RUR;Все товары/Электроника/Телефоны/Мобильные телефоны;https://raw.githubusercontent.com/bav735/iSPARK/master/images/Apple/iPhone/X/Silver/img.jpg;http://ispark.info/product/smartfon_newrst_apple_iphone_x_64gb_silver;Apple iPhone X 64Gb Silver;Гарантия 1 год. Оплата: в кредит, наличными, по карте.;true
305766055;true;71500;RUR;Все товары/Электроника/Телефоны/Мобильные телефоны;https://raw.githubusercontent.com/bav735/iSPARK/master/images/Apple/iPhone/X/SpaceGray/img.jpg;http://ispark.info/product/smartfon_newrst_apple_iphone_x_64gb_space_gray;Apple iPhone X 64Gb Space Gray;Гарантия 1 год. Оплата: в кредит, наличными, по карте.;true
1836629630;true;56300;RUR;Все товары/Электроника/Телефоны/Мобильные телефоны;https://raw.githubusercontent.com/bav735/iSPARK/master/images/Apple/iPhone/8/Plus/Gold/img.jpg;http://ispark.info/product/smartfon_newrst_apple_iphone_8_plus_64gb_gold;Apple iPhone 8 Plus 64Gb Gold;Гарантия 1 год. Оплата: в кредит, наличными, по карте.;true
1000925744;true;56300;RUR;Все товары/Электроника/Телефоны/Мобильные телефоны;https://raw.githubusercontent.com/bav735/iSPARK/master/images/Apple/iPhone/8/Plus/Silver/img.jpg;http://ispark.info/product/smartfon_newrst_apple_iphone_8_plus_64gb_silver;Apple iPhone 8 Plus 64Gb Silver;Гарантия 1 год. Оплата: в кредит, наличными, по карте.;true
750991061;true;56300;RUR;Все товары/Электроника/Телефоны/Мобильные телефоны;https://raw.githubusercontent.com/bav735/iSPARK/master/images/Apple/iPhone/8/Plus/SpaceGray/img.jpg;http://ispark.info/product/smartfon_newrst_apple_iphone_8_plus_64gb_space_gray;Apple iPhone 8 Plus 64Gb Space Gray;Гарантия 1 год. Оплата: в кредит, наличными, по карте.;true
1395031536;true;68800;RUR;Все товары/Электроника/Телефоны/Мобильные телефоны;https://raw.githubusercontent.com/bav735/iSPARK/master/images/Apple/iPhone/8/Plus/Gold/img.jpg;http://ispark.info/product/smartfon_newrst_apple_iphone_8_plus_256gb_gold;Apple iPhone 8 Plus 256Gb Gold;Гарантия 1 год. Оплата: в кредит, наличными, по карте.;true
1804870534;true;68800;RUR;Все товары/Электроника/Телефоны/Мобильные телефоны;https://raw.githubusercontent.com/bav735/iSPARK/master/images/Apple/iPhone/8/Plus/Silver/img.jpg;http://ispark.info/product/smartfon_newrst_apple_iphone_8_plus_256gb_silver;Apple iPhone 8 Plus 256Gb Silver;Гарантия 1 год. Оплата: в кредит, наличными, по карте.;true
87276677;true;68800;RUR;Все товары/Электроника/Телефоны/Мобильные телефоны;https://raw.githubusercontent.com/bav735/iSPARK/master/images/Apple/iPhone/8/Plus/SpaceGray/img.jpg;http://ispark.info/product/smartfon_newrst_apple_iphone_8_plus_256gb_space_gray;Apple iPhone 8 Plus 256Gb Space Gray;Гарантия 1 год. Оплата: в кредит, наличными, по карте.;true
1867005089;true;47500;RUR;Все товары/Электроника/Телефоны/Мобильные телефоны;https://raw.githubusercontent.com/bav735/iSPARK/master/images/Apple/iPhone/8/Gold/img.jpg;http://ispark.info/product/smartfon_newrst_apple_iphone_8_64gb_gold;Apple iPhone 8 64Gb Gold;Гарантия 1 год. Оплата: в кредит, наличными, по карте.;true
896981672;true;47500;RUR;Все товары/Электроника/Телефоны/Мобильные телефоны;https://raw.githubusercontent.com/bav735/iSPARK/master/images/Apple/iPhone/8/Silver/img.jpg;http://ispark.info/product/smartfon_newrst_apple_iphone_8_64gb_silver;Apple iPhone 8 64Gb Silver;Гарантия 1 год. Оплата: в кредит, наличными, по карте.;true
262071339;true;47500;RUR;Все товары/Электроника/Телефоны/Мобильные телефоны;https://raw.githubusercontent.com/bav735/iSPARK/master/images/Apple/iPhone/8/SpaceGray/img.jpg;http://ispark.info/product/smartfon_newrst_apple_iphone_8_64gb_space_gray;Apple iPhone 8 64Gb Space Gray;Гарантия 1 год. Оплата: в кредит, наличными, по карте.;true
1644881567;true;58600;RUR;Все товары/Электроника/Телефоны/Мобильные телефоны;https://raw.githubusercontent.com/bav735/iSPARK/master/images/Apple/iPhone/8/Gold/img.jpg;http://ispark.info/product/smartfon_newrst_apple_iphone_8_256gb_gold;Apple iPhone 8 256Gb Gold;Гарантия 1 год. Оплата: в кредит, наличными, по карте.;true
1413045188;true;58600;RUR;Все товары/Электроника/Телефоны/Мобильные телефоны;https://raw.githubusercontent.com/bav735/iSPARK/master/images/Apple/iPhone/8/Silver/img.jpg;http://ispark.info/product/smartfon_newrst_apple_iphone_8_256gb_silver;Apple iPhone 8 256Gb Silver;Гарантия 1 год. Оплата: в кредит, наличными, по карте.;true
1474464715;true;58600;RUR;Все товары/Электроника/Телефоны/Мобильные телефоны;https://raw.githubusercontent.com/bav735/iSPARK/master/images/Apple/iPhone/8/SpaceGray/img.jpg;http://ispark.info/product/smartfon_newrst_apple_iphone_8_256gb_space_gray;Apple iPhone 8 256Gb Space Gray;Гарантия 1 год. Оплата: в кредит, наличными, по карте.;true
1449540307;true;12700;RUR;Все товары/Электроника/Телефоны/Мобильные телефоны;https://raw.githubusercontent.com/bav735/iSPARK/master/images/Xiaomi/Redmi/5/Plus/Black/img.jpg;http://ispark.info/product/smartfon_newest_xiaomi_redmi_5_plus_64gb_black;Xiaomi Redmi 5 Plus 64Gb Black;Гарантия 1 год. Оплата: в кредит, наличными, по карте.;false
651195025;true;12700;RUR;Все товары/Электроника/Телефоны/Мобильные телефоны;https://raw.githubusercontent.com/bav735/iSPARK/master/images/Xiaomi/Redmi/5/Plus/Gold/img.jpg;http://ispark.info/product/smartfon_newest_xiaomi_redmi_5_plus_64gb_gold;Xiaomi Redmi 5 Plus 64Gb Gold;Гарантия 1 год. Оплата: в кредит, наличными, по карте.;false
1652215196;true;11800;RUR;Все товары/Электроника/Телефоны/Мобильные телефоны;https://raw.githubusercontent.com/bav735/iSPARK/master/images/Xiaomi/Redmi/5/Plus/Black/img.jpg;http://ispark.info/product/smartfon_newest_xiaomi_redmi_5_plus_32gb_black;Xiaomi Redmi 5 Plus 32Gb Black;Гарантия 1 год. Оплата: в кредит, наличными, по карте.;false
451509887;true;11800;RUR;Все товары/Электроника/Телефоны/Мобильные телефоны;https://raw.githubusercontent.com/bav735/iSPARK/master/images/Xiaomi/Redmi/5/Plus/Gold/img.jpg;http://ispark.info/product/smartfon_newest_xiaomi_redmi_5_plus_32gb_gold;Xiaomi Redmi 5 Plus 32Gb Gold;Гарантия 1 год. Оплата: в кредит, наличными, по карте.;false
1193931511;true;10700;RUR;Все товары/Электроника/Телефоны/Мобильные телефоны;https://raw.githubusercontent.com/bav735/iSPARK/master/images/Xiaomi/Redmi/Note/5A/Gold/img.jpg;http://ispark.info/product/smartfon_newest_xiaomi_redmi_note_5a_32gb_gold;Xiaomi Redmi Note 5A 32Gb Gold;Гарантия 1 год. Оплата: в кредит, наличными, по карте.;false
1990706840;true;10700;RUR;Все товары/Электроника/Телефоны/Мобильные телефоны;https://raw.githubusercontent.com/bav735/iSPARK/master/images/Xiaomi/Redmi/Note/5A/Gray/img.jpg;http://ispark.info/product/smartfon_newest_xiaomi_redmi_note_5a_32gb_gray;Xiaomi Redmi Note 5A 32Gb Gray;Гарантия 1 год. Оплата: в кредит, наличными, по карте.;false
1859418564;true;8300;RUR;Все товары/Электроника/Телефоны/Мобильные телефоны;https://raw.githubusercontent.com/bav735/iSPARK/master/images/Xiaomi/Redmi/Note/5A/Gold/img.jpg;http://ispark.info/product/smartfon_newest_xiaomi_redmi_note_5a_16gb_gold;Xiaomi Redmi Note 5A 16Gb Gold;Гарантия 1 год. Оплата: в кредит, наличными, по карте.;false
1807824339;true;8300;RUR;Все товары/Электроника/Телефоны/Мобильные телефоны;https://raw.githubusercontent.com/bav735/iSPARK/master/images/Xiaomi/Redmi/Note/5A/Gray/img.jpg;http://ispark.info/product/smartfon_newest_xiaomi_redmi_note_5a_16gb_gray;Xiaomi Redmi Note 5A 16Gb Gray;Гарантия 1 год. Оплата: в кредит, наличными, по карте.;false
1573750045;true;11600;RUR;Все товары/Электроника/Телефоны/Мобильные телефоны;https://raw.githubusercontent.com/bav735/iSPARK/master/images/Xiaomi/Redmi/Note/5A/Gold/img.jpg;http://ispark.info/product/smartfon_newest_xiaomi_redmi_note_5a_64gb_gold;Xiaomi Redmi Note 5A 64Gb Gold;Гарантия 1 год. Оплата: в кредит, наличными, по карте.;false
883759009;true;11600;RUR;Все товары/Электроника/Телефоны/Мобильные телефоны;https://raw.githubusercontent.com/bav735/iSPARK/master/images/Xiaomi/Redmi/Note/5A/Gray/img.jpg;http://ispark.info/product/smartfon_newest_xiaomi_redmi_note_5a_64gb_gray;Xiaomi Redmi Note 5A 64Gb Gray;Гарантия 1 год. Оплата: в кредит, наличными, по карте.;false
1014531679;true;10200;RUR;Все товары/Электроника/Телефоны/Мобильные телефоны;https://raw.githubusercontent.com/bav735/iSPARK/master/images/Xiaomi/Redmi/5/Black/img.jpg;http://ispark.info/product/smartfon_newest_xiaomi_redmi_5_32gb_black;Xiaomi Redmi 5 32Gb Black;Гарантия 1 год. Оплата: в кредит, наличными, по карте.;false
1788647261;true;10200;RUR;Все товары/Электроника/Телефоны/Мобильные телефоны;https://raw.githubusercontent.com/bav735/iSPARK/master/images/Xiaomi/Redmi/5/Gold/img.jpg;http://ispark.info/product/smartfon_newest_xiaomi_redmi_5_32gb_gold;Xiaomi Redmi 5 32Gb Gold;Гарантия 1 год. Оплата: в кредит, наличными, по карте.;false
784644623;true;9400;RUR;Все товары/Электроника/Телефоны/Мобильные телефоны;https://raw.githubusercontent.com/bav735/iSPARK/master/images/Xiaomi/Redmi/5/Black/img.jpg;http://ispark.info/product/smartfon_newest_xiaomi_redmi_5_16gb_black;Xiaomi Redmi 5 16Gb Black;Гарантия 1 год. Оплата: в кредит, наличными, по карте.;false
1216642262;true;9400;RUR;Все товары/Электроника/Телефоны/Мобильные телефоны;https://raw.githubusercontent.com/bav735/iSPARK/master/images/Xiaomi/Redmi/5/Gold/img.jpg;http://ispark.info/product/smartfon_newest_xiaomi_redmi_5_16gb_gold;Xiaomi Redmi 5 16Gb Gold;Гарантия 1 год. Оплата: в кредит, наличными, по карте.;false
643485888;true;10300;RUR;Все товары/Электроника/Телефоны/Мобильные телефоны;https://raw.githubusercontent.com/bav735/iSPARK/master/images/Xiaomi/Redmi/Note/4X/Black/img.jpg;http://ispark.info/product/smartfon_newest_xiaomi_redmi_note_4x_32gb_black;Xiaomi Redmi Note 4X 32Gb Black;Гарантия 1 год. Оплата: в кредит, наличными, по карте.;false
207741260;true;10300;RUR;Все товары/Электроника/Телефоны/Мобильные телефоны;https://raw.githubusercontent.com/bav735/iSPARK/master/images/Xiaomi/Redmi/Note/4X/Gold/img.jpg;http://ispark.info/product/smartfon_newest_xiaomi_redmi_note_4x_32gb_gold;Xiaomi Redmi Note 4X 32Gb Gold;Гарантия 1 год. Оплата: в кредит, наличными, по карте.;false
91758471;true;10300;RUR;Все товары/Электроника/Телефоны/Мобильные телефоны;https://raw.githubusercontent.com/bav735/iSPARK/master/images/Xiaomi/Redmi/Note/4X/Gray/img.jpg;http://ispark.info/product/smartfon_newest_xiaomi_redmi_note_4x_32gb_gray;Xiaomi Redmi Note 4X 32Gb Gray;Гарантия 1 год. Оплата: в кредит, наличными, по карте.;false
764976909;true;10300;RUR;Все товары/Электроника/Телефоны/Мобильные телефоны;https://raw.githubusercontent.com/bav735/iSPARK/master/images/Xiaomi/Redmi/Note/4X/Pink/img.jpg;http://ispark.info/product/smartfon_newest_xiaomi_redmi_note_4x_32gb_pink;Xiaomi Redmi Note 4X 32Gb Pink;Гарантия 1 год. Оплата: в кредит, наличными, по карте.;false
1497894368;true;9900;RUR;Все товары/Электроника/Телефоны/Мобильные телефоны;https://raw.githubusercontent.com/bav735/iSPARK/master/images/Xiaomi/Redmi/Note/4X/Black/img.jpg;http://ispark.info/product/smartfon_newest_xiaomi_redmi_note_4x_16gb_black;Xiaomi Redmi Note 4X 16Gb Black;Гарантия 1 год. Оплата: в кредит, наличными, по карте.;false
1497253897;true;9900;RUR;Все товары/Электроника/Телефоны/Мобильные телефоны;https://raw.githubusercontent.com/bav735/iSPARK/master/images/Xiaomi/Redmi/Note/4X/Gold/img.jpg;http://ispark.info/product/smartfon_newest_xiaomi_redmi_note_4x_16gb_gold;Xiaomi Redmi Note 4X 16Gb Gold;Гарантия 1 год. Оплата: в кредит, наличными, по карте.;false
1305807044;true;9900;RUR;Все товары/Электроника/Телефоны/Мобильные телефоны;https://raw.githubusercontent.com/bav735/iSPARK/master/images/Xiaomi/Redmi/Note/4X/Gray/img.jpg;http://ispark.info/product/smartfon_newest_xiaomi_redmi_note_4x_16gb_gray;Xiaomi Redmi Note 4X 16Gb Gray;Гарантия 1 год. Оплата: в кредит, наличными, по карте.;false
35656478;true;9900;RUR;Все товары/Электроника/Телефоны/Мобильные телефоны;https://raw.githubusercontent.com/bav735/iSPARK/master/images/Xiaomi/Redmi/Note/4X/Pink/img.jpg;http://ispark.info/product/smartfon_newest_xiaomi_redmi_note_4x_16gb_pink;Xiaomi Redmi Note 4X 16Gb Pink;Гарантия 1 год. Оплата: в кредит, наличными, по карте.;false
761035615;true;12900;RUR;Все товары/Электроника/Телефоны/Мобильные телефоны;https://raw.githubusercontent.com/bav735/iSPARK/master/images/Xiaomi/Redmi/Note/4X/Black/img.jpg;http://ispark.info/product/smartfon_newest_xiaomi_redmi_note_4x_64gb_black;Xiaomi Redmi Note 4X 64Gb Black;Гарантия 1 год. Оплата: в кредит, наличными, по карте.;false
1570398348;true;12900;RUR;Все товары/Электроника/Телефоны/Мобильные телефоны;https://raw.githubusercontent.com/bav735/iSPARK/master/images/Xiaomi/Redmi/Note/4X/Gold/img.jpg;http://ispark.info/product/smartfon_newest_xiaomi_redmi_note_4x_64gb_gold;Xiaomi Redmi Note 4X 64Gb Gold;Гарантия 1 год. Оплата: в кредит, наличными, по карте.;false
1084912020;true;12900;RUR;Все товары/Электроника/Телефоны/Мобильные телефоны;https://raw.githubusercontent.com/bav735/iSPARK/master/images/Xiaomi/Redmi/Note/4X/Gray/img.jpg;http://ispark.info/product/smartfon_newest_xiaomi_redmi_note_4x_64gb_gray;Xiaomi Redmi Note 4X 64Gb Gray;Гарантия 1 год. Оплата: в кредит, наличными, по карте.;false
807946871;true;12900;RUR;Все товары/Электроника/Телефоны/Мобильные телефоны;https://raw.githubusercontent.com/bav735/iSPARK/master/images/Xiaomi/Redmi/Note/4X/Pink/img.jpg;http://ispark.info/product/smartfon_newest_xiaomi_redmi_note_4x_64gb_pink;Xiaomi Redmi Note 4X 64Gb Pink;Гарантия 1 год. Оплата: в кредит, наличными, по карте.;false




1066600671;true;7400;RUR;Все товары/Электроника/Телефоны/Мобильные телефоны;https://raw.githubusercontent.com/bav735/iSPARK/master/images/Xiaomi/Redmi/4A/DarkGray/img.jpg;http://ispark.info/product/smartfon_newest_xiaomi_redmi_4a_16gb_dark_gray;Xiaomi Redmi 4A 16Gb Dark Gray;Гарантия 1 год. Оплата: в кредит, наличными, по карте.;false
1319059446;true;7400;RUR;Все товары/Электроника/Телефоны/Мобильные телефоны;https://raw.githubusercontent.com/bav735/iSPARK/master/images/Xiaomi/Redmi/4A/Gold/img.jpg;http://ispark.info/product/smartfon_newest_xiaomi_redmi_4a_16gb_gold;Xiaomi Redmi 4A 16Gb Gold;Гарантия 1 год. Оплата: в кредит, наличными, по карте.;false
554085359;true;7400;RUR;Все товары/Электроника/Телефоны/Мобильные телефоны;https://raw.githubusercontent.com/bav735/iSPARK/master/images/Xiaomi/Redmi/4A/RoseGold/img.jpg;http://ispark.info/product/smartfon_newest_xiaomi_redmi_4a_16gb_rose_gold;Xiaomi Redmi 4A 16Gb Rose Gold;Гарантия 1 год. Оплата: в кредит, наличными, по карте.;false
1046829991;true;7400;RUR;Все товары/Электроника/Телефоны/Мобильные телефоны;https://raw.githubusercontent.com/bav735/iSPARK/master/images/Xiaomi/Redmi/4A/White/img.jpg;http://ispark.info/product/smartfon_newest_xiaomi_redmi_4a_16gb_white;Xiaomi Redmi 4A 16Gb White;Гарантия 1 год. Оплата: в кредит, наличными, по карте.;false
467322342;true;9900;RUR;Все товары/Электроника/Телефоны/Мобильные телефоны;https://raw.githubusercontent.com/bav735/iSPARK/master/images/Xiaomi/Redmi/4X/Black/img.jpg;http://ispark.info/product/smartfon_newest_xiaomi_redmi_4x_32gb_black;Xiaomi Redmi 4X 32Gb Black;Гарантия 1 год. Оплата: в кредит, наличными, по карте.;false
662141600;true;9900;RUR;Все товары/Электроника/Телефоны/Мобильные телефоны;https://raw.githubusercontent.com/bav735/iSPARK/master/images/Xiaomi/Redmi/4X/Gold/img.jpg;http://ispark.info/product/smartfon_newest_xiaomi_redmi_4x_32gb_gold;Xiaomi Redmi 4X 32Gb Gold;Гарантия 1 год. Оплата: в кредит, наличными, по карте.;false
1543265445;true;9900;RUR;Все товары/Электроника/Телефоны/Мобильные телефоны;https://raw.githubusercontent.com/bav735/iSPARK/master/images/Xiaomi/Redmi/4X/Pink/img.jpg;http://ispark.info/product/smartfon_newest_xiaomi_redmi_4x_32gb_pink;Xiaomi Redmi 4X 32Gb Pink;Гарантия 1 год. Оплата: в кредит, наличными, по карте.;false
1032651677;true;9900;RUR;Все товары/Электроника/Телефоны/Мобильные телефоны;https://raw.githubusercontent.com/bav735/iSPARK/master/images/Xiaomi/Redmi/4X/White/img.jpg;http://ispark.info/product/smartfon_newest_xiaomi_redmi_4x_32gb_white;Xiaomi Redmi 4X 32Gb White;Гарантия 1 год. Оплата: в кредит, наличными, по карте.;false
1462531941;true;8500;RUR;Все товары/Электроника/Телефоны/Мобильные телефоны;https://raw.githubusercontent.com/bav735/iSPARK/master/images/Xiaomi/Redmi/4X/Black/img.jpg;http://ispark.info/product/smartfon_newest_xiaomi_redmi_4x_16gb_black;Xiaomi Redmi 4X 16Gb Black;Гарантия 1 год. Оплата: в кредит, наличными, по карте.;false
1293644674;true;8500;RUR;Все товары/Электроника/Телефоны/Мобильные телефоны;https://raw.githubusercontent.com/bav735/iSPARK/master/images/Xiaomi/Redmi/4X/Gold/img.jpg;http://ispark.info/product/smartfon_newest_xiaomi_redmi_4x_16gb_gold;Xiaomi Redmi 4X 16Gb Gold;Гарантия 1 год. Оплата: в кредит, наличными, по карте.;false
251782286;true;8500;RUR;Все товары/Электроника/Телефоны/Мобильные телефоны;https://raw.githubusercontent.com/bav735/iSPARK/master/images/Xiaomi/Redmi/4X/Pink/img.jpg;http://ispark.info/product/smartfon_newest_xiaomi_redmi_4x_16gb_pink;Xiaomi Redmi 4X 16Gb Pink;Гарантия 1 год. Оплата: в кредит, наличными, по карте.;false
1906382046;true;8500;RUR;Все товары/Электроника/Телефоны/Мобильные телефоны;https://raw.githubusercontent.com/bav735/iSPARK/master/images/Xiaomi/Redmi/4X/White/img.jpg;http://ispark.info/product/smartfon_newest_xiaomi_redmi_4x_16gb_white;Xiaomi Redmi 4X 16Gb White;Гарантия 1 год. Оплата: в кредит, наличными, по карте.;false
203435016;true;44000;RUR;Все товары/Электроника/Телефоны/Мобильные телефоны;https://raw.githubusercontent.com/bav735/iSPARK/master/images/Samsung/Galaxy/S9/Gray/img.jpg;http://ispark.info/product/smartfon_newest_samsung_galaxy_s9_64gb_gray;Samsung Galaxy S9 64Gb Gray;Гарантия 1 год. Оплата: в кредит, наличными, по карте.;false
459510030;true;44000;RUR;Все товары/Электроника/Телефоны/Мобильные телефоны;https://raw.githubusercontent.com/bav735/iSPARK/master/images/Samsung/Galaxy/S9/LilacPurple/img.jpg;http://ispark.info/product/smartfon_newest_samsung_galaxy_s9_64gb_lilac_purple;Samsung Galaxy S9 64Gb Lilac Purple;Гарантия 1 год. Оплата: в кредит, наличными, по карте.;false
1530295016;true;44000;RUR;Все товары/Электроника/Телефоны/Мобильные телефоны;https://raw.githubusercontent.com/bav735/iSPARK/master/images/Samsung/Galaxy/S9/MidnightBlack/img.jpg;http://ispark.info/product/smartfon_newest_samsung_galaxy_s9_64gb_midnight_black;Samsung Galaxy S9 64Gb Midnight Black;Гарантия 1 год. Оплата: в кредит, наличными, по карте.;false
1582105083;true;42400;RUR;Все товары/Электроника/Телефоны/Мобильные телефоны;https://raw.githubusercontent.com/bav735/iSPARK/master/images/Samsung/Galaxy/Note/8/BlueSapphire/img.jpg;http://ispark.info/product/smartfon_newest_samsung_galaxy_note_8_64gb_blue_sapphire;Samsung Galaxy Note 8 64Gb Blue Sapphire;Гарантия 1 год. Оплата: в кредит, наличными, по карте.;false
1581143769;true;42400;RUR;Все товары/Электроника/Телефоны/Мобильные телефоны;https://raw.githubusercontent.com/bav735/iSPARK/master/images/Samsung/Galaxy/Note/8/MapleGold/img.jpg;http://ispark.info/product/smartfon_newest_samsung_galaxy_note_8_64gb_maple_gold;Samsung Galaxy Note 8 64Gb Maple Gold;Гарантия 1 год. Оплата: в кредит, наличными, по карте.;false
1885287817;true;42400;RUR;Все товары/Электроника/Телефоны/Мобильные телефоны;https://raw.githubusercontent.com/bav735/iSPARK/master/images/Samsung/Galaxy/Note/8/MidnightBlack/img.jpg;http://ispark.info/product/smartfon_newest_samsung_galaxy_note_8_64gb_midnight_black;Samsung Galaxy Note 8 64Gb Midnight Black;Гарантия 1 год. Оплата: в кредит, наличными, по карте.;false
1867358808;true;50400;RUR;Все товары/Электроника/Телефоны/Мобильные телефоны;https://raw.githubusercontent.com/bav735/iSPARK/master/images/Samsung/Galaxy/S9/Plus/Gray/img.jpg;http://ispark.info/product/smartfon_newest_samsung_galaxy_s9_plus_64gb_gray;Samsung Galaxy S9 Plus 64Gb Gray;Гарантия 1 год. Оплата: в кредит, наличными, по карте.;false
1878888858;true;50400;RUR;Все товары/Электроника/Телефоны/Мобильные телефоны;https://raw.githubusercontent.com/bav735/iSPARK/master/images/Samsung/Galaxy/S9/Plus/LilacPurple/img.jpg;http://ispark.info/product/smartfon_newest_samsung_galaxy_s9_plus_64gb_lilac_purple;Samsung Galaxy S9 Plus 64Gb Lilac Purple;Гарантия 1 год. Оплата: в кредит, наличными, по карте.;false
633215638;true;50400;RUR;Все товары/Электроника/Телефоны/Мобильные телефоны;https://raw.githubusercontent.com/bav735/iSPARK/master/images/Samsung/Galaxy/S9/Plus/MidnightBlack/img.jpg;http://ispark.info/product/smartfon_newest_samsung_galaxy_s9_plus_64gb_midnight_black;Samsung Galaxy S9 Plus 64Gb Midnight Black;Гарантия 1 год. Оплата: в кредит, наличными, по карте.;false
115442699;true;36900;RUR;Все товары/Электроника/Телефоны/Мобильные телефоны;https://raw.githubusercontent.com/bav735/iSPARK/master/images/Samsung/Galaxy/S8/Plus/ArcticSilver/img.jpg;http://ispark.info/product/smartfon_newest_samsung_galaxy_s8_plus_64gb_arctic_silver;Samsung Galaxy S8 Plus 64Gb Arctic Silver;Гарантия 1 год. Оплата: в кредит, наличными, по карте.;false
29447412;true;36900;RUR;Все товары/Электроника/Телефоны/Мобильные телефоны;https://raw.githubusercontent.com/bav735/iSPARK/master/images/Samsung/Galaxy/S8/Plus/CoralBlue/img.jpg;http://ispark.info/product/smartfon_newest_samsung_galaxy_s8_plus_64gb_coral_blue;Samsung Galaxy S8 Plus 64Gb Coral Blue;Гарантия 1 год. Оплата: в кредит, наличными, по карте.;false
84846578;true;36900;RUR;Все товары/Электроника/Телефоны/Мобильные телефоны;https://raw.githubusercontent.com/bav735/iSPARK/master/images/Samsung/Galaxy/S8/Plus/MapleGold/img.jpg;http://ispark.info/product/smartfon_newest_samsung_galaxy_s8_plus_64gb_maple_gold;Samsung Galaxy S8 Plus 64Gb Maple Gold;Гарантия 1 год. Оплата: в кредит, наличными, по карте.;false
687068418;true;36900;RUR;Все товары/Электроника/Телефоны/Мобильные телефоны;https://raw.githubusercontent.com/bav735/iSPARK/master/images/Samsung/Galaxy/S8/Plus/MidnightBlack/img.jpg;http://ispark.info/product/smartfon_newest_samsung_galaxy_s8_plus_64gb_midnight_black;Samsung Galaxy S8 Plus 64Gb Midnight Black;Гарантия 1 год. Оплата: в кредит, наличными, по карте.;false
772237647;true;36900;RUR;Все товары/Электроника/Телефоны/Мобильные телефоны;https://raw.githubusercontent.com/bav735/iSPARK/master/images/Samsung/Galaxy/S8/Plus/OrchidGray/img.jpg;http://ispark.info/product/smartfon_newest_samsung_galaxy_s8_plus_64gb_orchid_gray;Samsung Galaxy S8 Plus 64Gb Orchid Gray;Гарантия 1 год. Оплата: в кредит, наличными, по карте.;false
1569688135;true;36900;RUR;Все товары/Электроника/Телефоны/Мобильные телефоны;https://raw.githubusercontent.com/bav735/iSPARK/master/images/Samsung/Galaxy/S8/Plus/RosePink/img.jpg;http://ispark.info/product/smartfon_newest_samsung_galaxy_s8_plus_64gb_rose_pink;Samsung Galaxy S8 Plus 64Gb Rose Pink;Гарантия 1 год. Оплата: в кредит, наличными, по карте.;false
739870384;true;34700;RUR;Все товары/Электроника/Телефоны/Мобильные телефоны;https://raw.githubusercontent.com/bav735/iSPARK/master/images/Samsung/Galaxy/S8/ArcticSilver/img.jpg;http://ispark.info/product/smartfon_newest_samsung_galaxy_s8_64gb_arctic_silver;Samsung Galaxy S8 64Gb Arctic Silver;Гарантия 1 год. Оплата: в кредит, наличными, по карте.;false
641499329;true;34700;RUR;Все товары/Электроника/Телефоны/Мобильные телефоны;https://raw.githubusercontent.com/bav735/iSPARK/master/images/Samsung/Galaxy/S8/CoralBlue/img.jpg;http://ispark.info/product/smartfon_newest_samsung_galaxy_s8_64gb_coral_blue;Samsung Galaxy S8 64Gb Coral Blue;Гарантия 1 год. Оплата: в кредит, наличными, по карте.;false
358421579;true;34700;RUR;Все товары/Электроника/Телефоны/Мобильные телефоны;https://raw.githubusercontent.com/bav735/iSPARK/master/images/Samsung/Galaxy/S8/MapleGold/img.jpg;http://ispark.info/product/smartfon_newest_samsung_galaxy_s8_64gb_maple_gold;Samsung Galaxy S8 64Gb Maple Gold;Гарантия 1 год. Оплата: в кредит, наличными, по карте.;false
1750338979;true;34700;RUR;Все товары/Электроника/Телефоны/Мобильные телефоны;https://raw.githubusercontent.com/bav735/iSPARK/master/images/Samsung/Galaxy/S8/MidnightBlack/img.jpg;http://ispark.info/product/smartfon_newest_samsung_galaxy_s8_64gb_midnight_black;Samsung Galaxy S8 64Gb Midnight Black;Гарантия 1 год. Оплата: в кредит, наличными, по карте.;false
1880655579;true;34700;RUR;Все товары/Электроника/Телефоны/Мобильные телефоны;https://raw.githubusercontent.com/bav735/iSPARK/master/images/Samsung/Galaxy/S8/OrchidGray/img.jpg;http://ispark.info/product/smartfon_newest_samsung_galaxy_s8_64gb_orchid_gray;Samsung Galaxy S8 64Gb Orchid Gray;Гарантия 1 год. Оплата: в кредит, наличными, по карте.;false
1697512988;true;39600;RUR;Все товары/Электроника/Телефоны/Мобильные телефоны;https://raw.githubusercontent.com/bav735/iSPARK/master/images/Xiaomi/Mi/Mix/2/Black/img.jpg;http://ispark.info/product/smartfon_newest_xiaomi_mi_mix_2_128gb_black;Xiaomi Mi Mix 2 128Gb Black;Гарантия 1 год. Оплата: в кредит, наличными, по карте.;false
189657170;true;14900;RUR;Все товары/Электроника/Телефоны/Мобильные телефоны;https://raw.githubusercontent.com/bav735/iSPARK/master/images/Xiaomi/Mi/5X/Black/img.jpg;http://ispark.info/product/smartfon_newest_xiaomi_mi_5x_64gb_black;Xiaomi Mi 5X 64Gb Black;Гарантия 1 год. Оплата: в кредит, наличными, по карте.;false
1189107683;true;14900;RUR;Все товары/Электроника/Телефоны/Мобильные телефоны;https://raw.githubusercontent.com/bav735/iSPARK/master/images/Xiaomi/Mi/5X/Gold/img.jpg;http://ispark.info/product/smartfon_newest_xiaomi_mi_5x_64gb_gold;Xiaomi Mi 5X 64Gb Gold;Гарантия 1 год. Оплата: в кредит, наличными, по карте.;false
1145728129;true;24800;RUR;Все товары/Электроника/Телефоны/Мобильные телефоны;https://raw.githubusercontent.com/bav735/iSPARK/master/images/Xiaomi/Mi/Mi6/Black/img.jpg;http://ispark.info/product/smartfon_newest_xiaomi_mi_mi6_64gb_black;Xiaomi Mi Mi6 64Gb Black;Гарантия 1 год. Оплата: в кредит, наличными, по карте.;false
1382137710;true;24800;RUR;Все товары/Электроника/Телефоны/Мобильные телефоны;https://raw.githubusercontent.com/bav735/iSPARK/master/images/Xiaomi/Mi/Mi6/Blue/img.jpg;http://ispark.info/product/smartfon_newest_xiaomi_mi_mi6_64gb_blue;Xiaomi Mi Mi6 64Gb Blue;Гарантия 1 год. Оплата: в кредит, наличными, по карте.;false
625572732;true;24800;RUR;Все товары/Электроника/Телефоны/Мобильные телефоны;https://raw.githubusercontent.com/bav735/iSPARK/master/images/Xiaomi/Mi/Mi6/CeramicBlack/img.jpg;http://ispark.info/product/smartfon_newest_xiaomi_mi_mi6_64gb_ceramic_black;Xiaomi Mi Mi6 64Gb Ceramic Black;Гарантия 1 год. Оплата: в кредит, наличными, по карте.;false
1351271381;true;24800;RUR;Все товары/Электроника/Телефоны/Мобильные телефоны;https://raw.githubusercontent.com/bav735/iSPARK/master/images/Xiaomi/Mi/Mi6/White/img.jpg;http://ispark.info/product/smartfon_newest_xiaomi_mi_mi6_64gb_white;Xiaomi Mi Mi6 64Gb White;Гарантия 1 год. Оплата: в кредит, наличными, по карте.;false
1438012547;true;61800;RUR;Все товары/Компьютерная техника/Компьютеры/Промышленные компьютеры;https://raw.githubusercontent.com/bav735/iSPARK/master/images/Asic/Antminer/S9i/img.jpg;http://ispark.info/product/mayner_asic_antminer_s9i_14th_s;Asic Antminer S9i 14TH/s;Оплата: в кредит, наличными, по карте.;true
440614049;true;60700;RUR;Все товары/Компьютерная техника/Компьютеры/Промышленные компьютеры;https://raw.githubusercontent.com/bav735/iSPARK/master/images/Asic/Antminer/S9i/img.jpg;http://ispark.info/product/mayner_asic_antminer_s9i_13_5th_s;Asic Antminer S9i 13.5TH/s;Оплата: в кредит, наличными, по карте.;true
648966758;true;57300;RUR;Все товары/Компьютерная техника/Компьютеры/Промышленные компьютеры;https://raw.githubusercontent.com/bav735/iSPARK/master/images/Asic/Antminer/S9/img.jpg;http://ispark.info/product/mayner_asic_antminer_s9_13_5th_s;Asic Antminer S9 13.5TH/s;Оплата: в кредит, наличными, по карте.;true
888800184;true;40400;RUR;Все товары/Компьютерная техника/Компьютеры/Промышленные компьютеры;https://raw.githubusercontent.com/bav735/iSPARK/master/images/Asic/Antminer/L3%2B%2B/img.jpg;http://ispark.info/product/mayner_asic_antminer_l3plusplus_580mh_s;Asic Antminer L3++ 580MH/s;Оплата: в кредит, наличными, по карте.;true
1259147819;true;8900;RUR;Все товары/Компьютерная техника/Компьютеры/Промышленные компьютеры;https://raw.githubusercontent.com/bav735/iSPARK/master/images/Asic/Antminer/PSU/img.jpg;http://ispark.info/product/mayner_asic_antminer_psu_original;Asic Antminer PSU original;Оплата: в кредит, наличными, по карте.;true
1692174032;true;40400;RUR;Все товары/Компьютерная техника/Компьютеры/Промышленные компьютеры;https://raw.githubusercontent.com/bav735/iSPARK/master/images/Asic/Antminer/D3/img.jpg;http://ispark.info/product/mayner_asic_antminer_d3_17gh_s;Asic Antminer D3 17GH/s;Оплата: в кредит, наличными, по карте.;true
1739034347;true;141700;RUR;Все товары/Компьютерная техника/Компьютеры/Промышленные компьютеры;https://raw.githubusercontent.com/bav735/iSPARK/master/images/Baikal/Miner/X10/img.jpg;http://ispark.info/product/mayner_baikal_miner_x10_10gh_s;Baikal Miner X10 10GH/s;Оплата: в кредит, наличными, по карте.;true
