"С гарантией NEW iPhone SE 32Gb A1723 Silver";"Уважаемый покупатель,
Добро пожаловать в магазин AMOLED

-> АКЦИЯ, аксессуар на выбор в ПОДАРОК за отзыв!

Мы всегда идем навстречу нашим покупателям и дорожим своей репутацией.
Гибкие возможности вашей покупки:
1) ОПЛАТА кредитной/дебетовой КАРТОЙ
2) ТРЕЙД-ИН, ОБМЕН старого телефона 
3) ДОСТАВКА ПО РФ через ТК CDEK
4) РАССРОЧКА, банки ОТП/Хоум-Кредит
5) ОПТ, ОПЛАТА ЧЕРЕЗ Р/С (для юрид лиц)
Опыт продаж в сфере цифровой электроники с 2009 года.

В нашем ассортименте оригинальный айфон 4/4s/5/5c/5s/6/6s/se/7/plus всех цветов и объемов памяти по лучшей цене в Казани!

NEW Apple iPhone SE 32Gb Silver = 20000 руб, ГАРАНТИЯ 1 ГОД (НОВЫЙ, НЕ РЕФ)

- цена действует при оплате полной стоимости товара наличными
- выдаем товарный чек и гарантийный талон, заверенные печатью
- количество товара ограничено, уточняйте актуальное наличие
- в заводской пленке, без следов эксплуатации, отличный подарок

-> Звоните: 10.00-20.00, ежедневно

У нас вы сможете наиболее выгодно и дешево купить интересующий вас гаджет или аксессуар!
Магазин AMOLED";"20000";"1.jpg,price404.jpg"
"С гарантией NEW iPhone SE 64Gb A1724 Silver";"Уважаемый покупатель,
Добро пожаловать в магазин AMOLED

-> АКЦИЯ, аксессуар на выбор в ПОДАРОК за отзыв!

Мы всегда идем навстречу нашим покупателям и дорожим своей репутацией.
Гибкие возможности вашей покупки:
1) ОПЛАТА кредитной/дебетовой КАРТОЙ
2) ТРЕЙД-ИН, ОБМЕН старого телефона 
3) ДОСТАВКА ПО РФ через ТК CDEK
4) РАССРОЧКА, банки ОТП/Хоум-Кредит
5) ОПТ, ОПЛАТА ЧЕРЕЗ Р/С (для юрид лиц)
Опыт продаж в сфере цифровой электроники с 2009 года.

В нашем ассортименте оригинальный айфон 4/4s/5/5c/5s/6/6s/se/7/plus всех цветов и объемов памяти по лучшей цене в Казани!

NEW Apple iPhone SE 64Gb Silver = 25000 руб, ГАРАНТИЯ 1 ГОД (НОВЫЙ, НЕ РЕФ)

- цена действует при оплате полной стоимости товара наличными
- выдаем товарный чек и гарантийный талон, заверенные печатью
- количество товара ограничено, уточняйте актуальное наличие
- в заводской пленке, без следов эксплуатации, отличный подарок

-> Звоните: 10.00-20.00, ежедневно

У нас вы сможете наиболее выгодно и дешево купить интересующий вас гаджет или аксессуар!
Магазин AMOLED";"25000";"2.jpg,price405.jpg"
"С гарантией NEW iPhone SE 32Gb A1723 Gold Магазин";"Уважаемый покупатель,
Добро пожаловать в магазин AMOLED

-> АКЦИЯ, аксессуар на выбор в ПОДАРОК за отзыв!

Мы всегда идем навстречу нашим покупателям и дорожим своей репутацией.
Гибкие возможности вашей покупки:
1) ОПЛАТА кредитной/дебетовой КАРТОЙ
2) ТРЕЙД-ИН, ОБМЕН старого телефона 
3) ДОСТАВКА ПО РФ через ТК CDEK
4) РАССРОЧКА, банки ОТП/Хоум-Кредит
5) ОПТ, ОПЛАТА ЧЕРЕЗ Р/С (для юрид лиц)
Опыт продаж в сфере цифровой электроники с 2009 года.

В нашем ассортименте оригинальный айфон 4/4s/5/5c/5s/6/6s/se/7/plus всех цветов и объемов памяти по лучшей цене в Казани!

NEW Apple iPhone SE 32Gb Gold = 20000 руб, ГАРАНТИЯ 1 ГОД (НОВЫЙ, НЕ РЕФ)

- цена действует при оплате полной стоимости товара наличными
- выдаем товарный чек и гарантийный талон, заверенные печатью
- количество товара ограничено, уточняйте актуальное наличие
- в заводской пленке, без следов эксплуатации, отличный подарок

-> Звоните: 10.00-20.00, ежедневно

У нас вы сможете наиболее выгодно и дешево купить интересующий вас гаджет или аксессуар!
Магазин AMOLED";"20000";"3.jpg,price406.jpg"
"С гарантией NEW iPhone SE 16Gb A1724 Space Gray";"Уважаемый покупатель,
Добро пожаловать в магазин AMOLED

-> АКЦИЯ, аксессуар на выбор в ПОДАРОК за отзыв!

Мы всегда идем навстречу нашим покупателям и дорожим своей репутацией.
Гибкие возможности вашей покупки:
1) ОПЛАТА кредитной/дебетовой КАРТОЙ
2) ТРЕЙД-ИН, ОБМЕН старого телефона 
3) ДОСТАВКА ПО РФ через ТК CDEK
4) РАССРОЧКА, банки ОТП/Хоум-Кредит
5) ОПТ, ОПЛАТА ЧЕРЕЗ Р/С (для юрид лиц)
Опыт продаж в сфере цифровой электроники с 2009 года.

В нашем ассортименте оригинальный айфон 4/4s/5/5c/5s/6/6s/se/7/plus всех цветов и объемов памяти по лучшей цене в Казани!

NEW Apple iPhone SE 16Gb Space Gray = 19000 руб, ГАРАНТИЯ 1 ГОД (НОВЫЙ, НЕ РЕФ)

- цена действует при оплате полной стоимости товара наличными
- выдаем товарный чек и гарантийный талон, заверенные печатью
- количество товара ограничено, уточняйте актуальное наличие
- в заводской пленке, без следов эксплуатации, отличный подарок

-> Звоните: 10.00-20.00, ежедневно

У нас вы сможете наиболее выгодно и дешево купить интересующий вас гаджет или аксессуар!
Магазин AMOLED";"19000";"4.jpg,price407.jpg"
"С гарантией NEW iPhone SE 128Gb A1723 Silver";"Уважаемый покупатель,
Добро пожаловать в магазин AMOLED

-> АКЦИЯ, аксессуар на выбор в ПОДАРОК за отзыв!

Мы всегда идем навстречу нашим покупателям и дорожим своей репутацией.
Гибкие возможности вашей покупки:
1) ОПЛАТА кредитной/дебетовой КАРТОЙ
2) ТРЕЙД-ИН, ОБМЕН старого телефона 
3) ДОСТАВКА ПО РФ через ТК CDEK
4) РАССРОЧКА, банки ОТП/Хоум-Кредит
5) ОПТ, ОПЛАТА ЧЕРЕЗ Р/С (для юрид лиц)
Опыт продаж в сфере цифровой электроники с 2009 года.

В нашем ассортименте оригинальный айфон 4/4s/5/5c/5s/6/6s/se/7/plus всех цветов и объемов памяти по лучшей цене в Казани!

NEW Apple iPhone SE 128Gb Silver = 28000 руб, ГАРАНТИЯ 1 ГОД (НОВЫЙ, НЕ РЕФ)

- цена действует при оплате полной стоимости товара наличными
- выдаем товарный чек и гарантийный талон, заверенные печатью
- количество товара ограничено, уточняйте актуальное наличие
- в заводской пленке, без следов эксплуатации, отличный подарок

-> Звоните: 10.00-20.00, ежедневно

У нас вы сможете наиболее выгодно и дешево купить интересующий вас гаджет или аксессуар!
Магазин AMOLED";"28000";"5.jpg,price408.jpg"
"С гарантией NEW iPhone SE 64Gb A1724 Rose Gold";"Уважаемый покупатель,
Добро пожаловать в магазин AMOLED

-> АКЦИЯ, аксессуар на выбор в ПОДАРОК за отзыв!

Мы всегда идем навстречу нашим покупателям и дорожим своей репутацией.
Гибкие возможности вашей покупки:
1) ОПЛАТА кредитной/дебетовой КАРТОЙ
2) ТРЕЙД-ИН, ОБМЕН старого телефона 
3) ДОСТАВКА ПО РФ через ТК CDEK
4) РАССРОЧКА, банки ОТП/Хоум-Кредит
5) ОПТ, ОПЛАТА ЧЕРЕЗ Р/С (для юрид лиц)
Опыт продаж в сфере цифровой электроники с 2009 года.

В нашем ассортименте оригинальный айфон 4/4s/5/5c/5s/6/6s/se/7/plus всех цветов и объемов памяти по лучшей цене в Казани!

NEW Apple iPhone SE 64Gb Rose Gold = 25000 руб, ГАРАНТИЯ 1 ГОД (НОВЫЙ, НЕ РЕФ)

- цена действует при оплате полной стоимости товара наличными
- выдаем товарный чек и гарантийный талон, заверенные печатью
- количество товара ограничено, уточняйте актуальное наличие
- в заводской пленке, без следов эксплуатации, отличный подарок

-> Звоните: 10.00-20.00, ежедневно

У нас вы сможете наиболее выгодно и дешево купить интересующий вас гаджет или аксессуар!
Магазин AMOLED";"25000";"6.jpg,price409.jpg"
"С гарантией NEW iPhone SE 64Gb A1662 Silver";"Уважаемый покупатель,
Добро пожаловать в магазин AMOLED

-> АКЦИЯ, аксессуар на выбор в ПОДАРОК за отзыв!

Мы всегда идем навстречу нашим покупателям и дорожим своей репутацией.
Гибкие возможности вашей покупки:
1) ОПЛАТА кредитной/дебетовой КАРТОЙ
2) ТРЕЙД-ИН, ОБМЕН старого телефона 
3) ДОСТАВКА ПО РФ через ТК CDEK
4) РАССРОЧКА, банки ОТП/Хоум-Кредит
5) ОПТ, ОПЛАТА ЧЕРЕЗ Р/С (для юрид лиц)
Опыт продаж в сфере цифровой электроники с 2009 года.

В нашем ассортименте оригинальный айфон 4/4s/5/5c/5s/6/6s/se/7/plus всех цветов и объемов памяти по лучшей цене в Казани!

NEW Apple iPhone SE 64Gb Silver = 25000 руб, ГАРАНТИЯ 1 ГОД (НОВЫЙ, НЕ РЕФ)

- цена действует при оплате полной стоимости товара наличными
- выдаем товарный чек и гарантийный талон, заверенные печатью
- количество товара ограничено, уточняйте актуальное наличие
- в заводской пленке, без следов эксплуатации, отличный подарок

-> Звоните: 10.00-20.00, ежедневно

У нас вы сможете наиболее выгодно и дешево купить интересующий вас гаджет или аксессуар!
Магазин AMOLED";"25000";"7.jpg,price410.jpg"
"С гарантией NEW iPhone SE 16Gb A1723 Silver";"Уважаемый покупатель,
Добро пожаловать в магазин AMOLED

-> АКЦИЯ, аксессуар на выбор в ПОДАРОК за отзыв!

Мы всегда идем навстречу нашим покупателям и дорожим своей репутацией.
Гибкие возможности вашей покупки:
1) ОПЛАТА кредитной/дебетовой КАРТОЙ
2) ТРЕЙД-ИН, ОБМЕН старого телефона 
3) ДОСТАВКА ПО РФ через ТК CDEK
4) РАССРОЧКА, банки ОТП/Хоум-Кредит
5) ОПТ, ОПЛАТА ЧЕРЕЗ Р/С (для юрид лиц)
Опыт продаж в сфере цифровой электроники с 2009 года.

В нашем ассортименте оригинальный айфон 4/4s/5/5c/5s/6/6s/se/7/plus всех цветов и объемов памяти по лучшей цене в Казани!

NEW Apple iPhone SE 16Gb Silver = 19000 руб, ГАРАНТИЯ 1 ГОД (НОВЫЙ, НЕ РЕФ)

- цена действует при оплате полной стоимости товара наличными
- выдаем товарный чек и гарантийный талон, заверенные печатью
- количество товара ограничено, уточняйте актуальное наличие
- в заводской пленке, без следов эксплуатации, отличный подарок

-> Звоните: 10.00-20.00, ежедневно

У нас вы сможете наиболее выгодно и дешево купить интересующий вас гаджет или аксессуар!
Магазин AMOLED";"19000";"8.jpg,price411.jpg"
"С гарантией NEW iPhone SE 32Gb A1662 Gold Магазин";"Уважаемый покупатель,
Добро пожаловать в магазин AMOLED

-> АКЦИЯ, аксессуар на выбор в ПОДАРОК за отзыв!

Мы всегда идем навстречу нашим покупателям и дорожим своей репутацией.
Гибкие возможности вашей покупки:
1) ОПЛАТА кредитной/дебетовой КАРТОЙ
2) ТРЕЙД-ИН, ОБМЕН старого телефона 
3) ДОСТАВКА ПО РФ через ТК CDEK
4) РАССРОЧКА, банки ОТП/Хоум-Кредит
5) ОПТ, ОПЛАТА ЧЕРЕЗ Р/С (для юрид лиц)
Опыт продаж в сфере цифровой электроники с 2009 года.

В нашем ассортименте оригинальный айфон 4/4s/5/5c/5s/6/6s/se/7/plus всех цветов и объемов памяти по лучшей цене в Казани!

NEW Apple iPhone SE 32Gb Gold = 20000 руб, ГАРАНТИЯ 1 ГОД (НОВЫЙ, НЕ РЕФ)

- цена действует при оплате полной стоимости товара наличными
- выдаем товарный чек и гарантийный талон, заверенные печатью
- количество товара ограничено, уточняйте актуальное наличие
- в заводской пленке, без следов эксплуатации, отличный подарок

-> Звоните: 10.00-20.00, ежедневно

У нас вы сможете наиболее выгодно и дешево купить интересующий вас гаджет или аксессуар!
Магазин AMOLED";"20000";"9.jpg,price412.jpg"
"С гарантией NEW iPhone SE 64Gb A1662 Space Gray";"Уважаемый покупатель,
Добро пожаловать в магазин AMOLED

-> АКЦИЯ, аксессуар на выбор в ПОДАРОК за отзыв!

Мы всегда идем навстречу нашим покупателям и дорожим своей репутацией.
Гибкие возможности вашей покупки:
1) ОПЛАТА кредитной/дебетовой КАРТОЙ
2) ТРЕЙД-ИН, ОБМЕН старого телефона 
3) ДОСТАВКА ПО РФ через ТК CDEK
4) РАССРОЧКА, банки ОТП/Хоум-Кредит
5) ОПТ, ОПЛАТА ЧЕРЕЗ Р/С (для юрид лиц)
Опыт продаж в сфере цифровой электроники с 2009 года.

В нашем ассортименте оригинальный айфон 4/4s/5/5c/5s/6/6s/se/7/plus всех цветов и объемов памяти по лучшей цене в Казани!

NEW Apple iPhone SE 64Gb Space Gray = 25000 руб, ГАРАНТИЯ 1 ГОД (НОВЫЙ, НЕ РЕФ)

- цена действует при оплате полной стоимости товара наличными
- выдаем товарный чек и гарантийный талон, заверенные печатью
- количество товара ограничено, уточняйте актуальное наличие
- в заводской пленке, без следов эксплуатации, отличный подарок

-> Звоните: 10.00-20.00, ежедневно

У нас вы сможете наиболее выгодно и дешево купить интересующий вас гаджет или аксессуар!
Магазин AMOLED";"25000";"10.jpg,price413.jpg"
"С гарантией NEW iPhone SE 64Gb A1724 Gold Магазин";"Уважаемый покупатель,
Добро пожаловать в магазин AMOLED

-> АКЦИЯ, аксессуар на выбор в ПОДАРОК за отзыв!

Мы всегда идем навстречу нашим покупателям и дорожим своей репутацией.
Гибкие возможности вашей покупки:
1) ОПЛАТА кредитной/дебетовой КАРТОЙ
2) ТРЕЙД-ИН, ОБМЕН старого телефона 
3) ДОСТАВКА ПО РФ через ТК CDEK
4) РАССРОЧКА, банки ОТП/Хоум-Кредит
5) ОПТ, ОПЛАТА ЧЕРЕЗ Р/С (для юрид лиц)
Опыт продаж в сфере цифровой электроники с 2009 года.

В нашем ассортименте оригинальный айфон 4/4s/5/5c/5s/6/6s/se/7/plus всех цветов и объемов памяти по лучшей цене в Казани!

NEW Apple iPhone SE 64Gb Gold = 25000 руб, ГАРАНТИЯ 1 ГОД (НОВЫЙ, НЕ РЕФ)

- цена действует при оплате полной стоимости товара наличными
- выдаем товарный чек и гарантийный талон, заверенные печатью
- количество товара ограничено, уточняйте актуальное наличие
- в заводской пленке, без следов эксплуатации, отличный подарок

-> Звоните: 10.00-20.00, ежедневно

У нас вы сможете наиболее выгодно и дешево купить интересующий вас гаджет или аксессуар!
Магазин AMOLED";"25000";"11.jpg,price414.jpg"
"С гарантией NEW iPhone SE 16Gb A1723 Space Gray";"Уважаемый покупатель,
Добро пожаловать в магазин AMOLED

-> АКЦИЯ, аксессуар на выбор в ПОДАРОК за отзыв!

Мы всегда идем навстречу нашим покупателям и дорожим своей репутацией.
Гибкие возможности вашей покупки:
1) ОПЛАТА кредитной/дебетовой КАРТОЙ
2) ТРЕЙД-ИН, ОБМЕН старого телефона 
3) ДОСТАВКА ПО РФ через ТК CDEK
4) РАССРОЧКА, банки ОТП/Хоум-Кредит
5) ОПТ, ОПЛАТА ЧЕРЕЗ Р/С (для юрид лиц)
Опыт продаж в сфере цифровой электроники с 2009 года.

В нашем ассортименте оригинальный айфон 4/4s/5/5c/5s/6/6s/se/7/plus всех цветов и объемов памяти по лучшей цене в Казани!

NEW Apple iPhone SE 16Gb Space Gray = 19000 руб, ГАРАНТИЯ 1 ГОД (НОВЫЙ, НЕ РЕФ)

- цена действует при оплате полной стоимости товара наличными
- выдаем товарный чек и гарантийный талон, заверенные печатью
- количество товара ограничено, уточняйте актуальное наличие
- в заводской пленке, без следов эксплуатации, отличный подарок

-> Звоните: 10.00-20.00, ежедневно

У нас вы сможете наиболее выгодно и дешево купить интересующий вас гаджет или аксессуар!
Магазин AMOLED";"19000";"12.jpg,price415.jpg"
