"С гарантией RFB iPhone 5C 16Gb A1532 Blue Магазин";"Уважаемый покупатель,
Добро пожаловать в магазин AMOLED

-> АКЦИЯ, аксессуар на выбор в ПОДАРОК за отзыв!

Мы всегда идем навстречу нашим покупателям и дорожим своей репутацией.
Гибкие возможности вашей покупки:
1) ОПЛАТА кредитной/дебетовой КАРТОЙ
2) ТРЕЙД-ИН, ОБМЕН старого телефона 
3) ДОСТАВКА ПО РФ через ТК CDEK
4) РАССРОЧКА, банки ОТП/Хоум-Кредит
5) ОПТ, ОПЛАТА ЧЕРЕЗ Р/С (для юрид лиц)
Опыт продаж в сфере цифровой электроники с 2009 года.

В нашем ассортименте оригинальный айфон 4/4s/5/5c/5s/6/6s/se/7/plus всех цветов и объемов памяти по лучшей цене в Казани!

RFB Apple iPhone 5C 16Gb Blue = 8000 руб, ГАРАНТИЯ 1 ГОД (восстановленный)

- цена действует при оплате полной стоимости товара наличными
- выдаем товарный чек и гарантийный талон, заверенные печатью
- количество товара ограничено, уточняйте актуальное наличие
- в заводской пленке, без следов эксплуатации, отличный подарок

-> Звоните: 10.00-20.00, ежедневно

У нас вы сможете наиболее выгодно и дешево купить интересующий вас гаджет или аксессуар!
Магазин AMOLED";"8000";"1.jpg,price90.jpg"
"С гарантией RFB iPhone 5C 32Gb A1529 Pink Магазин";"Уважаемый покупатель,
Добро пожаловать в магазин AMOLED

-> АКЦИЯ, аксессуар на выбор в ПОДАРОК за отзыв!

Мы всегда идем навстречу нашим покупателям и дорожим своей репутацией.
Гибкие возможности вашей покупки:
1) ОПЛАТА кредитной/дебетовой КАРТОЙ
2) ТРЕЙД-ИН, ОБМЕН старого телефона 
3) ДОСТАВКА ПО РФ через ТК CDEK
4) РАССРОЧКА, банки ОТП/Хоум-Кредит
5) ОПТ, ОПЛАТА ЧЕРЕЗ Р/С (для юрид лиц)
Опыт продаж в сфере цифровой электроники с 2009 года.

В нашем ассортименте оригинальный айфон 4/4s/5/5c/5s/6/6s/se/7/plus всех цветов и объемов памяти по лучшей цене в Казани!

RFB Apple iPhone 5C 32Gb Pink = 8500 руб, ГАРАНТИЯ 1 ГОД (восстановленный)

- цена действует при оплате полной стоимости товара наличными
- выдаем товарный чек и гарантийный талон, заверенные печатью
- количество товара ограничено, уточняйте актуальное наличие
- в заводской пленке, без следов эксплуатации, отличный подарок

-> Звоните: 10.00-20.00, ежедневно

У нас вы сможете наиболее выгодно и дешево купить интересующий вас гаджет или аксессуар!
Магазин AMOLED";"8500";"2.jpg,price91.jpg"
"С гарантией RFB iPhone 5C 8Gb A1516 White Магазин";"Уважаемый покупатель,
Добро пожаловать в магазин AMOLED

-> АКЦИЯ, аксессуар на выбор в ПОДАРОК за отзыв!

Мы всегда идем навстречу нашим покупателям и дорожим своей репутацией.
Гибкие возможности вашей покупки:
1) ОПЛАТА кредитной/дебетовой КАРТОЙ
2) ТРЕЙД-ИН, ОБМЕН старого телефона 
3) ДОСТАВКА ПО РФ через ТК CDEK
4) РАССРОЧКА, банки ОТП/Хоум-Кредит
5) ОПТ, ОПЛАТА ЧЕРЕЗ Р/С (для юрид лиц)
Опыт продаж в сфере цифровой электроники с 2009 года.

В нашем ассортименте оригинальный айфон 4/4s/5/5c/5s/6/6s/se/7/plus всех цветов и объемов памяти по лучшей цене в Казани!

RFB Apple iPhone 5C 8Gb White = 7500 руб, ГАРАНТИЯ 1 ГОД (восстановленный)

- цена действует при оплате полной стоимости товара наличными
- выдаем товарный чек и гарантийный талон, заверенные печатью
- количество товара ограничено, уточняйте актуальное наличие
- в заводской пленке, без следов эксплуатации, отличный подарок

-> Звоните: 10.00-20.00, ежедневно

У нас вы сможете наиболее выгодно и дешево купить интересующий вас гаджет или аксессуар!
Магазин AMOLED";"7500";"3.jpg,price92.jpg"
"С гарантией RFB iPhone 5C 32Gb A1516 Yellow";"Уважаемый покупатель,
Добро пожаловать в магазин AMOLED

-> АКЦИЯ, аксессуар на выбор в ПОДАРОК за отзыв!

Мы всегда идем навстречу нашим покупателям и дорожим своей репутацией.
Гибкие возможности вашей покупки:
1) ОПЛАТА кредитной/дебетовой КАРТОЙ
2) ТРЕЙД-ИН, ОБМЕН старого телефона 
3) ДОСТАВКА ПО РФ через ТК CDEK
4) РАССРОЧКА, банки ОТП/Хоум-Кредит
5) ОПТ, ОПЛАТА ЧЕРЕЗ Р/С (для юрид лиц)
Опыт продаж в сфере цифровой электроники с 2009 года.

В нашем ассортименте оригинальный айфон 4/4s/5/5c/5s/6/6s/se/7/plus всех цветов и объемов памяти по лучшей цене в Казани!

RFB Apple iPhone 5C 32Gb Yellow = 8500 руб, ГАРАНТИЯ 1 ГОД (восстановленный)

- цена действует при оплате полной стоимости товара наличными
- выдаем товарный чек и гарантийный талон, заверенные печатью
- количество товара ограничено, уточняйте актуальное наличие
- в заводской пленке, без следов эксплуатации, отличный подарок

-> Звоните: 10.00-20.00, ежедневно

У нас вы сможете наиболее выгодно и дешево купить интересующий вас гаджет или аксессуар!
Магазин AMOLED";"8500";"4.jpg,price93.jpg"
"С гарантией RFB iPhone 5C 32Gb A1456 White";"Уважаемый покупатель,
Добро пожаловать в магазин AMOLED

-> АКЦИЯ, аксессуар на выбор в ПОДАРОК за отзыв!

Мы всегда идем навстречу нашим покупателям и дорожим своей репутацией.
Гибкие возможности вашей покупки:
1) ОПЛАТА кредитной/дебетовой КАРТОЙ
2) ТРЕЙД-ИН, ОБМЕН старого телефона 
3) ДОСТАВКА ПО РФ через ТК CDEK
4) РАССРОЧКА, банки ОТП/Хоум-Кредит
5) ОПТ, ОПЛАТА ЧЕРЕЗ Р/С (для юрид лиц)
Опыт продаж в сфере цифровой электроники с 2009 года.

В нашем ассортименте оригинальный айфон 4/4s/5/5c/5s/6/6s/se/7/plus всех цветов и объемов памяти по лучшей цене в Казани!

RFB Apple iPhone 5C 32Gb White = 8500 руб, ГАРАНТИЯ 1 ГОД (восстановленный)

- цена действует при оплате полной стоимости товара наличными
- выдаем товарный чек и гарантийный талон, заверенные печатью
- количество товара ограничено, уточняйте актуальное наличие
- в заводской пленке, без следов эксплуатации, отличный подарок

-> Звоните: 10.00-20.00, ежедневно

У нас вы сможете наиболее выгодно и дешево купить интересующий вас гаджет или аксессуар!
Магазин AMOLED";"8500";"5.jpg,price94.jpg"
"С гарантией RFB iPhone 5C 8Gb A1532 Blue Магазин";"Уважаемый покупатель,
Добро пожаловать в магазин AMOLED

-> АКЦИЯ, аксессуар на выбор в ПОДАРОК за отзыв!

Мы всегда идем навстречу нашим покупателям и дорожим своей репутацией.
Гибкие возможности вашей покупки:
1) ОПЛАТА кредитной/дебетовой КАРТОЙ
2) ТРЕЙД-ИН, ОБМЕН старого телефона 
3) ДОСТАВКА ПО РФ через ТК CDEK
4) РАССРОЧКА, банки ОТП/Хоум-Кредит
5) ОПТ, ОПЛАТА ЧЕРЕЗ Р/С (для юрид лиц)
Опыт продаж в сфере цифровой электроники с 2009 года.

В нашем ассортименте оригинальный айфон 4/4s/5/5c/5s/6/6s/se/7/plus всех цветов и объемов памяти по лучшей цене в Казани!

RFB Apple iPhone 5C 8Gb Blue = 7500 руб, ГАРАНТИЯ 1 ГОД (восстановленный)

- цена действует при оплате полной стоимости товара наличными
- выдаем товарный чек и гарантийный талон, заверенные печатью
- количество товара ограничено, уточняйте актуальное наличие
- в заводской пленке, без следов эксплуатации, отличный подарок

-> Звоните: 10.00-20.00, ежедневно

У нас вы сможете наиболее выгодно и дешево купить интересующий вас гаджет или аксессуар!
Магазин AMOLED";"7500";"6.jpg,price95.jpg"
"С гарантией RFB iPhone 5C 32Gb A1529 Blue Магазин";"Уважаемый покупатель,
Добро пожаловать в магазин AMOLED

-> АКЦИЯ, аксессуар на выбор в ПОДАРОК за отзыв!

Мы всегда идем навстречу нашим покупателям и дорожим своей репутацией.
Гибкие возможности вашей покупки:
1) ОПЛАТА кредитной/дебетовой КАРТОЙ
2) ТРЕЙД-ИН, ОБМЕН старого телефона 
3) ДОСТАВКА ПО РФ через ТК CDEK
4) РАССРОЧКА, банки ОТП/Хоум-Кредит
5) ОПТ, ОПЛАТА ЧЕРЕЗ Р/С (для юрид лиц)
Опыт продаж в сфере цифровой электроники с 2009 года.

В нашем ассортименте оригинальный айфон 4/4s/5/5c/5s/6/6s/se/7/plus всех цветов и объемов памяти по лучшей цене в Казани!

RFB Apple iPhone 5C 32Gb Blue = 8500 руб, ГАРАНТИЯ 1 ГОД (восстановленный)

- цена действует при оплате полной стоимости товара наличными
- выдаем товарный чек и гарантийный талон, заверенные печатью
- количество товара ограничено, уточняйте актуальное наличие
- в заводской пленке, без следов эксплуатации, отличный подарок

-> Звоните: 10.00-20.00, ежедневно

У нас вы сможете наиболее выгодно и дешево купить интересующий вас гаджет или аксессуар!
Магазин AMOLED";"8500";"7.jpg,price96.jpg"
"С гарантией RFB iPhone 5C 16Gb A1516 Pink Магазин";"Уважаемый покупатель,
Добро пожаловать в магазин AMOLED

-> АКЦИЯ, аксессуар на выбор в ПОДАРОК за отзыв!

Мы всегда идем навстречу нашим покупателям и дорожим своей репутацией.
Гибкие возможности вашей покупки:
1) ОПЛАТА кредитной/дебетовой КАРТОЙ
2) ТРЕЙД-ИН, ОБМЕН старого телефона 
3) ДОСТАВКА ПО РФ через ТК CDEK
4) РАССРОЧКА, банки ОТП/Хоум-Кредит
5) ОПТ, ОПЛАТА ЧЕРЕЗ Р/С (для юрид лиц)
Опыт продаж в сфере цифровой электроники с 2009 года.

В нашем ассортименте оригинальный айфон 4/4s/5/5c/5s/6/6s/se/7/plus всех цветов и объемов памяти по лучшей цене в Казани!

RFB Apple iPhone 5C 16Gb Pink = 8000 руб, ГАРАНТИЯ 1 ГОД (восстановленный)

- цена действует при оплате полной стоимости товара наличными
- выдаем товарный чек и гарантийный талон, заверенные печатью
- количество товара ограничено, уточняйте актуальное наличие
- в заводской пленке, без следов эксплуатации, отличный подарок

-> Звоните: 10.00-20.00, ежедневно

У нас вы сможете наиболее выгодно и дешево купить интересующий вас гаджет или аксессуар!
Магазин AMOLED";"8000";"8.jpg,price97.jpg"
"С гарантией RFB iPhone 5C 8Gb A1456 White Магазин";"Уважаемый покупатель,
Добро пожаловать в магазин AMOLED

-> АКЦИЯ, аксессуар на выбор в ПОДАРОК за отзыв!

Мы всегда идем навстречу нашим покупателям и дорожим своей репутацией.
Гибкие возможности вашей покупки:
1) ОПЛАТА кредитной/дебетовой КАРТОЙ
2) ТРЕЙД-ИН, ОБМЕН старого телефона 
3) ДОСТАВКА ПО РФ через ТК CDEK
4) РАССРОЧКА, банки ОТП/Хоум-Кредит
5) ОПТ, ОПЛАТА ЧЕРЕЗ Р/С (для юрид лиц)
Опыт продаж в сфере цифровой электроники с 2009 года.

В нашем ассортименте оригинальный айфон 4/4s/5/5c/5s/6/6s/se/7/plus всех цветов и объемов памяти по лучшей цене в Казани!

RFB Apple iPhone 5C 8Gb White = 7500 руб, ГАРАНТИЯ 1 ГОД (восстановленный)

- цена действует при оплате полной стоимости товара наличными
- выдаем товарный чек и гарантийный талон, заверенные печатью
- количество товара ограничено, уточняйте актуальное наличие
- в заводской пленке, без следов эксплуатации, отличный подарок

-> Звоните: 10.00-20.00, ежедневно

У нас вы сможете наиболее выгодно и дешево купить интересующий вас гаджет или аксессуар!
Магазин AMOLED";"7500";"9.jpg,price98.jpg"
"С гарантией RFB iPhone 5C 32Gb A1532 White";"Уважаемый покупатель,
Добро пожаловать в магазин AMOLED

-> АКЦИЯ, аксессуар на выбор в ПОДАРОК за отзыв!

Мы всегда идем навстречу нашим покупателям и дорожим своей репутацией.
Гибкие возможности вашей покупки:
1) ОПЛАТА кредитной/дебетовой КАРТОЙ
2) ТРЕЙД-ИН, ОБМЕН старого телефона 
3) ДОСТАВКА ПО РФ через ТК CDEK
4) РАССРОЧКА, банки ОТП/Хоум-Кредит
5) ОПТ, ОПЛАТА ЧЕРЕЗ Р/С (для юрид лиц)
Опыт продаж в сфере цифровой электроники с 2009 года.

В нашем ассортименте оригинальный айфон 4/4s/5/5c/5s/6/6s/se/7/plus всех цветов и объемов памяти по лучшей цене в Казани!

RFB Apple iPhone 5C 32Gb White = 8500 руб, ГАРАНТИЯ 1 ГОД (восстановленный)

- цена действует при оплате полной стоимости товара наличными
- выдаем товарный чек и гарантийный талон, заверенные печатью
- количество товара ограничено, уточняйте актуальное наличие
- в заводской пленке, без следов эксплуатации, отличный подарок

-> Звоните: 10.00-20.00, ежедневно

У нас вы сможете наиболее выгодно и дешево купить интересующий вас гаджет или аксессуар!
Магазин AMOLED";"8500";"10.jpg,price99.jpg"
"С гарантией RFB iPhone 5C 32Gb A1529 Yellow";"Уважаемый покупатель,
Добро пожаловать в магазин AMOLED

-> АКЦИЯ, аксессуар на выбор в ПОДАРОК за отзыв!

Мы всегда идем навстречу нашим покупателям и дорожим своей репутацией.
Гибкие возможности вашей покупки:
1) ОПЛАТА кредитной/дебетовой КАРТОЙ
2) ТРЕЙД-ИН, ОБМЕН старого телефона 
3) ДОСТАВКА ПО РФ через ТК CDEK
4) РАССРОЧКА, банки ОТП/Хоум-Кредит
5) ОПТ, ОПЛАТА ЧЕРЕЗ Р/С (для юрид лиц)
Опыт продаж в сфере цифровой электроники с 2009 года.

В нашем ассортименте оригинальный айфон 4/4s/5/5c/5s/6/6s/se/7/plus всех цветов и объемов памяти по лучшей цене в Казани!

RFB Apple iPhone 5C 32Gb Yellow = 8500 руб, ГАРАНТИЯ 1 ГОД (восстановленный)

- цена действует при оплате полной стоимости товара наличными
- выдаем товарный чек и гарантийный талон, заверенные печатью
- количество товара ограничено, уточняйте актуальное наличие
- в заводской пленке, без следов эксплуатации, отличный подарок

-> Звоните: 10.00-20.00, ежедневно

У нас вы сможете наиболее выгодно и дешево купить интересующий вас гаджет или аксессуар!
Магазин AMOLED";"8500";"11.jpg,price100.jpg"
"С гарантией RFB iPhone 5C 8Gb A1516 Yellow";"Уважаемый покупатель,
Добро пожаловать в магазин AMOLED

-> АКЦИЯ, аксессуар на выбор в ПОДАРОК за отзыв!

Мы всегда идем навстречу нашим покупателям и дорожим своей репутацией.
Гибкие возможности вашей покупки:
1) ОПЛАТА кредитной/дебетовой КАРТОЙ
2) ТРЕЙД-ИН, ОБМЕН старого телефона 
3) ДОСТАВКА ПО РФ через ТК CDEK
4) РАССРОЧКА, банки ОТП/Хоум-Кредит
5) ОПТ, ОПЛАТА ЧЕРЕЗ Р/С (для юрид лиц)
Опыт продаж в сфере цифровой электроники с 2009 года.

В нашем ассортименте оригинальный айфон 4/4s/5/5c/5s/6/6s/se/7/plus всех цветов и объемов памяти по лучшей цене в Казани!

RFB Apple iPhone 5C 8Gb Yellow = 7500 руб, ГАРАНТИЯ 1 ГОД (восстановленный)

- цена действует при оплате полной стоимости товара наличными
- выдаем товарный чек и гарантийный талон, заверенные печатью
- количество товара ограничено, уточняйте актуальное наличие
- в заводской пленке, без следов эксплуатации, отличный подарок

-> Звоните: 10.00-20.00, ежедневно

У нас вы сможете наиболее выгодно и дешево купить интересующий вас гаджет или аксессуар!
Магазин AMOLED";"7500";"12.jpg,price101.jpg"
"С гарантией RFB iPhone 5C 32Gb A1529 Green";"Уважаемый покупатель,
Добро пожаловать в магазин AMOLED

-> АКЦИЯ, аксессуар на выбор в ПОДАРОК за отзыв!

Мы всегда идем навстречу нашим покупателям и дорожим своей репутацией.
Гибкие возможности вашей покупки:
1) ОПЛАТА кредитной/дебетовой КАРТОЙ
2) ТРЕЙД-ИН, ОБМЕН старого телефона 
3) ДОСТАВКА ПО РФ через ТК CDEK
4) РАССРОЧКА, банки ОТП/Хоум-Кредит
5) ОПТ, ОПЛАТА ЧЕРЕЗ Р/С (для юрид лиц)
Опыт продаж в сфере цифровой электроники с 2009 года.

В нашем ассортименте оригинальный айфон 4/4s/5/5c/5s/6/6s/se/7/plus всех цветов и объемов памяти по лучшей цене в Казани!

RFB Apple iPhone 5C 32Gb Green = 8500 руб, ГАРАНТИЯ 1 ГОД (восстановленный)

- цена действует при оплате полной стоимости товара наличными
- выдаем товарный чек и гарантийный талон, заверенные печатью
- количество товара ограничено, уточняйте актуальное наличие
- в заводской пленке, без следов эксплуатации, отличный подарок

-> Звоните: 10.00-20.00, ежедневно

У нас вы сможете наиболее выгодно и дешево купить интересующий вас гаджет или аксессуар!
Магазин AMOLED";"8500";"13.jpg,price102.jpg"
"С гарантией RFB iPhone 5C 8Gb A1529 Blue Магазин";"Уважаемый покупатель,
Добро пожаловать в магазин AMOLED

-> АКЦИЯ, аксессуар на выбор в ПОДАРОК за отзыв!

Мы всегда идем навстречу нашим покупателям и дорожим своей репутацией.
Гибкие возможности вашей покупки:
1) ОПЛАТА кредитной/дебетовой КАРТОЙ
2) ТРЕЙД-ИН, ОБМЕН старого телефона 
3) ДОСТАВКА ПО РФ через ТК CDEK
4) РАССРОЧКА, банки ОТП/Хоум-Кредит
5) ОПТ, ОПЛАТА ЧЕРЕЗ Р/С (для юрид лиц)
Опыт продаж в сфере цифровой электроники с 2009 года.

В нашем ассортименте оригинальный айфон 4/4s/5/5c/5s/6/6s/se/7/plus всех цветов и объемов памяти по лучшей цене в Казани!

RFB Apple iPhone 5C 8Gb Blue = 7500 руб, ГАРАНТИЯ 1 ГОД (восстановленный)

- цена действует при оплате полной стоимости товара наличными
- выдаем товарный чек и гарантийный талон, заверенные печатью
- количество товара ограничено, уточняйте актуальное наличие
- в заводской пленке, без следов эксплуатации, отличный подарок

-> Звоните: 10.00-20.00, ежедневно

У нас вы сможете наиболее выгодно и дешево купить интересующий вас гаджет или аксессуар!
Магазин AMOLED";"7500";"14.jpg,price103.jpg"
"С гарантией RFB iPhone 5C 16Gb A1529 Blue Магазин";"Уважаемый покупатель,
Добро пожаловать в магазин AMOLED

-> АКЦИЯ, аксессуар на выбор в ПОДАРОК за отзыв!

Мы всегда идем навстречу нашим покупателям и дорожим своей репутацией.
Гибкие возможности вашей покупки:
1) ОПЛАТА кредитной/дебетовой КАРТОЙ
2) ТРЕЙД-ИН, ОБМЕН старого телефона 
3) ДОСТАВКА ПО РФ через ТК CDEK
4) РАССРОЧКА, банки ОТП/Хоум-Кредит
5) ОПТ, ОПЛАТА ЧЕРЕЗ Р/С (для юрид лиц)
Опыт продаж в сфере цифровой электроники с 2009 года.

В нашем ассортименте оригинальный айфон 4/4s/5/5c/5s/6/6s/se/7/plus всех цветов и объемов памяти по лучшей цене в Казани!

RFB Apple iPhone 5C 16Gb Blue = 8000 руб, ГАРАНТИЯ 1 ГОД (восстановленный)

- цена действует при оплате полной стоимости товара наличными
- выдаем товарный чек и гарантийный талон, заверенные печатью
- количество товара ограничено, уточняйте актуальное наличие
- в заводской пленке, без следов эксплуатации, отличный подарок

-> Звоните: 10.00-20.00, ежедневно

У нас вы сможете наиболее выгодно и дешево купить интересующий вас гаджет или аксессуар!
Магазин AMOLED";"8000";"15.jpg,price104.jpg"
