"С гарантией RFB iPhone 4S 64Gb A1431 Black";"Уважаемый покупатель,
Добро пожаловать в магазин AMOLED

-> АКЦИЯ, аксессуар на выбор в ПОДАРОК за отзыв!

Мы всегда идем навстречу нашим покупателям и дорожим своей репутацией.
Гибкие возможности вашей покупки:
1) ОПЛАТА кредитной/дебетовой КАРТОЙ
2) ТРЕЙД-ИН, ОБМЕН старого телефона 
3) ДОСТАВКА ПО РФ через ТК CDEK
4) РАССРОЧКА, банки ОТП/Хоум-Кредит
5) ОПТ, ОПЛАТА ЧЕРЕЗ Р/С (для юрид лиц)
Опыт продаж в сфере цифровой электроники с 2009 года.

В нашем ассортименте оригинальный айфон 4/4s/5/5c/5s/6/6s/se/7/plus всех цветов и объемов памяти по лучшей цене в Казани!

RFB Apple iPhone 4S 64Gb Black = 6500 руб, ГАРАНТИЯ 1 ГОД (восстановленный)

- цена действует при оплате полной стоимости товара наличными
- выдаем товарный чек и гарантийный талон, заверенные печатью
- количество товара ограничено, уточняйте актуальное наличие
- в заводской пленке, без следов эксплуатации, отличный подарок

-> Звоните: 10.00-20.00, ежедневно

У нас вы сможете наиболее выгодно и дешево купить интересующий вас гаджет или аксессуар!
Магазин AMOLED";"6500";"1.jpg,price22.jpg"
"С гарантией RFB iPhone 4S 16Gb A1387 Black";"Уважаемый покупатель,
Добро пожаловать в магазин AMOLED

-> АКЦИЯ, аксессуар на выбор в ПОДАРОК за отзыв!

Мы всегда идем навстречу нашим покупателям и дорожим своей репутацией.
Гибкие возможности вашей покупки:
1) ОПЛАТА кредитной/дебетовой КАРТОЙ
2) ТРЕЙД-ИН, ОБМЕН старого телефона 
3) ДОСТАВКА ПО РФ через ТК CDEK
4) РАССРОЧКА, банки ОТП/Хоум-Кредит
5) ОПТ, ОПЛАТА ЧЕРЕЗ Р/С (для юрид лиц)
Опыт продаж в сфере цифровой электроники с 2009 года.

В нашем ассортименте оригинальный айфон 4/4s/5/5c/5s/6/6s/se/7/plus всех цветов и объемов памяти по лучшей цене в Казани!

RFB Apple iPhone 4S 16Gb Black = 5500 руб, ГАРАНТИЯ 1 ГОД (восстановленный)

- цена действует при оплате полной стоимости товара наличными
- выдаем товарный чек и гарантийный талон, заверенные печатью
- количество товара ограничено, уточняйте актуальное наличие
- в заводской пленке, без следов эксплуатации, отличный подарок

-> Звоните: 10.00-20.00, ежедневно

У нас вы сможете наиболее выгодно и дешево купить интересующий вас гаджет или аксессуар!
Магазин AMOLED";"5500";"2.jpg,price23.jpg"
"С гарантией RFB iPhone 4S 16Gb A1387 White";"Уважаемый покупатель,
Добро пожаловать в магазин AMOLED

-> АКЦИЯ, аксессуар на выбор в ПОДАРОК за отзыв!

Мы всегда идем навстречу нашим покупателям и дорожим своей репутацией.
Гибкие возможности вашей покупки:
1) ОПЛАТА кредитной/дебетовой КАРТОЙ
2) ТРЕЙД-ИН, ОБМЕН старого телефона 
3) ДОСТАВКА ПО РФ через ТК CDEK
4) РАССРОЧКА, банки ОТП/Хоум-Кредит
5) ОПТ, ОПЛАТА ЧЕРЕЗ Р/С (для юрид лиц)
Опыт продаж в сфере цифровой электроники с 2009 года.

В нашем ассортименте оригинальный айфон 4/4s/5/5c/5s/6/6s/se/7/plus всех цветов и объемов памяти по лучшей цене в Казани!

RFB Apple iPhone 4S 16Gb White = 5500 руб, ГАРАНТИЯ 1 ГОД (восстановленный)

- цена действует при оплате полной стоимости товара наличными
- выдаем товарный чек и гарантийный талон, заверенные печатью
- количество товара ограничено, уточняйте актуальное наличие
- в заводской пленке, без следов эксплуатации, отличный подарок

-> Звоните: 10.00-20.00, ежедневно

У нас вы сможете наиболее выгодно и дешево купить интересующий вас гаджет или аксессуар!
Магазин AMOLED";"5500";"3.jpg,price24.jpg"
"С гарантией NEW iPhone 4S 32Gb A1387 Black";"Уважаемый покупатель,
Добро пожаловать в магазин AMOLED

-> АКЦИЯ, аксессуар на выбор в ПОДАРОК за отзыв!

Мы всегда идем навстречу нашим покупателям и дорожим своей репутацией.
Гибкие возможности вашей покупки:
1) ОПЛАТА кредитной/дебетовой КАРТОЙ
2) ТРЕЙД-ИН, ОБМЕН старого телефона 
3) ДОСТАВКА ПО РФ через ТК CDEK
4) РАССРОЧКА, банки ОТП/Хоум-Кредит
5) ОПТ, ОПЛАТА ЧЕРЕЗ Р/С (для юрид лиц)
Опыт продаж в сфере цифровой электроники с 2009 года.

В нашем ассортименте оригинальный айфон 4/4s/5/5c/5s/6/6s/se/7/plus всех цветов и объемов памяти по лучшей цене в Казани!

NEW Apple iPhone 4S 32Gb Black = 5990 руб, ГАРАНТИЯ 1 ГОД (как новый)

- цена действует при оплате полной стоимости товара наличными
- выдаем товарный чек и гарантийный талон, заверенные печатью
- количество товара ограничено, уточняйте актуальное наличие
- в заводской пленке, без следов эксплуатации, отличный подарок

-> Звоните: 10.00-20.00, ежедневно

У нас вы сможете наиболее выгодно и дешево купить интересующий вас гаджет или аксессуар!
Магазин AMOLED";"5990";"4.jpg,price25.jpg"
"С гарантией RFB iPhone 4S 64Gb A1387 White";"Уважаемый покупатель,
Добро пожаловать в магазин AMOLED

-> АКЦИЯ, аксессуар на выбор в ПОДАРОК за отзыв!

Мы всегда идем навстречу нашим покупателям и дорожим своей репутацией.
Гибкие возможности вашей покупки:
1) ОПЛАТА кредитной/дебетовой КАРТОЙ
2) ТРЕЙД-ИН, ОБМЕН старого телефона 
3) ДОСТАВКА ПО РФ через ТК CDEK
4) РАССРОЧКА, банки ОТП/Хоум-Кредит
5) ОПТ, ОПЛАТА ЧЕРЕЗ Р/С (для юрид лиц)
Опыт продаж в сфере цифровой электроники с 2009 года.

В нашем ассортименте оригинальный айфон 4/4s/5/5c/5s/6/6s/se/7/plus всех цветов и объемов памяти по лучшей цене в Казани!

RFB Apple iPhone 4S 64Gb White = 6500 руб, ГАРАНТИЯ 1 ГОД (восстановленный)

- цена действует при оплате полной стоимости товара наличными
- выдаем товарный чек и гарантийный талон, заверенные печатью
- количество товара ограничено, уточняйте актуальное наличие
- в заводской пленке, без следов эксплуатации, отличный подарок

-> Звоните: 10.00-20.00, ежедневно

У нас вы сможете наиболее выгодно и дешево купить интересующий вас гаджет или аксессуар!
Магазин AMOLED";"6500";"5.jpg,price26.jpg"
"С гарантией NEW iPhone 4S 64Gb A1387 Black";"Уважаемый покупатель,
Добро пожаловать в магазин AMOLED

-> АКЦИЯ, аксессуар на выбор в ПОДАРОК за отзыв!

Мы всегда идем навстречу нашим покупателям и дорожим своей репутацией.
Гибкие возможности вашей покупки:
1) ОПЛАТА кредитной/дебетовой КАРТОЙ
2) ТРЕЙД-ИН, ОБМЕН старого телефона 
3) ДОСТАВКА ПО РФ через ТК CDEK
4) РАССРОЧКА, банки ОТП/Хоум-Кредит
5) ОПТ, ОПЛАТА ЧЕРЕЗ Р/С (для юрид лиц)
Опыт продаж в сфере цифровой электроники с 2009 года.

В нашем ассортименте оригинальный айфон 4/4s/5/5c/5s/6/6s/se/7/plus всех цветов и объемов памяти по лучшей цене в Казани!

NEW Apple iPhone 4S 64Gb Black = 6490 руб, ГАРАНТИЯ 1 ГОД (как новый)

- цена действует при оплате полной стоимости товара наличными
- выдаем товарный чек и гарантийный талон, заверенные печатью
- количество товара ограничено, уточняйте актуальное наличие
- в заводской пленке, без следов эксплуатации, отличный подарок

-> Звоните: 10.00-20.00, ежедневно

У нас вы сможете наиболее выгодно и дешево купить интересующий вас гаджет или аксессуар!
Магазин AMOLED";"6490";"6.jpg,price27.jpg"
"С гарантией RFB iPhone 4S 8Gb A1431 Black Магазин";"Уважаемый покупатель,
Добро пожаловать в магазин AMOLED

-> АКЦИЯ, аксессуар на выбор в ПОДАРОК за отзыв!

Мы всегда идем навстречу нашим покупателям и дорожим своей репутацией.
Гибкие возможности вашей покупки:
1) ОПЛАТА кредитной/дебетовой КАРТОЙ
2) ТРЕЙД-ИН, ОБМЕН старого телефона 
3) ДОСТАВКА ПО РФ через ТК CDEK
4) РАССРОЧКА, банки ОТП/Хоум-Кредит
5) ОПТ, ОПЛАТА ЧЕРЕЗ Р/С (для юрид лиц)
Опыт продаж в сфере цифровой электроники с 2009 года.

В нашем ассортименте оригинальный айфон 4/4s/5/5c/5s/6/6s/se/7/plus всех цветов и объемов памяти по лучшей цене в Казани!

RFB Apple iPhone 4S 8Gb Black = 5000 руб, ГАРАНТИЯ 1 ГОД (восстановленный)

- цена действует при оплате полной стоимости товара наличными
- выдаем товарный чек и гарантийный талон, заверенные печатью
- количество товара ограничено, уточняйте актуальное наличие
- в заводской пленке, без следов эксплуатации, отличный подарок

-> Звоните: 10.00-20.00, ежедневно

У нас вы сможете наиболее выгодно и дешево купить интересующий вас гаджет или аксессуар!
Магазин AMOLED";"5000";"7.jpg,price28.jpg"
"С гарантией NEW iPhone 4S 8Gb A1387 Black Магазин";"Уважаемый покупатель,
Добро пожаловать в магазин AMOLED

-> АКЦИЯ, аксессуар на выбор в ПОДАРОК за отзыв!

Мы всегда идем навстречу нашим покупателям и дорожим своей репутацией.
Гибкие возможности вашей покупки:
1) ОПЛАТА кредитной/дебетовой КАРТОЙ
2) ТРЕЙД-ИН, ОБМЕН старого телефона 
3) ДОСТАВКА ПО РФ через ТК CDEK
4) РАССРОЧКА, банки ОТП/Хоум-Кредит
5) ОПТ, ОПЛАТА ЧЕРЕЗ Р/С (для юрид лиц)
Опыт продаж в сфере цифровой электроники с 2009 года.

В нашем ассортименте оригинальный айфон 4/4s/5/5c/5s/6/6s/se/7/plus всех цветов и объемов памяти по лучшей цене в Казани!

NEW Apple iPhone 4S 8Gb Black = 4990 руб, ГАРАНТИЯ 1 ГОД (как новый)

- цена действует при оплате полной стоимости товара наличными
- выдаем товарный чек и гарантийный талон, заверенные печатью
- количество товара ограничено, уточняйте актуальное наличие
- в заводской пленке, без следов эксплуатации, отличный подарок

-> Звоните: 10.00-20.00, ежедневно

У нас вы сможете наиболее выгодно и дешево купить интересующий вас гаджет или аксессуар!
Магазин AMOLED";"4990";"8.jpg,price29.jpg"
"С гарантией RFB iPhone 4S 16Gb A1431 White";"Уважаемый покупатель,
Добро пожаловать в магазин AMOLED

-> АКЦИЯ, аксессуар на выбор в ПОДАРОК за отзыв!

Мы всегда идем навстречу нашим покупателям и дорожим своей репутацией.
Гибкие возможности вашей покупки:
1) ОПЛАТА кредитной/дебетовой КАРТОЙ
2) ТРЕЙД-ИН, ОБМЕН старого телефона 
3) ДОСТАВКА ПО РФ через ТК CDEK
4) РАССРОЧКА, банки ОТП/Хоум-Кредит
5) ОПТ, ОПЛАТА ЧЕРЕЗ Р/С (для юрид лиц)
Опыт продаж в сфере цифровой электроники с 2009 года.

В нашем ассортименте оригинальный айфон 4/4s/5/5c/5s/6/6s/se/7/plus всех цветов и объемов памяти по лучшей цене в Казани!

RFB Apple iPhone 4S 16Gb White = 5500 руб, ГАРАНТИЯ 1 ГОД (восстановленный)

- цена действует при оплате полной стоимости товара наличными
- выдаем товарный чек и гарантийный талон, заверенные печатью
- количество товара ограничено, уточняйте актуальное наличие
- в заводской пленке, без следов эксплуатации, отличный подарок

-> Звоните: 10.00-20.00, ежедневно

У нас вы сможете наиболее выгодно и дешево купить интересующий вас гаджет или аксессуар!
Магазин AMOLED";"5500";"9.jpg,price30.jpg"
"С гарантией RFB iPhone 4S 8Gb A1387 White Магазин";"Уважаемый покупатель,
Добро пожаловать в магазин AMOLED

-> АКЦИЯ, аксессуар на выбор в ПОДАРОК за отзыв!

Мы всегда идем навстречу нашим покупателям и дорожим своей репутацией.
Гибкие возможности вашей покупки:
1) ОПЛАТА кредитной/дебетовой КАРТОЙ
2) ТРЕЙД-ИН, ОБМЕН старого телефона 
3) ДОСТАВКА ПО РФ через ТК CDEK
4) РАССРОЧКА, банки ОТП/Хоум-Кредит
5) ОПТ, ОПЛАТА ЧЕРЕЗ Р/С (для юрид лиц)
Опыт продаж в сфере цифровой электроники с 2009 года.

В нашем ассортименте оригинальный айфон 4/4s/5/5c/5s/6/6s/se/7/plus всех цветов и объемов памяти по лучшей цене в Казани!

RFB Apple iPhone 4S 8Gb White = 5000 руб, ГАРАНТИЯ 1 ГОД (восстановленный)

- цена действует при оплате полной стоимости товара наличными
- выдаем товарный чек и гарантийный талон, заверенные печатью
- количество товара ограничено, уточняйте актуальное наличие
- в заводской пленке, без следов эксплуатации, отличный подарок

-> Звоните: 10.00-20.00, ежедневно

У нас вы сможете наиболее выгодно и дешево купить интересующий вас гаджет или аксессуар!
Магазин AMOLED";"5000";"10.jpg,price31.jpg"
"С гарантией NEW iPhone 4S 32Gb A1387 White";"Уважаемый покупатель,
Добро пожаловать в магазин AMOLED

-> АКЦИЯ, аксессуар на выбор в ПОДАРОК за отзыв!

Мы всегда идем навстречу нашим покупателям и дорожим своей репутацией.
Гибкие возможности вашей покупки:
1) ОПЛАТА кредитной/дебетовой КАРТОЙ
2) ТРЕЙД-ИН, ОБМЕН старого телефона 
3) ДОСТАВКА ПО РФ через ТК CDEK
4) РАССРОЧКА, банки ОТП/Хоум-Кредит
5) ОПТ, ОПЛАТА ЧЕРЕЗ Р/С (для юрид лиц)
Опыт продаж в сфере цифровой электроники с 2009 года.

В нашем ассортименте оригинальный айфон 4/4s/5/5c/5s/6/6s/se/7/plus всех цветов и объемов памяти по лучшей цене в Казани!

NEW Apple iPhone 4S 32Gb White = 5990 руб, ГАРАНТИЯ 1 ГОД (как новый)

- цена действует при оплате полной стоимости товара наличными
- выдаем товарный чек и гарантийный талон, заверенные печатью
- количество товара ограничено, уточняйте актуальное наличие
- в заводской пленке, без следов эксплуатации, отличный подарок

-> Звоните: 10.00-20.00, ежедневно

У нас вы сможете наиболее выгодно и дешево купить интересующий вас гаджет или аксессуар!
Магазин AMOLED";"5990";"11.jpg,price32.jpg"
"С гарантией NEW iPhone 4S 16Gb A1431 Black";"Уважаемый покупатель,
Добро пожаловать в магазин AMOLED

-> АКЦИЯ, аксессуар на выбор в ПОДАРОК за отзыв!

Мы всегда идем навстречу нашим покупателям и дорожим своей репутацией.
Гибкие возможности вашей покупки:
1) ОПЛАТА кредитной/дебетовой КАРТОЙ
2) ТРЕЙД-ИН, ОБМЕН старого телефона 
3) ДОСТАВКА ПО РФ через ТК CDEK
4) РАССРОЧКА, банки ОТП/Хоум-Кредит
5) ОПТ, ОПЛАТА ЧЕРЕЗ Р/С (для юрид лиц)
Опыт продаж в сфере цифровой электроники с 2009 года.

В нашем ассортименте оригинальный айфон 4/4s/5/5c/5s/6/6s/se/7/plus всех цветов и объемов памяти по лучшей цене в Казани!

NEW Apple iPhone 4S 16Gb Black = 5490 руб, ГАРАНТИЯ 1 ГОД (как новый)

- цена действует при оплате полной стоимости товара наличными
- выдаем товарный чек и гарантийный талон, заверенные печатью
- количество товара ограничено, уточняйте актуальное наличие
- в заводской пленке, без следов эксплуатации, отличный подарок

-> Звоните: 10.00-20.00, ежедневно

У нас вы сможете наиболее выгодно и дешево купить интересующий вас гаджет или аксессуар!
Магазин AMOLED";"5490";"12.jpg,price33.jpg"
"С гарантией RFB iPhone 4S 32Gb A1387 White";"Уважаемый покупатель,
Добро пожаловать в магазин AMOLED

-> АКЦИЯ, аксессуар на выбор в ПОДАРОК за отзыв!

Мы всегда идем навстречу нашим покупателям и дорожим своей репутацией.
Гибкие возможности вашей покупки:
1) ОПЛАТА кредитной/дебетовой КАРТОЙ
2) ТРЕЙД-ИН, ОБМЕН старого телефона 
3) ДОСТАВКА ПО РФ через ТК CDEK
4) РАССРОЧКА, банки ОТП/Хоум-Кредит
5) ОПТ, ОПЛАТА ЧЕРЕЗ Р/С (для юрид лиц)
Опыт продаж в сфере цифровой электроники с 2009 года.

В нашем ассортименте оригинальный айфон 4/4s/5/5c/5s/6/6s/se/7/plus всех цветов и объемов памяти по лучшей цене в Казани!

RFB Apple iPhone 4S 32Gb White = 6000 руб, ГАРАНТИЯ 1 ГОД (восстановленный)

- цена действует при оплате полной стоимости товара наличными
- выдаем товарный чек и гарантийный талон, заверенные печатью
- количество товара ограничено, уточняйте актуальное наличие
- в заводской пленке, без следов эксплуатации, отличный подарок

-> Звоните: 10.00-20.00, ежедневно

У нас вы сможете наиболее выгодно и дешево купить интересующий вас гаджет или аксессуар!
Магазин AMOLED";"6000";"13.jpg,price34.jpg"
"С гарантией NEW iPhone 4S 32Gb A1431 Black";"Уважаемый покупатель,
Добро пожаловать в магазин AMOLED

-> АКЦИЯ, аксессуар на выбор в ПОДАРОК за отзыв!

Мы всегда идем навстречу нашим покупателям и дорожим своей репутацией.
Гибкие возможности вашей покупки:
1) ОПЛАТА кредитной/дебетовой КАРТОЙ
2) ТРЕЙД-ИН, ОБМЕН старого телефона 
3) ДОСТАВКА ПО РФ через ТК CDEK
4) РАССРОЧКА, банки ОТП/Хоум-Кредит
5) ОПТ, ОПЛАТА ЧЕРЕЗ Р/С (для юрид лиц)
Опыт продаж в сфере цифровой электроники с 2009 года.

В нашем ассортименте оригинальный айфон 4/4s/5/5c/5s/6/6s/se/7/plus всех цветов и объемов памяти по лучшей цене в Казани!

NEW Apple iPhone 4S 32Gb Black = 5990 руб, ГАРАНТИЯ 1 ГОД (как новый)

- цена действует при оплате полной стоимости товара наличными
- выдаем товарный чек и гарантийный талон, заверенные печатью
- количество товара ограничено, уточняйте актуальное наличие
- в заводской пленке, без следов эксплуатации, отличный подарок

-> Звоните: 10.00-20.00, ежедневно

У нас вы сможете наиболее выгодно и дешево купить интересующий вас гаджет или аксессуар!
Магазин AMOLED";"5990";"14.jpg,price35.jpg"
"С гарантией RFB iPhone 4S 32Gb A1431 White";"Уважаемый покупатель,
Добро пожаловать в магазин AMOLED

-> АКЦИЯ, аксессуар на выбор в ПОДАРОК за отзыв!

Мы всегда идем навстречу нашим покупателям и дорожим своей репутацией.
Гибкие возможности вашей покупки:
1) ОПЛАТА кредитной/дебетовой КАРТОЙ
2) ТРЕЙД-ИН, ОБМЕН старого телефона 
3) ДОСТАВКА ПО РФ через ТК CDEK
4) РАССРОЧКА, банки ОТП/Хоум-Кредит
5) ОПТ, ОПЛАТА ЧЕРЕЗ Р/С (для юрид лиц)
Опыт продаж в сфере цифровой электроники с 2009 года.

В нашем ассортименте оригинальный айфон 4/4s/5/5c/5s/6/6s/se/7/plus всех цветов и объемов памяти по лучшей цене в Казани!

RFB Apple iPhone 4S 32Gb White = 6000 руб, ГАРАНТИЯ 1 ГОД (восстановленный)

- цена действует при оплате полной стоимости товара наличными
- выдаем товарный чек и гарантийный талон, заверенные печатью
- количество товара ограничено, уточняйте актуальное наличие
- в заводской пленке, без следов эксплуатации, отличный подарок

-> Звоните: 10.00-20.00, ежедневно

У нас вы сможете наиболее выгодно и дешево купить интересующий вас гаджет или аксессуар!
Магазин AMOLED";"6000";"15.jpg,price36.jpg"
"С гарантией NEW iPhone 4S 8Gb A1431 White Магазин";"Уважаемый покупатель,
Добро пожаловать в магазин AMOLED

-> АКЦИЯ, аксессуар на выбор в ПОДАРОК за отзыв!

Мы всегда идем навстречу нашим покупателям и дорожим своей репутацией.
Гибкие возможности вашей покупки:
1) ОПЛАТА кредитной/дебетовой КАРТОЙ
2) ТРЕЙД-ИН, ОБМЕН старого телефона 
3) ДОСТАВКА ПО РФ через ТК CDEK
4) РАССРОЧКА, банки ОТП/Хоум-Кредит
5) ОПТ, ОПЛАТА ЧЕРЕЗ Р/С (для юрид лиц)
Опыт продаж в сфере цифровой электроники с 2009 года.

В нашем ассортименте оригинальный айфон 4/4s/5/5c/5s/6/6s/se/7/plus всех цветов и объемов памяти по лучшей цене в Казани!

NEW Apple iPhone 4S 8Gb White = 4990 руб, ГАРАНТИЯ 1 ГОД (как новый)

- цена действует при оплате полной стоимости товара наличными
- выдаем товарный чек и гарантийный талон, заверенные печатью
- количество товара ограничено, уточняйте актуальное наличие
- в заводской пленке, без следов эксплуатации, отличный подарок

-> Звоните: 10.00-20.00, ежедневно

У нас вы сможете наиболее выгодно и дешево купить интересующий вас гаджет или аксессуар!
Магазин AMOLED";"4990";"16.jpg,price37.jpg"
"С гарантией NEW iPhone 4S 64Gb A1387 White";"Уважаемый покупатель,
Добро пожаловать в магазин AMOLED

-> АКЦИЯ, аксессуар на выбор в ПОДАРОК за отзыв!

Мы всегда идем навстречу нашим покупателям и дорожим своей репутацией.
Гибкие возможности вашей покупки:
1) ОПЛАТА кредитной/дебетовой КАРТОЙ
2) ТРЕЙД-ИН, ОБМЕН старого телефона 
3) ДОСТАВКА ПО РФ через ТК CDEK
4) РАССРОЧКА, банки ОТП/Хоум-Кредит
5) ОПТ, ОПЛАТА ЧЕРЕЗ Р/С (для юрид лиц)
Опыт продаж в сфере цифровой электроники с 2009 года.

В нашем ассортименте оригинальный айфон 4/4s/5/5c/5s/6/6s/se/7/plus всех цветов и объемов памяти по лучшей цене в Казани!

NEW Apple iPhone 4S 64Gb White = 6490 руб, ГАРАНТИЯ 1 ГОД (как новый)

- цена действует при оплате полной стоимости товара наличными
- выдаем товарный чек и гарантийный талон, заверенные печатью
- количество товара ограничено, уточняйте актуальное наличие
- в заводской пленке, без следов эксплуатации, отличный подарок

-> Звоните: 10.00-20.00, ежедневно

У нас вы сможете наиболее выгодно и дешево купить интересующий вас гаджет или аксессуар!
Магазин AMOLED";"6490";"17.jpg,price38.jpg"
"С гарантией RFB iPhone 4S 8Gb A1387 Black Магазин";"Уважаемый покупатель,
Добро пожаловать в магазин AMOLED

-> АКЦИЯ, аксессуар на выбор в ПОДАРОК за отзыв!

Мы всегда идем навстречу нашим покупателям и дорожим своей репутацией.
Гибкие возможности вашей покупки:
1) ОПЛАТА кредитной/дебетовой КАРТОЙ
2) ТРЕЙД-ИН, ОБМЕН старого телефона 
3) ДОСТАВКА ПО РФ через ТК CDEK
4) РАССРОЧКА, банки ОТП/Хоум-Кредит
5) ОПТ, ОПЛАТА ЧЕРЕЗ Р/С (для юрид лиц)
Опыт продаж в сфере цифровой электроники с 2009 года.

В нашем ассортименте оригинальный айфон 4/4s/5/5c/5s/6/6s/se/7/plus всех цветов и объемов памяти по лучшей цене в Казани!

RFB Apple iPhone 4S 8Gb Black = 5000 руб, ГАРАНТИЯ 1 ГОД (восстановленный)

- цена действует при оплате полной стоимости товара наличными
- выдаем товарный чек и гарантийный талон, заверенные печатью
- количество товара ограничено, уточняйте актуальное наличие
- в заводской пленке, без следов эксплуатации, отличный подарок

-> Звоните: 10.00-20.00, ежедневно

У нас вы сможете наиболее выгодно и дешево купить интересующий вас гаджет или аксессуар!
Магазин AMOLED";"5000";"18.jpg,price39.jpg"
"С гарантией RFB iPhone 4S 64Gb A1387 Black";"Уважаемый покупатель,
Добро пожаловать в магазин AMOLED

-> АКЦИЯ, аксессуар на выбор в ПОДАРОК за отзыв!

Мы всегда идем навстречу нашим покупателям и дорожим своей репутацией.
Гибкие возможности вашей покупки:
1) ОПЛАТА кредитной/дебетовой КАРТОЙ
2) ТРЕЙД-ИН, ОБМЕН старого телефона 
3) ДОСТАВКА ПО РФ через ТК CDEK
4) РАССРОЧКА, банки ОТП/Хоум-Кредит
5) ОПТ, ОПЛАТА ЧЕРЕЗ Р/С (для юрид лиц)
Опыт продаж в сфере цифровой электроники с 2009 года.

В нашем ассортименте оригинальный айфон 4/4s/5/5c/5s/6/6s/se/7/plus всех цветов и объемов памяти по лучшей цене в Казани!

RFB Apple iPhone 4S 64Gb Black = 6500 руб, ГАРАНТИЯ 1 ГОД (восстановленный)

- цена действует при оплате полной стоимости товара наличными
- выдаем товарный чек и гарантийный талон, заверенные печатью
- количество товара ограничено, уточняйте актуальное наличие
- в заводской пленке, без следов эксплуатации, отличный подарок

-> Звоните: 10.00-20.00, ежедневно

У нас вы сможете наиболее выгодно и дешево купить интересующий вас гаджет или аксессуар!
Магазин AMOLED";"6500";"19.jpg,price40.jpg"
"С гарантией NEW iPhone 4S 8Gb A1387 White Магазин";"Уважаемый покупатель,
Добро пожаловать в магазин AMOLED

-> АКЦИЯ, аксессуар на выбор в ПОДАРОК за отзыв!

Мы всегда идем навстречу нашим покупателям и дорожим своей репутацией.
Гибкие возможности вашей покупки:
1) ОПЛАТА кредитной/дебетовой КАРТОЙ
2) ТРЕЙД-ИН, ОБМЕН старого телефона 
3) ДОСТАВКА ПО РФ через ТК CDEK
4) РАССРОЧКА, банки ОТП/Хоум-Кредит
5) ОПТ, ОПЛАТА ЧЕРЕЗ Р/С (для юрид лиц)
Опыт продаж в сфере цифровой электроники с 2009 года.

В нашем ассортименте оригинальный айфон 4/4s/5/5c/5s/6/6s/se/7/plus всех цветов и объемов памяти по лучшей цене в Казани!

NEW Apple iPhone 4S 8Gb White = 4990 руб, ГАРАНТИЯ 1 ГОД (как новый)

- цена действует при оплате полной стоимости товара наличными
- выдаем товарный чек и гарантийный талон, заверенные печатью
- количество товара ограничено, уточняйте актуальное наличие
- в заводской пленке, без следов эксплуатации, отличный подарок

-> Звоните: 10.00-20.00, ежедневно

У нас вы сможете наиболее выгодно и дешево купить интересующий вас гаджет или аксессуар!
Магазин AMOLED";"4990";"20.jpg,price41.jpg"
"С гарантией RFB iPhone 4S 16Gb A1431 Black";"Уважаемый покупатель,
Добро пожаловать в магазин AMOLED

-> АКЦИЯ, аксессуар на выбор в ПОДАРОК за отзыв!

Мы всегда идем навстречу нашим покупателям и дорожим своей репутацией.
Гибкие возможности вашей покупки:
1) ОПЛАТА кредитной/дебетовой КАРТОЙ
2) ТРЕЙД-ИН, ОБМЕН старого телефона 
3) ДОСТАВКА ПО РФ через ТК CDEK
4) РАССРОЧКА, банки ОТП/Хоум-Кредит
5) ОПТ, ОПЛАТА ЧЕРЕЗ Р/С (для юрид лиц)
Опыт продаж в сфере цифровой электроники с 2009 года.

В нашем ассортименте оригинальный айфон 4/4s/5/5c/5s/6/6s/se/7/plus всех цветов и объемов памяти по лучшей цене в Казани!

RFB Apple iPhone 4S 16Gb Black = 5500 руб, ГАРАНТИЯ 1 ГОД (восстановленный)

- цена действует при оплате полной стоимости товара наличными
- выдаем товарный чек и гарантийный талон, заверенные печатью
- количество товара ограничено, уточняйте актуальное наличие
- в заводской пленке, без следов эксплуатации, отличный подарок

-> Звоните: 10.00-20.00, ежедневно

У нас вы сможете наиболее выгодно и дешево купить интересующий вас гаджет или аксессуар!
Магазин AMOLED";"5500";"21.jpg,price42.jpg"
"С гарантией NEW iPhone 4S 32Gb A1431 White";"Уважаемый покупатель,
Добро пожаловать в магазин AMOLED

-> АКЦИЯ, аксессуар на выбор в ПОДАРОК за отзыв!

Мы всегда идем навстречу нашим покупателям и дорожим своей репутацией.
Гибкие возможности вашей покупки:
1) ОПЛАТА кредитной/дебетовой КАРТОЙ
2) ТРЕЙД-ИН, ОБМЕН старого телефона 
3) ДОСТАВКА ПО РФ через ТК CDEK
4) РАССРОЧКА, банки ОТП/Хоум-Кредит
5) ОПТ, ОПЛАТА ЧЕРЕЗ Р/С (для юрид лиц)
Опыт продаж в сфере цифровой электроники с 2009 года.

В нашем ассортименте оригинальный айфон 4/4s/5/5c/5s/6/6s/se/7/plus всех цветов и объемов памяти по лучшей цене в Казани!

NEW Apple iPhone 4S 32Gb White = 5990 руб, ГАРАНТИЯ 1 ГОД (как новый)

- цена действует при оплате полной стоимости товара наличными
- выдаем товарный чек и гарантийный талон, заверенные печатью
- количество товара ограничено, уточняйте актуальное наличие
- в заводской пленке, без следов эксплуатации, отличный подарок

-> Звоните: 10.00-20.00, ежедневно

У нас вы сможете наиболее выгодно и дешево купить интересующий вас гаджет или аксессуар!
Магазин AMOLED";"5990";"22.jpg,price43.jpg"
"С гарантией RFB iPhone 4S 8Gb A1431 White Магазин";"Уважаемый покупатель,
Добро пожаловать в магазин AMOLED

-> АКЦИЯ, аксессуар на выбор в ПОДАРОК за отзыв!

Мы всегда идем навстречу нашим покупателям и дорожим своей репутацией.
Гибкие возможности вашей покупки:
1) ОПЛАТА кредитной/дебетовой КАРТОЙ
2) ТРЕЙД-ИН, ОБМЕН старого телефона 
3) ДОСТАВКА ПО РФ через ТК CDEK
4) РАССРОЧКА, банки ОТП/Хоум-Кредит
5) ОПТ, ОПЛАТА ЧЕРЕЗ Р/С (для юрид лиц)
Опыт продаж в сфере цифровой электроники с 2009 года.

В нашем ассортименте оригинальный айфон 4/4s/5/5c/5s/6/6s/se/7/plus всех цветов и объемов памяти по лучшей цене в Казани!

RFB Apple iPhone 4S 8Gb White = 5000 руб, ГАРАНТИЯ 1 ГОД (восстановленный)

- цена действует при оплате полной стоимости товара наличными
- выдаем товарный чек и гарантийный талон, заверенные печатью
- количество товара ограничено, уточняйте актуальное наличие
- в заводской пленке, без следов эксплуатации, отличный подарок

-> Звоните: 10.00-20.00, ежедневно

У нас вы сможете наиболее выгодно и дешево купить интересующий вас гаджет или аксессуар!
Магазин AMOLED";"5000";"23.jpg,price44.jpg"
"С гарантией NEW iPhone 4S 16Gb A1431 White";"Уважаемый покупатель,
Добро пожаловать в магазин AMOLED

-> АКЦИЯ, аксессуар на выбор в ПОДАРОК за отзыв!

Мы всегда идем навстречу нашим покупателям и дорожим своей репутацией.
Гибкие возможности вашей покупки:
1) ОПЛАТА кредитной/дебетовой КАРТОЙ
2) ТРЕЙД-ИН, ОБМЕН старого телефона 
3) ДОСТАВКА ПО РФ через ТК CDEK
4) РАССРОЧКА, банки ОТП/Хоум-Кредит
5) ОПТ, ОПЛАТА ЧЕРЕЗ Р/С (для юрид лиц)
Опыт продаж в сфере цифровой электроники с 2009 года.

В нашем ассортименте оригинальный айфон 4/4s/5/5c/5s/6/6s/se/7/plus всех цветов и объемов памяти по лучшей цене в Казани!

NEW Apple iPhone 4S 16Gb White = 5490 руб, ГАРАНТИЯ 1 ГОД (как новый)

- цена действует при оплате полной стоимости товара наличными
- выдаем товарный чек и гарантийный талон, заверенные печатью
- количество товара ограничено, уточняйте актуальное наличие
- в заводской пленке, без следов эксплуатации, отличный подарок

-> Звоните: 10.00-20.00, ежедневно

У нас вы сможете наиболее выгодно и дешево купить интересующий вас гаджет или аксессуар!
Магазин AMOLED";"5490";"24.jpg,price45.jpg"
"С гарантией RFB iPhone 4S 32Gb A1387 Black";"Уважаемый покупатель,
Добро пожаловать в магазин AMOLED

-> АКЦИЯ, аксессуар на выбор в ПОДАРОК за отзыв!

Мы всегда идем навстречу нашим покупателям и дорожим своей репутацией.
Гибкие возможности вашей покупки:
1) ОПЛАТА кредитной/дебетовой КАРТОЙ
2) ТРЕЙД-ИН, ОБМЕН старого телефона 
3) ДОСТАВКА ПО РФ через ТК CDEK
4) РАССРОЧКА, банки ОТП/Хоум-Кредит
5) ОПТ, ОПЛАТА ЧЕРЕЗ Р/С (для юрид лиц)
Опыт продаж в сфере цифровой электроники с 2009 года.

В нашем ассортименте оригинальный айфон 4/4s/5/5c/5s/6/6s/se/7/plus всех цветов и объемов памяти по лучшей цене в Казани!

RFB Apple iPhone 4S 32Gb Black = 6000 руб, ГАРАНТИЯ 1 ГОД (восстановленный)

- цена действует при оплате полной стоимости товара наличными
- выдаем товарный чек и гарантийный талон, заверенные печатью
- количество товара ограничено, уточняйте актуальное наличие
- в заводской пленке, без следов эксплуатации, отличный подарок

-> Звоните: 10.00-20.00, ежедневно

У нас вы сможете наиболее выгодно и дешево купить интересующий вас гаджет или аксессуар!
Магазин AMOLED";"6000";"25.jpg,price46.jpg"
"С гарантией NEW iPhone 4S 64Gb A1431 White";"Уважаемый покупатель,
Добро пожаловать в магазин AMOLED

-> АКЦИЯ, аксессуар на выбор в ПОДАРОК за отзыв!

Мы всегда идем навстречу нашим покупателям и дорожим своей репутацией.
Гибкие возможности вашей покупки:
1) ОПЛАТА кредитной/дебетовой КАРТОЙ
2) ТРЕЙД-ИН, ОБМЕН старого телефона 
3) ДОСТАВКА ПО РФ через ТК CDEK
4) РАССРОЧКА, банки ОТП/Хоум-Кредит
5) ОПТ, ОПЛАТА ЧЕРЕЗ Р/С (для юрид лиц)
Опыт продаж в сфере цифровой электроники с 2009 года.

В нашем ассортименте оригинальный айфон 4/4s/5/5c/5s/6/6s/se/7/plus всех цветов и объемов памяти по лучшей цене в Казани!

NEW Apple iPhone 4S 64Gb White = 6490 руб, ГАРАНТИЯ 1 ГОД (как новый)

- цена действует при оплате полной стоимости товара наличными
- выдаем товарный чек и гарантийный талон, заверенные печатью
- количество товара ограничено, уточняйте актуальное наличие
- в заводской пленке, без следов эксплуатации, отличный подарок

-> Звоните: 10.00-20.00, ежедневно

У нас вы сможете наиболее выгодно и дешево купить интересующий вас гаджет или аксессуар!
Магазин AMOLED";"6490";"26.jpg,price47.jpg"
"С гарантией NEW iPhone 4S 16Gb A1387 Black";"Уважаемый покупатель,
Добро пожаловать в магазин AMOLED

-> АКЦИЯ, аксессуар на выбор в ПОДАРОК за отзыв!

Мы всегда идем навстречу нашим покупателям и дорожим своей репутацией.
Гибкие возможности вашей покупки:
1) ОПЛАТА кредитной/дебетовой КАРТОЙ
2) ТРЕЙД-ИН, ОБМЕН старого телефона 
3) ДОСТАВКА ПО РФ через ТК CDEK
4) РАССРОЧКА, банки ОТП/Хоум-Кредит
5) ОПТ, ОПЛАТА ЧЕРЕЗ Р/С (для юрид лиц)
Опыт продаж в сфере цифровой электроники с 2009 года.

В нашем ассортименте оригинальный айфон 4/4s/5/5c/5s/6/6s/se/7/plus всех цветов и объемов памяти по лучшей цене в Казани!

NEW Apple iPhone 4S 16Gb Black = 5490 руб, ГАРАНТИЯ 1 ГОД (как новый)

- цена действует при оплате полной стоимости товара наличными
- выдаем товарный чек и гарантийный талон, заверенные печатью
- количество товара ограничено, уточняйте актуальное наличие
- в заводской пленке, без следов эксплуатации, отличный подарок

-> Звоните: 10.00-20.00, ежедневно

У нас вы сможете наиболее выгодно и дешево купить интересующий вас гаджет или аксессуар!
Магазин AMOLED";"5490";"27.jpg,price48.jpg"
"С гарантией RFB iPhone 4S 32Gb A1431 Black";"Уважаемый покупатель,
Добро пожаловать в магазин AMOLED

-> АКЦИЯ, аксессуар на выбор в ПОДАРОК за отзыв!

Мы всегда идем навстречу нашим покупателям и дорожим своей репутацией.
Гибкие возможности вашей покупки:
1) ОПЛАТА кредитной/дебетовой КАРТОЙ
2) ТРЕЙД-ИН, ОБМЕН старого телефона 
3) ДОСТАВКА ПО РФ через ТК CDEK
4) РАССРОЧКА, банки ОТП/Хоум-Кредит
5) ОПТ, ОПЛАТА ЧЕРЕЗ Р/С (для юрид лиц)
Опыт продаж в сфере цифровой электроники с 2009 года.

В нашем ассортименте оригинальный айфон 4/4s/5/5c/5s/6/6s/se/7/plus всех цветов и объемов памяти по лучшей цене в Казани!

RFB Apple iPhone 4S 32Gb Black = 6000 руб, ГАРАНТИЯ 1 ГОД (восстановленный)

- цена действует при оплате полной стоимости товара наличными
- выдаем товарный чек и гарантийный талон, заверенные печатью
- количество товара ограничено, уточняйте актуальное наличие
- в заводской пленке, без следов эксплуатации, отличный подарок

-> Звоните: 10.00-20.00, ежедневно

У нас вы сможете наиболее выгодно и дешево купить интересующий вас гаджет или аксессуар!
Магазин AMOLED";"6000";"28.jpg,price49.jpg"
"С гарантией NEW iPhone 4S 8Gb A1431 Black Магазин";"Уважаемый покупатель,
Добро пожаловать в магазин AMOLED

-> АКЦИЯ, аксессуар на выбор в ПОДАРОК за отзыв!

Мы всегда идем навстречу нашим покупателям и дорожим своей репутацией.
Гибкие возможности вашей покупки:
1) ОПЛАТА кредитной/дебетовой КАРТОЙ
2) ТРЕЙД-ИН, ОБМЕН старого телефона 
3) ДОСТАВКА ПО РФ через ТК CDEK
4) РАССРОЧКА, банки ОТП/Хоум-Кредит
5) ОПТ, ОПЛАТА ЧЕРЕЗ Р/С (для юрид лиц)
Опыт продаж в сфере цифровой электроники с 2009 года.

В нашем ассортименте оригинальный айфон 4/4s/5/5c/5s/6/6s/se/7/plus всех цветов и объемов памяти по лучшей цене в Казани!

NEW Apple iPhone 4S 8Gb Black = 4990 руб, ГАРАНТИЯ 1 ГОД (как новый)

- цена действует при оплате полной стоимости товара наличными
- выдаем товарный чек и гарантийный талон, заверенные печатью
- количество товара ограничено, уточняйте актуальное наличие
- в заводской пленке, без следов эксплуатации, отличный подарок

-> Звоните: 10.00-20.00, ежедневно

У нас вы сможете наиболее выгодно и дешево купить интересующий вас гаджет или аксессуар!
Магазин AMOLED";"4990";"29.jpg,price50.jpg"
"С гарантией NEW iPhone 4S 64Gb A1431 Black";"Уважаемый покупатель,
Добро пожаловать в магазин AMOLED

-> АКЦИЯ, аксессуар на выбор в ПОДАРОК за отзыв!

Мы всегда идем навстречу нашим покупателям и дорожим своей репутацией.
Гибкие возможности вашей покупки:
1) ОПЛАТА кредитной/дебетовой КАРТОЙ
2) ТРЕЙД-ИН, ОБМЕН старого телефона 
3) ДОСТАВКА ПО РФ через ТК CDEK
4) РАССРОЧКА, банки ОТП/Хоум-Кредит
5) ОПТ, ОПЛАТА ЧЕРЕЗ Р/С (для юрид лиц)
Опыт продаж в сфере цифровой электроники с 2009 года.

В нашем ассортименте оригинальный айфон 4/4s/5/5c/5s/6/6s/se/7/plus всех цветов и объемов памяти по лучшей цене в Казани!

NEW Apple iPhone 4S 64Gb Black = 6490 руб, ГАРАНТИЯ 1 ГОД (как новый)

- цена действует при оплате полной стоимости товара наличными
- выдаем товарный чек и гарантийный талон, заверенные печатью
- количество товара ограничено, уточняйте актуальное наличие
- в заводской пленке, без следов эксплуатации, отличный подарок

-> Звоните: 10.00-20.00, ежедневно

У нас вы сможете наиболее выгодно и дешево купить интересующий вас гаджет или аксессуар!
Магазин AMOLED";"6490";"30.jpg,price51.jpg"
"С гарантией RFB iPhone 4S 64Gb A1431 White";"Уважаемый покупатель,
Добро пожаловать в магазин AMOLED

-> АКЦИЯ, аксессуар на выбор в ПОДАРОК за отзыв!

Мы всегда идем навстречу нашим покупателям и дорожим своей репутацией.
Гибкие возможности вашей покупки:
1) ОПЛАТА кредитной/дебетовой КАРТОЙ
2) ТРЕЙД-ИН, ОБМЕН старого телефона 
3) ДОСТАВКА ПО РФ через ТК CDEK
4) РАССРОЧКА, банки ОТП/Хоум-Кредит
5) ОПТ, ОПЛАТА ЧЕРЕЗ Р/С (для юрид лиц)
Опыт продаж в сфере цифровой электроники с 2009 года.

В нашем ассортименте оригинальный айфон 4/4s/5/5c/5s/6/6s/se/7/plus всех цветов и объемов памяти по лучшей цене в Казани!

RFB Apple iPhone 4S 64Gb White = 6500 руб, ГАРАНТИЯ 1 ГОД (восстановленный)

- цена действует при оплате полной стоимости товара наличными
- выдаем товарный чек и гарантийный талон, заверенные печатью
- количество товара ограничено, уточняйте актуальное наличие
- в заводской пленке, без следов эксплуатации, отличный подарок

-> Звоните: 10.00-20.00, ежедневно

У нас вы сможете наиболее выгодно и дешево купить интересующий вас гаджет или аксессуар!
Магазин AMOLED";"6500";"31.jpg,price52.jpg"
"С гарантией NEW iPhone 4S 16Gb A1387 White";"Уважаемый покупатель,
Добро пожаловать в магазин AMOLED

-> АКЦИЯ, аксессуар на выбор в ПОДАРОК за отзыв!

Мы всегда идем навстречу нашим покупателям и дорожим своей репутацией.
Гибкие возможности вашей покупки:
1) ОПЛАТА кредитной/дебетовой КАРТОЙ
2) ТРЕЙД-ИН, ОБМЕН старого телефона 
3) ДОСТАВКА ПО РФ через ТК CDEK
4) РАССРОЧКА, банки ОТП/Хоум-Кредит
5) ОПТ, ОПЛАТА ЧЕРЕЗ Р/С (для юрид лиц)
Опыт продаж в сфере цифровой электроники с 2009 года.

В нашем ассортименте оригинальный айфон 4/4s/5/5c/5s/6/6s/se/7/plus всех цветов и объемов памяти по лучшей цене в Казани!

NEW Apple iPhone 4S 16Gb White = 5490 руб, ГАРАНТИЯ 1 ГОД (как новый)

- цена действует при оплате полной стоимости товара наличными
- выдаем товарный чек и гарантийный талон, заверенные печатью
- количество товара ограничено, уточняйте актуальное наличие
- в заводской пленке, без следов эксплуатации, отличный подарок

-> Звоните: 10.00-20.00, ежедневно

У нас вы сможете наиболее выгодно и дешево купить интересующий вас гаджет или аксессуар!
Магазин AMOLED";"5490";"32.jpg,price53.jpg"
