"С гарантией NEW iPhone 6S 16Gb A1700 White";"Уважаемый покупатель,
Добро пожаловать в магазин AMOLED

-> АКЦИЯ, аксессуар на выбор в ПОДАРОК за отзыв!

Мы всегда идем навстречу нашим покупателям и дорожим своей репутацией.
Гибкие возможности вашей покупки:
1) ОПЛАТА кредитной/дебетовой КАРТОЙ
2) ТРЕЙД-ИН, ОБМЕН старого телефона 
3) ДОСТАВКА ПО РФ через ТК CDEK
4) РАССРОЧКА, банки ОТП/Хоум-Кредит
5) ОПТ, ОПЛАТА ЧЕРЕЗ Р/С (для юрид лиц)
Опыт продаж в сфере цифровой электроники с 2009 года.

В нашем ассортименте оригинальный айфон 4/4s/5/5c/5s/6/6s/se/7/plus всех цветов и объемов памяти по лучшей цене в Казани!

NEW Apple iPhone 6S 16Gb White = 29000 руб, ГАРАНТИЯ 1 ГОД (НОВЫЙ, НЕ РЕФ)

- цена действует при оплате полной стоимости товара наличными
- выдаем товарный чек и гарантийный талон, заверенные печатью
- количество товара ограничено, уточняйте актуальное наличие
- в заводской пленке, без следов эксплуатации, отличный подарок

-> Звоните: 10.00-20.00, ежедневно

У нас вы сможете наиболее выгодно и дешево купить интересующий вас гаджет или аксессуар!
Магазин AMOLED";"29000";"1.jpg,price333.jpg"
"С гарантией RFB iPhone 6S 128Gb Б/О A1700 White";"Уважаемый покупатель,
Добро пожаловать в магазин AMOLED

-> АКЦИЯ, аксессуар на выбор в ПОДАРОК за отзыв!

Мы всегда идем навстречу нашим покупателям и дорожим своей репутацией.
Гибкие возможности вашей покупки:
1) ОПЛАТА кредитной/дебетовой КАРТОЙ
2) ТРЕЙД-ИН, ОБМЕН старого телефона 
3) ДОСТАВКА ПО РФ через ТК CDEK
4) РАССРОЧКА, банки ОТП/Хоум-Кредит
5) ОПТ, ОПЛАТА ЧЕРЕЗ Р/С (для юрид лиц)
Опыт продаж в сфере цифровой электроники с 2009 года.

В нашем ассортименте оригинальный айфон 4/4s/5/5c/5s/6/6s/se/7/plus всех цветов и объемов памяти по лучшей цене в Казани!

RFB Apple iPhone 6S 128Gb без отпечатка White = 24000 руб, ГАРАНТИЯ 1 ГОД (восстановленный)

- цена действует при оплате полной стоимости товара наличными
- выдаем товарный чек и гарантийный талон, заверенные печатью
- количество товара ограничено, уточняйте актуальное наличие
- в заводской пленке, без следов эксплуатации, отличный подарок

-> Звоните: 10.00-20.00, ежедневно

У нас вы сможете наиболее выгодно и дешево купить интересующий вас гаджет или аксессуар!
Магазин AMOLED";"24000";"2.jpg,price334.jpg"
"С гарантией RFB iPhone 6S 64Gb Б/О A1633 Gold";"Уважаемый покупатель,
Добро пожаловать в магазин AMOLED

-> АКЦИЯ, аксессуар на выбор в ПОДАРОК за отзыв!

Мы всегда идем навстречу нашим покупателям и дорожим своей репутацией.
Гибкие возможности вашей покупки:
1) ОПЛАТА кредитной/дебетовой КАРТОЙ
2) ТРЕЙД-ИН, ОБМЕН старого телефона 
3) ДОСТАВКА ПО РФ через ТК CDEK
4) РАССРОЧКА, банки ОТП/Хоум-Кредит
5) ОПТ, ОПЛАТА ЧЕРЕЗ Р/С (для юрид лиц)
Опыт продаж в сфере цифровой электроники с 2009 года.

В нашем ассортименте оригинальный айфон 4/4s/5/5c/5s/6/6s/se/7/plus всех цветов и объемов памяти по лучшей цене в Казани!

RFB Apple iPhone 6S 64Gb без отпечатка Gold = 22000 руб, ГАРАНТИЯ 1 ГОД (восстановленный)

- цена действует при оплате полной стоимости товара наличными
- выдаем товарный чек и гарантийный талон, заверенные печатью
- количество товара ограничено, уточняйте актуальное наличие
- в заводской пленке, без следов эксплуатации, отличный подарок

-> Звоните: 10.00-20.00, ежедневно

У нас вы сможете наиболее выгодно и дешево купить интересующий вас гаджет или аксессуар!
Магазин AMOLED";"22000";"3.jpg,price335.jpg"
"С гарантией NEW iPhone 6S 64Gb A1633 Black";"Уважаемый покупатель,
Добро пожаловать в магазин AMOLED

-> АКЦИЯ, аксессуар на выбор в ПОДАРОК за отзыв!

Мы всегда идем навстречу нашим покупателям и дорожим своей репутацией.
Гибкие возможности вашей покупки:
1) ОПЛАТА кредитной/дебетовой КАРТОЙ
2) ТРЕЙД-ИН, ОБМЕН старого телефона 
3) ДОСТАВКА ПО РФ через ТК CDEK
4) РАССРОЧКА, банки ОТП/Хоум-Кредит
5) ОПТ, ОПЛАТА ЧЕРЕЗ Р/С (для юрид лиц)
Опыт продаж в сфере цифровой электроники с 2009 года.

В нашем ассортименте оригинальный айфон 4/4s/5/5c/5s/6/6s/se/7/plus всех цветов и объемов памяти по лучшей цене в Казани!

NEW Apple iPhone 6S 64Gb Black = 37000 руб, ГАРАНТИЯ 1 ГОД (НОВЫЙ, НЕ РЕФ)

- цена действует при оплате полной стоимости товара наличными
- выдаем товарный чек и гарантийный талон, заверенные печатью
- количество товара ограничено, уточняйте актуальное наличие
- в заводской пленке, без следов эксплуатации, отличный подарок

-> Звоните: 10.00-20.00, ежедневно

У нас вы сможете наиболее выгодно и дешево купить интересующий вас гаджет или аксессуар!
Магазин AMOLED";"37000";"4.jpg,price336.jpg"
"С гарантией RFB iPhone 6S 64Gb A1700 Gold Магазин";"Уважаемый покупатель,
Добро пожаловать в магазин AMOLED

-> АКЦИЯ, аксессуар на выбор в ПОДАРОК за отзыв!

Мы всегда идем навстречу нашим покупателям и дорожим своей репутацией.
Гибкие возможности вашей покупки:
1) ОПЛАТА кредитной/дебетовой КАРТОЙ
2) ТРЕЙД-ИН, ОБМЕН старого телефона 
3) ДОСТАВКА ПО РФ через ТК CDEK
4) РАССРОЧКА, банки ОТП/Хоум-Кредит
5) ОПТ, ОПЛАТА ЧЕРЕЗ Р/С (для юрид лиц)
Опыт продаж в сфере цифровой электроники с 2009 года.

В нашем ассортименте оригинальный айфон 4/4s/5/5c/5s/6/6s/se/7/plus всех цветов и объемов памяти по лучшей цене в Казани!

RFB Apple iPhone 6S 64Gb Gold = 27500 руб, ГАРАНТИЯ 1 ГОД (восстановленный)

- цена действует при оплате полной стоимости товара наличными
- выдаем товарный чек и гарантийный талон, заверенные печатью
- количество товара ограничено, уточняйте актуальное наличие
- в заводской пленке, без следов эксплуатации, отличный подарок

-> Звоните: 10.00-20.00, ежедневно

У нас вы сможете наиболее выгодно и дешево купить интересующий вас гаджет или аксессуар!
Магазин AMOLED";"27500";"5.jpg,price337.jpg"
"С гарантией RFB iPhone 6S 128Gb Б/О A1633 Gold";"Уважаемый покупатель,
Добро пожаловать в магазин AMOLED

-> АКЦИЯ, аксессуар на выбор в ПОДАРОК за отзыв!

Мы всегда идем навстречу нашим покупателям и дорожим своей репутацией.
Гибкие возможности вашей покупки:
1) ОПЛАТА кредитной/дебетовой КАРТОЙ
2) ТРЕЙД-ИН, ОБМЕН старого телефона 
3) ДОСТАВКА ПО РФ через ТК CDEK
4) РАССРОЧКА, банки ОТП/Хоум-Кредит
5) ОПТ, ОПЛАТА ЧЕРЕЗ Р/С (для юрид лиц)
Опыт продаж в сфере цифровой электроники с 2009 года.

В нашем ассортименте оригинальный айфон 4/4s/5/5c/5s/6/6s/se/7/plus всех цветов и объемов памяти по лучшей цене в Казани!

RFB Apple iPhone 6S 128Gb без отпечатка Gold = 24000 руб, ГАРАНТИЯ 1 ГОД (восстановленный)

- цена действует при оплате полной стоимости товара наличными
- выдаем товарный чек и гарантийный талон, заверенные печатью
- количество товара ограничено, уточняйте актуальное наличие
- в заводской пленке, без следов эксплуатации, отличный подарок

-> Звоните: 10.00-20.00, ежедневно

У нас вы сможете наиболее выгодно и дешево купить интересующий вас гаджет или аксессуар!
Магазин AMOLED";"24000";"6.jpg,price338.jpg"
"С гарантией RFB iPhone 6S 128Gb A1700 Gold";"Уважаемый покупатель,
Добро пожаловать в магазин AMOLED

-> АКЦИЯ, аксессуар на выбор в ПОДАРОК за отзыв!

Мы всегда идем навстречу нашим покупателям и дорожим своей репутацией.
Гибкие возможности вашей покупки:
1) ОПЛАТА кредитной/дебетовой КАРТОЙ
2) ТРЕЙД-ИН, ОБМЕН старого телефона 
3) ДОСТАВКА ПО РФ через ТК CDEK
4) РАССРОЧКА, банки ОТП/Хоум-Кредит
5) ОПТ, ОПЛАТА ЧЕРЕЗ Р/С (для юрид лиц)
Опыт продаж в сфере цифровой электроники с 2009 года.

В нашем ассортименте оригинальный айфон 4/4s/5/5c/5s/6/6s/se/7/plus всех цветов и объемов памяти по лучшей цене в Казани!

RFB Apple iPhone 6S 128Gb Gold = 29000 руб, ГАРАНТИЯ 1 ГОД (восстановленный)

- цена действует при оплате полной стоимости товара наличными
- выдаем товарный чек и гарантийный талон, заверенные печатью
- количество товара ограничено, уточняйте актуальное наличие
- в заводской пленке, без следов эксплуатации, отличный подарок

-> Звоните: 10.00-20.00, ежедневно

У нас вы сможете наиболее выгодно и дешево купить интересующий вас гаджет или аксессуар!
Магазин AMOLED";"29000";"7.jpg,price339.jpg"
"С гарантией RFB iPhone 6S 16Gb A1633 White";"Уважаемый покупатель,
Добро пожаловать в магазин AMOLED

-> АКЦИЯ, аксессуар на выбор в ПОДАРОК за отзыв!

Мы всегда идем навстречу нашим покупателям и дорожим своей репутацией.
Гибкие возможности вашей покупки:
1) ОПЛАТА кредитной/дебетовой КАРТОЙ
2) ТРЕЙД-ИН, ОБМЕН старого телефона 
3) ДОСТАВКА ПО РФ через ТК CDEK
4) РАССРОЧКА, банки ОТП/Хоум-Кредит
5) ОПТ, ОПЛАТА ЧЕРЕЗ Р/С (для юрид лиц)
Опыт продаж в сфере цифровой электроники с 2009 года.

В нашем ассортименте оригинальный айфон 4/4s/5/5c/5s/6/6s/se/7/plus всех цветов и объемов памяти по лучшей цене в Казани!

RFB Apple iPhone 6S 16Gb White = 21500 руб, ГАРАНТИЯ 1 ГОД (восстановленный)

- цена действует при оплате полной стоимости товара наличными
- выдаем товарный чек и гарантийный талон, заверенные печатью
- количество товара ограничено, уточняйте актуальное наличие
- в заводской пленке, без следов эксплуатации, отличный подарок

-> Звоните: 10.00-20.00, ежедневно

У нас вы сможете наиболее выгодно и дешево купить интересующий вас гаджет или аксессуар!
Магазин AMOLED";"21500";"8.jpg,price340.jpg"
"С гарантией RFB iPhone 6S 128Gb Б/О A1688 Pink";"Уважаемый покупатель,
Добро пожаловать в магазин AMOLED

-> АКЦИЯ, аксессуар на выбор в ПОДАРОК за отзыв!

Мы всегда идем навстречу нашим покупателям и дорожим своей репутацией.
Гибкие возможности вашей покупки:
1) ОПЛАТА кредитной/дебетовой КАРТОЙ
2) ТРЕЙД-ИН, ОБМЕН старого телефона 
3) ДОСТАВКА ПО РФ через ТК CDEK
4) РАССРОЧКА, банки ОТП/Хоум-Кредит
5) ОПТ, ОПЛАТА ЧЕРЕЗ Р/С (для юрид лиц)
Опыт продаж в сфере цифровой электроники с 2009 года.

В нашем ассортименте оригинальный айфон 4/4s/5/5c/5s/6/6s/se/7/plus всех цветов и объемов памяти по лучшей цене в Казани!

RFB Apple iPhone 6S 128Gb без отпечатка Pink = 24000 руб, ГАРАНТИЯ 1 ГОД (восстановленный)

- цена действует при оплате полной стоимости товара наличными
- выдаем товарный чек и гарантийный талон, заверенные печатью
- количество товара ограничено, уточняйте актуальное наличие
- в заводской пленке, без следов эксплуатации, отличный подарок

-> Звоните: 10.00-20.00, ежедневно

У нас вы сможете наиболее выгодно и дешево купить интересующий вас гаджет или аксессуар!
Магазин AMOLED";"24000";"9.jpg,price341.jpg"
"С гарантией NEW iPhone 6S 32Gb A1700 Gold Магазин";"Уважаемый покупатель,
Добро пожаловать в магазин AMOLED

-> АКЦИЯ, аксессуар на выбор в ПОДАРОК за отзыв!

Мы всегда идем навстречу нашим покупателям и дорожим своей репутацией.
Гибкие возможности вашей покупки:
1) ОПЛАТА кредитной/дебетовой КАРТОЙ
2) ТРЕЙД-ИН, ОБМЕН старого телефона 
3) ДОСТАВКА ПО РФ через ТК CDEK
4) РАССРОЧКА, банки ОТП/Хоум-Кредит
5) ОПТ, ОПЛАТА ЧЕРЕЗ Р/С (для юрид лиц)
Опыт продаж в сфере цифровой электроники с 2009 года.

В нашем ассортименте оригинальный айфон 4/4s/5/5c/5s/6/6s/se/7/plus всех цветов и объемов памяти по лучшей цене в Казани!

NEW Apple iPhone 6S 32Gb Gold = 34500 руб, ГАРАНТИЯ 1 ГОД (НОВЫЙ, НЕ РЕФ)

- цена действует при оплате полной стоимости товара наличными
- выдаем товарный чек и гарантийный талон, заверенные печатью
- количество товара ограничено, уточняйте актуальное наличие
- в заводской пленке, без следов эксплуатации, отличный подарок

-> Звоните: 10.00-20.00, ежедневно

У нас вы сможете наиболее выгодно и дешево купить интересующий вас гаджет или аксессуар!
Магазин AMOLED";"34500";"10.jpg,price342.jpg"
"С гарантией NEW iPhone 6S 32Gb A1700 Pink Магазин";"Уважаемый покупатель,
Добро пожаловать в магазин AMOLED

-> АКЦИЯ, аксессуар на выбор в ПОДАРОК за отзыв!

Мы всегда идем навстречу нашим покупателям и дорожим своей репутацией.
Гибкие возможности вашей покупки:
1) ОПЛАТА кредитной/дебетовой КАРТОЙ
2) ТРЕЙД-ИН, ОБМЕН старого телефона 
3) ДОСТАВКА ПО РФ через ТК CDEK
4) РАССРОЧКА, банки ОТП/Хоум-Кредит
5) ОПТ, ОПЛАТА ЧЕРЕЗ Р/С (для юрид лиц)
Опыт продаж в сфере цифровой электроники с 2009 года.

В нашем ассортименте оригинальный айфон 4/4s/5/5c/5s/6/6s/se/7/plus всех цветов и объемов памяти по лучшей цене в Казани!

NEW Apple iPhone 6S 32Gb Pink = 34500 руб, ГАРАНТИЯ 1 ГОД (НОВЫЙ, НЕ РЕФ)

- цена действует при оплате полной стоимости товара наличными
- выдаем товарный чек и гарантийный талон, заверенные печатью
- количество товара ограничено, уточняйте актуальное наличие
- в заводской пленке, без следов эксплуатации, отличный подарок

-> Звоните: 10.00-20.00, ежедневно

У нас вы сможете наиболее выгодно и дешево купить интересующий вас гаджет или аксессуар!
Магазин AMOLED";"34500";"11.jpg,price343.jpg"
"С гарантией RFB iPhone 6S 64Gb A1688 White";"Уважаемый покупатель,
Добро пожаловать в магазин AMOLED

-> АКЦИЯ, аксессуар на выбор в ПОДАРОК за отзыв!

Мы всегда идем навстречу нашим покупателям и дорожим своей репутацией.
Гибкие возможности вашей покупки:
1) ОПЛАТА кредитной/дебетовой КАРТОЙ
2) ТРЕЙД-ИН, ОБМЕН старого телефона 
3) ДОСТАВКА ПО РФ через ТК CDEK
4) РАССРОЧКА, банки ОТП/Хоум-Кредит
5) ОПТ, ОПЛАТА ЧЕРЕЗ Р/С (для юрид лиц)
Опыт продаж в сфере цифровой электроники с 2009 года.

В нашем ассортименте оригинальный айфон 4/4s/5/5c/5s/6/6s/se/7/plus всех цветов и объемов памяти по лучшей цене в Казани!

RFB Apple iPhone 6S 64Gb White = 27500 руб, ГАРАНТИЯ 1 ГОД (восстановленный)

- цена действует при оплате полной стоимости товара наличными
- выдаем товарный чек и гарантийный талон, заверенные печатью
- количество товара ограничено, уточняйте актуальное наличие
- в заводской пленке, без следов эксплуатации, отличный подарок

-> Звоните: 10.00-20.00, ежедневно

У нас вы сможете наиболее выгодно и дешево купить интересующий вас гаджет или аксессуар!
Магазин AMOLED";"27500";"12.jpg,price344.jpg"
"С гарантией RFB iPhone 6S 128Gb A1700 Pink";"Уважаемый покупатель,
Добро пожаловать в магазин AMOLED

-> АКЦИЯ, аксессуар на выбор в ПОДАРОК за отзыв!

Мы всегда идем навстречу нашим покупателям и дорожим своей репутацией.
Гибкие возможности вашей покупки:
1) ОПЛАТА кредитной/дебетовой КАРТОЙ
2) ТРЕЙД-ИН, ОБМЕН старого телефона 
3) ДОСТАВКА ПО РФ через ТК CDEK
4) РАССРОЧКА, банки ОТП/Хоум-Кредит
5) ОПТ, ОПЛАТА ЧЕРЕЗ Р/С (для юрид лиц)
Опыт продаж в сфере цифровой электроники с 2009 года.

В нашем ассортименте оригинальный айфон 4/4s/5/5c/5s/6/6s/se/7/plus всех цветов и объемов памяти по лучшей цене в Казани!

RFB Apple iPhone 6S 128Gb Pink = 29000 руб, ГАРАНТИЯ 1 ГОД (восстановленный)

- цена действует при оплате полной стоимости товара наличными
- выдаем товарный чек и гарантийный талон, заверенные печатью
- количество товара ограничено, уточняйте актуальное наличие
- в заводской пленке, без следов эксплуатации, отличный подарок

-> Звоните: 10.00-20.00, ежедневно

У нас вы сможете наиболее выгодно и дешево купить интересующий вас гаджет или аксессуар!
Магазин AMOLED";"29000";"13.jpg,price345.jpg"
"С гарантией RFB iPhone 6S 128Gb Б/О A1700 Pink";"Уважаемый покупатель,
Добро пожаловать в магазин AMOLED

-> АКЦИЯ, аксессуар на выбор в ПОДАРОК за отзыв!

Мы всегда идем навстречу нашим покупателям и дорожим своей репутацией.
Гибкие возможности вашей покупки:
1) ОПЛАТА кредитной/дебетовой КАРТОЙ
2) ТРЕЙД-ИН, ОБМЕН старого телефона 
3) ДОСТАВКА ПО РФ через ТК CDEK
4) РАССРОЧКА, банки ОТП/Хоум-Кредит
5) ОПТ, ОПЛАТА ЧЕРЕЗ Р/С (для юрид лиц)
Опыт продаж в сфере цифровой электроники с 2009 года.

В нашем ассортименте оригинальный айфон 4/4s/5/5c/5s/6/6s/se/7/plus всех цветов и объемов памяти по лучшей цене в Казани!

RFB Apple iPhone 6S 128Gb без отпечатка Pink = 24000 руб, ГАРАНТИЯ 1 ГОД (восстановленный)

- цена действует при оплате полной стоимости товара наличными
- выдаем товарный чек и гарантийный талон, заверенные печатью
- количество товара ограничено, уточняйте актуальное наличие
- в заводской пленке, без следов эксплуатации, отличный подарок

-> Звоните: 10.00-20.00, ежедневно

У нас вы сможете наиболее выгодно и дешево купить интересующий вас гаджет или аксессуар!
Магазин AMOLED";"24000";"14.jpg,price346.jpg"
"С гарантией RFB iPhone 6S 64Gb A1700 Pink Магазин";"Уважаемый покупатель,
Добро пожаловать в магазин AMOLED

-> АКЦИЯ, аксессуар на выбор в ПОДАРОК за отзыв!

Мы всегда идем навстречу нашим покупателям и дорожим своей репутацией.
Гибкие возможности вашей покупки:
1) ОПЛАТА кредитной/дебетовой КАРТОЙ
2) ТРЕЙД-ИН, ОБМЕН старого телефона 
3) ДОСТАВКА ПО РФ через ТК CDEK
4) РАССРОЧКА, банки ОТП/Хоум-Кредит
5) ОПТ, ОПЛАТА ЧЕРЕЗ Р/С (для юрид лиц)
Опыт продаж в сфере цифровой электроники с 2009 года.

В нашем ассортименте оригинальный айфон 4/4s/5/5c/5s/6/6s/se/7/plus всех цветов и объемов памяти по лучшей цене в Казани!

RFB Apple iPhone 6S 64Gb Pink = 27500 руб, ГАРАНТИЯ 1 ГОД (восстановленный)

- цена действует при оплате полной стоимости товара наличными
- выдаем товарный чек и гарантийный талон, заверенные печатью
- количество товара ограничено, уточняйте актуальное наличие
- в заводской пленке, без следов эксплуатации, отличный подарок

-> Звоните: 10.00-20.00, ежедневно

У нас вы сможете наиболее выгодно и дешево купить интересующий вас гаджет или аксессуар!
Магазин AMOLED";"27500";"15.jpg,price347.jpg"
"С гарантией NEW iPhone 6S 64Gb A1688 Gold Магазин";"Уважаемый покупатель,
Добро пожаловать в магазин AMOLED

-> АКЦИЯ, аксессуар на выбор в ПОДАРОК за отзыв!

Мы всегда идем навстречу нашим покупателям и дорожим своей репутацией.
Гибкие возможности вашей покупки:
1) ОПЛАТА кредитной/дебетовой КАРТОЙ
2) ТРЕЙД-ИН, ОБМЕН старого телефона 
3) ДОСТАВКА ПО РФ через ТК CDEK
4) РАССРОЧКА, банки ОТП/Хоум-Кредит
5) ОПТ, ОПЛАТА ЧЕРЕЗ Р/С (для юрид лиц)
Опыт продаж в сфере цифровой электроники с 2009 года.

В нашем ассортименте оригинальный айфон 4/4s/5/5c/5s/6/6s/se/7/plus всех цветов и объемов памяти по лучшей цене в Казани!

NEW Apple iPhone 6S 64Gb Gold = 37000 руб, ГАРАНТИЯ 1 ГОД (НОВЫЙ, НЕ РЕФ)

- цена действует при оплате полной стоимости товара наличными
- выдаем товарный чек и гарантийный талон, заверенные печатью
- количество товара ограничено, уточняйте актуальное наличие
- в заводской пленке, без следов эксплуатации, отличный подарок

-> Звоните: 10.00-20.00, ежедневно

У нас вы сможете наиболее выгодно и дешево купить интересующий вас гаджет или аксессуар!
Магазин AMOLED";"37000";"16.jpg,price348.jpg"
"С гарантией RFB iPhone 6S 128Gb A1633 Pink";"Уважаемый покупатель,
Добро пожаловать в магазин AMOLED

-> АКЦИЯ, аксессуар на выбор в ПОДАРОК за отзыв!

Мы всегда идем навстречу нашим покупателям и дорожим своей репутацией.
Гибкие возможности вашей покупки:
1) ОПЛАТА кредитной/дебетовой КАРТОЙ
2) ТРЕЙД-ИН, ОБМЕН старого телефона 
3) ДОСТАВКА ПО РФ через ТК CDEK
4) РАССРОЧКА, банки ОТП/Хоум-Кредит
5) ОПТ, ОПЛАТА ЧЕРЕЗ Р/С (для юрид лиц)
Опыт продаж в сфере цифровой электроники с 2009 года.

В нашем ассортименте оригинальный айфон 4/4s/5/5c/5s/6/6s/se/7/plus всех цветов и объемов памяти по лучшей цене в Казани!

RFB Apple iPhone 6S 128Gb Pink = 29000 руб, ГАРАНТИЯ 1 ГОД (восстановленный)

- цена действует при оплате полной стоимости товара наличными
- выдаем товарный чек и гарантийный талон, заверенные печатью
- количество товара ограничено, уточняйте актуальное наличие
- в заводской пленке, без следов эксплуатации, отличный подарок

-> Звоните: 10.00-20.00, ежедневно

У нас вы сможете наиболее выгодно и дешево купить интересующий вас гаджет или аксессуар!
Магазин AMOLED";"29000";"17.jpg,price349.jpg"
"С гарантией RFB iPhone 6S 128Gb A1688 Gold";"Уважаемый покупатель,
Добро пожаловать в магазин AMOLED

-> АКЦИЯ, аксессуар на выбор в ПОДАРОК за отзыв!

Мы всегда идем навстречу нашим покупателям и дорожим своей репутацией.
Гибкие возможности вашей покупки:
1) ОПЛАТА кредитной/дебетовой КАРТОЙ
2) ТРЕЙД-ИН, ОБМЕН старого телефона 
3) ДОСТАВКА ПО РФ через ТК CDEK
4) РАССРОЧКА, банки ОТП/Хоум-Кредит
5) ОПТ, ОПЛАТА ЧЕРЕЗ Р/С (для юрид лиц)
Опыт продаж в сфере цифровой электроники с 2009 года.

В нашем ассортименте оригинальный айфон 4/4s/5/5c/5s/6/6s/se/7/plus всех цветов и объемов памяти по лучшей цене в Казани!

RFB Apple iPhone 6S 128Gb Gold = 29000 руб, ГАРАНТИЯ 1 ГОД (восстановленный)

- цена действует при оплате полной стоимости товара наличными
- выдаем товарный чек и гарантийный талон, заверенные печатью
- количество товара ограничено, уточняйте актуальное наличие
- в заводской пленке, без следов эксплуатации, отличный подарок

-> Звоните: 10.00-20.00, ежедневно

У нас вы сможете наиболее выгодно и дешево купить интересующий вас гаджет или аксессуар!
Магазин AMOLED";"29000";"18.jpg,price350.jpg"
"С гарантией NEW iPhone 6S 32Gb A1688 Gold Магазин";"Уважаемый покупатель,
Добро пожаловать в магазин AMOLED

-> АКЦИЯ, аксессуар на выбор в ПОДАРОК за отзыв!

Мы всегда идем навстречу нашим покупателям и дорожим своей репутацией.
Гибкие возможности вашей покупки:
1) ОПЛАТА кредитной/дебетовой КАРТОЙ
2) ТРЕЙД-ИН, ОБМЕН старого телефона 
3) ДОСТАВКА ПО РФ через ТК CDEK
4) РАССРОЧКА, банки ОТП/Хоум-Кредит
5) ОПТ, ОПЛАТА ЧЕРЕЗ Р/С (для юрид лиц)
Опыт продаж в сфере цифровой электроники с 2009 года.

В нашем ассортименте оригинальный айфон 4/4s/5/5c/5s/6/6s/se/7/plus всех цветов и объемов памяти по лучшей цене в Казани!

NEW Apple iPhone 6S 32Gb Gold = 34500 руб, ГАРАНТИЯ 1 ГОД (НОВЫЙ, НЕ РЕФ)

- цена действует при оплате полной стоимости товара наличными
- выдаем товарный чек и гарантийный талон, заверенные печатью
- количество товара ограничено, уточняйте актуальное наличие
- в заводской пленке, без следов эксплуатации, отличный подарок

-> Звоните: 10.00-20.00, ежедневно

У нас вы сможете наиболее выгодно и дешево купить интересующий вас гаджет или аксессуар!
Магазин AMOLED";"34500";"19.jpg,price351.jpg"
"С гарантией RFB iPhone 6S 64Gb Б/О A1633 Black";"Уважаемый покупатель,
Добро пожаловать в магазин AMOLED

-> АКЦИЯ, аксессуар на выбор в ПОДАРОК за отзыв!

Мы всегда идем навстречу нашим покупателям и дорожим своей репутацией.
Гибкие возможности вашей покупки:
1) ОПЛАТА кредитной/дебетовой КАРТОЙ
2) ТРЕЙД-ИН, ОБМЕН старого телефона 
3) ДОСТАВКА ПО РФ через ТК CDEK
4) РАССРОЧКА, банки ОТП/Хоум-Кредит
5) ОПТ, ОПЛАТА ЧЕРЕЗ Р/С (для юрид лиц)
Опыт продаж в сфере цифровой электроники с 2009 года.

В нашем ассортименте оригинальный айфон 4/4s/5/5c/5s/6/6s/se/7/plus всех цветов и объемов памяти по лучшей цене в Казани!

RFB Apple iPhone 6S 64Gb без отпечатка Black = 22000 руб, ГАРАНТИЯ 1 ГОД (восстановленный)

- цена действует при оплате полной стоимости товара наличными
- выдаем товарный чек и гарантийный талон, заверенные печатью
- количество товара ограничено, уточняйте актуальное наличие
- в заводской пленке, без следов эксплуатации, отличный подарок

-> Звоните: 10.00-20.00, ежедневно

У нас вы сможете наиболее выгодно и дешево купить интересующий вас гаджет или аксессуар!
Магазин AMOLED";"22000";"20.jpg,price352.jpg"
"С гарантией RFB iPhone 6S 64Gb Б/О A1700 Black";"Уважаемый покупатель,
Добро пожаловать в магазин AMOLED

-> АКЦИЯ, аксессуар на выбор в ПОДАРОК за отзыв!

Мы всегда идем навстречу нашим покупателям и дорожим своей репутацией.
Гибкие возможности вашей покупки:
1) ОПЛАТА кредитной/дебетовой КАРТОЙ
2) ТРЕЙД-ИН, ОБМЕН старого телефона 
3) ДОСТАВКА ПО РФ через ТК CDEK
4) РАССРОЧКА, банки ОТП/Хоум-Кредит
5) ОПТ, ОПЛАТА ЧЕРЕЗ Р/С (для юрид лиц)
Опыт продаж в сфере цифровой электроники с 2009 года.

В нашем ассортименте оригинальный айфон 4/4s/5/5c/5s/6/6s/se/7/plus всех цветов и объемов памяти по лучшей цене в Казани!

RFB Apple iPhone 6S 64Gb без отпечатка Black = 22000 руб, ГАРАНТИЯ 1 ГОД (восстановленный)

- цена действует при оплате полной стоимости товара наличными
- выдаем товарный чек и гарантийный талон, заверенные печатью
- количество товара ограничено, уточняйте актуальное наличие
- в заводской пленке, без следов эксплуатации, отличный подарок

-> Звоните: 10.00-20.00, ежедневно

У нас вы сможете наиболее выгодно и дешево купить интересующий вас гаджет или аксессуар!
Магазин AMOLED";"22000";"21.jpg,price353.jpg"
"С гарантией NEW iPhone 6S 32Gb A1700 White";"Уважаемый покупатель,
Добро пожаловать в магазин AMOLED

-> АКЦИЯ, аксессуар на выбор в ПОДАРОК за отзыв!

Мы всегда идем навстречу нашим покупателям и дорожим своей репутацией.
Гибкие возможности вашей покупки:
1) ОПЛАТА кредитной/дебетовой КАРТОЙ
2) ТРЕЙД-ИН, ОБМЕН старого телефона 
3) ДОСТАВКА ПО РФ через ТК CDEK
4) РАССРОЧКА, банки ОТП/Хоум-Кредит
5) ОПТ, ОПЛАТА ЧЕРЕЗ Р/С (для юрид лиц)
Опыт продаж в сфере цифровой электроники с 2009 года.

В нашем ассортименте оригинальный айфон 4/4s/5/5c/5s/6/6s/se/7/plus всех цветов и объемов памяти по лучшей цене в Казани!

NEW Apple iPhone 6S 32Gb White = 34500 руб, ГАРАНТИЯ 1 ГОД (НОВЫЙ, НЕ РЕФ)

- цена действует при оплате полной стоимости товара наличными
- выдаем товарный чек и гарантийный талон, заверенные печатью
- количество товара ограничено, уточняйте актуальное наличие
- в заводской пленке, без следов эксплуатации, отличный подарок

-> Звоните: 10.00-20.00, ежедневно

У нас вы сможете наиболее выгодно и дешево купить интересующий вас гаджет или аксессуар!
Магазин AMOLED";"34500";"22.jpg,price354.jpg"
"С гарантией RFB iPhone 6S 16Gb Б/О A1633 Gold";"Уважаемый покупатель,
Добро пожаловать в магазин AMOLED

-> АКЦИЯ, аксессуар на выбор в ПОДАРОК за отзыв!

Мы всегда идем навстречу нашим покупателям и дорожим своей репутацией.
Гибкие возможности вашей покупки:
1) ОПЛАТА кредитной/дебетовой КАРТОЙ
2) ТРЕЙД-ИН, ОБМЕН старого телефона 
3) ДОСТАВКА ПО РФ через ТК CDEK
4) РАССРОЧКА, банки ОТП/Хоум-Кредит
5) ОПТ, ОПЛАТА ЧЕРЕЗ Р/С (для юрид лиц)
Опыт продаж в сфере цифровой электроники с 2009 года.

В нашем ассортименте оригинальный айфон 4/4s/5/5c/5s/6/6s/se/7/plus всех цветов и объемов памяти по лучшей цене в Казани!

RFB Apple iPhone 6S 16Gb без отпечатка Gold = 18500 руб, ГАРАНТИЯ 1 ГОД (восстановленный)

- цена действует при оплате полной стоимости товара наличными
- выдаем товарный чек и гарантийный талон, заверенные печатью
- количество товара ограничено, уточняйте актуальное наличие
- в заводской пленке, без следов эксплуатации, отличный подарок

-> Звоните: 10.00-20.00, ежедневно

У нас вы сможете наиболее выгодно и дешево купить интересующий вас гаджет или аксессуар!
Магазин AMOLED";"18500";"23.jpg,price355.jpg"
"С гарантией RFB iPhone 6S 16Gb A1700 Pink Магазин";"Уважаемый покупатель,
Добро пожаловать в магазин AMOLED

-> АКЦИЯ, аксессуар на выбор в ПОДАРОК за отзыв!

Мы всегда идем навстречу нашим покупателям и дорожим своей репутацией.
Гибкие возможности вашей покупки:
1) ОПЛАТА кредитной/дебетовой КАРТОЙ
2) ТРЕЙД-ИН, ОБМЕН старого телефона 
3) ДОСТАВКА ПО РФ через ТК CDEK
4) РАССРОЧКА, банки ОТП/Хоум-Кредит
5) ОПТ, ОПЛАТА ЧЕРЕЗ Р/С (для юрид лиц)
Опыт продаж в сфере цифровой электроники с 2009 года.

В нашем ассортименте оригинальный айфон 4/4s/5/5c/5s/6/6s/se/7/plus всех цветов и объемов памяти по лучшей цене в Казани!

RFB Apple iPhone 6S 16Gb Pink = 21500 руб, ГАРАНТИЯ 1 ГОД (восстановленный)

- цена действует при оплате полной стоимости товара наличными
- выдаем товарный чек и гарантийный талон, заверенные печатью
- количество товара ограничено, уточняйте актуальное наличие
- в заводской пленке, без следов эксплуатации, отличный подарок

-> Звоните: 10.00-20.00, ежедневно

У нас вы сможете наиболее выгодно и дешево купить интересующий вас гаджет или аксессуар!
Магазин AMOLED";"21500";"24.jpg,price356.jpg"
"С гарантией NEW iPhone 6S 128Gb A1688 Black";"Уважаемый покупатель,
Добро пожаловать в магазин AMOLED

-> АКЦИЯ, аксессуар на выбор в ПОДАРОК за отзыв!

Мы всегда идем навстречу нашим покупателям и дорожим своей репутацией.
Гибкие возможности вашей покупки:
1) ОПЛАТА кредитной/дебетовой КАРТОЙ
2) ТРЕЙД-ИН, ОБМЕН старого телефона 
3) ДОСТАВКА ПО РФ через ТК CDEK
4) РАССРОЧКА, банки ОТП/Хоум-Кредит
5) ОПТ, ОПЛАТА ЧЕРЕЗ Р/С (для юрид лиц)
Опыт продаж в сфере цифровой электроники с 2009 года.

В нашем ассортименте оригинальный айфон 4/4s/5/5c/5s/6/6s/se/7/plus всех цветов и объемов памяти по лучшей цене в Казани!

NEW Apple iPhone 6S 128Gb Black = 40000 руб, ГАРАНТИЯ 1 ГОД (НОВЫЙ, НЕ РЕФ)

- цена действует при оплате полной стоимости товара наличными
- выдаем товарный чек и гарантийный талон, заверенные печатью
- количество товара ограничено, уточняйте актуальное наличие
- в заводской пленке, без следов эксплуатации, отличный подарок

-> Звоните: 10.00-20.00, ежедневно

У нас вы сможете наиболее выгодно и дешево купить интересующий вас гаджет или аксессуар!
Магазин AMOLED";"40000";"25.jpg,price357.jpg"
"С гарантией RFB iPhone 6S 64Gb Б/О A1688 White";"Уважаемый покупатель,
Добро пожаловать в магазин AMOLED

-> АКЦИЯ, аксессуар на выбор в ПОДАРОК за отзыв!

Мы всегда идем навстречу нашим покупателям и дорожим своей репутацией.
Гибкие возможности вашей покупки:
1) ОПЛАТА кредитной/дебетовой КАРТОЙ
2) ТРЕЙД-ИН, ОБМЕН старого телефона 
3) ДОСТАВКА ПО РФ через ТК CDEK
4) РАССРОЧКА, банки ОТП/Хоум-Кредит
5) ОПТ, ОПЛАТА ЧЕРЕЗ Р/С (для юрид лиц)
Опыт продаж в сфере цифровой электроники с 2009 года.

В нашем ассортименте оригинальный айфон 4/4s/5/5c/5s/6/6s/se/7/plus всех цветов и объемов памяти по лучшей цене в Казани!

RFB Apple iPhone 6S 64Gb без отпечатка White = 22000 руб, ГАРАНТИЯ 1 ГОД (восстановленный)

- цена действует при оплате полной стоимости товара наличными
- выдаем товарный чек и гарантийный талон, заверенные печатью
- количество товара ограничено, уточняйте актуальное наличие
- в заводской пленке, без следов эксплуатации, отличный подарок

-> Звоните: 10.00-20.00, ежедневно

У нас вы сможете наиболее выгодно и дешево купить интересующий вас гаджет или аксессуар!
Магазин AMOLED";"22000";"26.jpg,price358.jpg"
"С гарантией NEW iPhone 6S 128Gb A1633 White";"Уважаемый покупатель,
Добро пожаловать в магазин AMOLED

-> АКЦИЯ, аксессуар на выбор в ПОДАРОК за отзыв!

Мы всегда идем навстречу нашим покупателям и дорожим своей репутацией.
Гибкие возможности вашей покупки:
1) ОПЛАТА кредитной/дебетовой КАРТОЙ
2) ТРЕЙД-ИН, ОБМЕН старого телефона 
3) ДОСТАВКА ПО РФ через ТК CDEK
4) РАССРОЧКА, банки ОТП/Хоум-Кредит
5) ОПТ, ОПЛАТА ЧЕРЕЗ Р/С (для юрид лиц)
Опыт продаж в сфере цифровой электроники с 2009 года.

В нашем ассортименте оригинальный айфон 4/4s/5/5c/5s/6/6s/se/7/plus всех цветов и объемов памяти по лучшей цене в Казани!

NEW Apple iPhone 6S 128Gb White = 40000 руб, ГАРАНТИЯ 1 ГОД (НОВЫЙ, НЕ РЕФ)

- цена действует при оплате полной стоимости товара наличными
- выдаем товарный чек и гарантийный талон, заверенные печатью
- количество товара ограничено, уточняйте актуальное наличие
- в заводской пленке, без следов эксплуатации, отличный подарок

-> Звоните: 10.00-20.00, ежедневно

У нас вы сможете наиболее выгодно и дешево купить интересующий вас гаджет или аксессуар!
Магазин AMOLED";"40000";"27.jpg,price359.jpg"
"С гарантией RFB iPhone 6S 64Gb Б/О A1688 Pink";"Уважаемый покупатель,
Добро пожаловать в магазин AMOLED

-> АКЦИЯ, аксессуар на выбор в ПОДАРОК за отзыв!

Мы всегда идем навстречу нашим покупателям и дорожим своей репутацией.
Гибкие возможности вашей покупки:
1) ОПЛАТА кредитной/дебетовой КАРТОЙ
2) ТРЕЙД-ИН, ОБМЕН старого телефона 
3) ДОСТАВКА ПО РФ через ТК CDEK
4) РАССРОЧКА, банки ОТП/Хоум-Кредит
5) ОПТ, ОПЛАТА ЧЕРЕЗ Р/С (для юрид лиц)
Опыт продаж в сфере цифровой электроники с 2009 года.

В нашем ассортименте оригинальный айфон 4/4s/5/5c/5s/6/6s/se/7/plus всех цветов и объемов памяти по лучшей цене в Казани!

RFB Apple iPhone 6S 64Gb без отпечатка Pink = 22000 руб, ГАРАНТИЯ 1 ГОД (восстановленный)

- цена действует при оплате полной стоимости товара наличными
- выдаем товарный чек и гарантийный талон, заверенные печатью
- количество товара ограничено, уточняйте актуальное наличие
- в заводской пленке, без следов эксплуатации, отличный подарок

-> Звоните: 10.00-20.00, ежедневно

У нас вы сможете наиболее выгодно и дешево купить интересующий вас гаджет или аксессуар!
Магазин AMOLED";"22000";"28.jpg,price360.jpg"
"С гарантией RFB iPhone 6S 16Gb A1688 Black";"Уважаемый покупатель,
Добро пожаловать в магазин AMOLED

-> АКЦИЯ, аксессуар на выбор в ПОДАРОК за отзыв!

Мы всегда идем навстречу нашим покупателям и дорожим своей репутацией.
Гибкие возможности вашей покупки:
1) ОПЛАТА кредитной/дебетовой КАРТОЙ
2) ТРЕЙД-ИН, ОБМЕН старого телефона 
3) ДОСТАВКА ПО РФ через ТК CDEK
4) РАССРОЧКА, банки ОТП/Хоум-Кредит
5) ОПТ, ОПЛАТА ЧЕРЕЗ Р/С (для юрид лиц)
Опыт продаж в сфере цифровой электроники с 2009 года.

В нашем ассортименте оригинальный айфон 4/4s/5/5c/5s/6/6s/se/7/plus всех цветов и объемов памяти по лучшей цене в Казани!

RFB Apple iPhone 6S 16Gb Black = 21500 руб, ГАРАНТИЯ 1 ГОД (восстановленный)

- цена действует при оплате полной стоимости товара наличными
- выдаем товарный чек и гарантийный талон, заверенные печатью
- количество товара ограничено, уточняйте актуальное наличие
- в заводской пленке, без следов эксплуатации, отличный подарок

-> Звоните: 10.00-20.00, ежедневно

У нас вы сможете наиболее выгодно и дешево купить интересующий вас гаджет или аксессуар!
Магазин AMOLED";"21500";"29.jpg,price361.jpg"
"С гарантией RFB iPhone 6S 16Gb Б/О A1700 Black";"Уважаемый покупатель,
Добро пожаловать в магазин AMOLED

-> АКЦИЯ, аксессуар на выбор в ПОДАРОК за отзыв!

Мы всегда идем навстречу нашим покупателям и дорожим своей репутацией.
Гибкие возможности вашей покупки:
1) ОПЛАТА кредитной/дебетовой КАРТОЙ
2) ТРЕЙД-ИН, ОБМЕН старого телефона 
3) ДОСТАВКА ПО РФ через ТК CDEK
4) РАССРОЧКА, банки ОТП/Хоум-Кредит
5) ОПТ, ОПЛАТА ЧЕРЕЗ Р/С (для юрид лиц)
Опыт продаж в сфере цифровой электроники с 2009 года.

В нашем ассортименте оригинальный айфон 4/4s/5/5c/5s/6/6s/se/7/plus всех цветов и объемов памяти по лучшей цене в Казани!

RFB Apple iPhone 6S 16Gb без отпечатка Black = 18500 руб, ГАРАНТИЯ 1 ГОД (восстановленный)

- цена действует при оплате полной стоимости товара наличными
- выдаем товарный чек и гарантийный талон, заверенные печатью
- количество товара ограничено, уточняйте актуальное наличие
- в заводской пленке, без следов эксплуатации, отличный подарок

-> Звоните: 10.00-20.00, ежедневно

У нас вы сможете наиболее выгодно и дешево купить интересующий вас гаджет или аксессуар!
Магазин AMOLED";"18500";"30.jpg,price362.jpg"
"С гарантией RFB iPhone 6S 64Gb Б/О A1700 Gold";"Уважаемый покупатель,
Добро пожаловать в магазин AMOLED

-> АКЦИЯ, аксессуар на выбор в ПОДАРОК за отзыв!

Мы всегда идем навстречу нашим покупателям и дорожим своей репутацией.
Гибкие возможности вашей покупки:
1) ОПЛАТА кредитной/дебетовой КАРТОЙ
2) ТРЕЙД-ИН, ОБМЕН старого телефона 
3) ДОСТАВКА ПО РФ через ТК CDEK
4) РАССРОЧКА, банки ОТП/Хоум-Кредит
5) ОПТ, ОПЛАТА ЧЕРЕЗ Р/С (для юрид лиц)
Опыт продаж в сфере цифровой электроники с 2009 года.

В нашем ассортименте оригинальный айфон 4/4s/5/5c/5s/6/6s/se/7/plus всех цветов и объемов памяти по лучшей цене в Казани!

RFB Apple iPhone 6S 64Gb без отпечатка Gold = 22000 руб, ГАРАНТИЯ 1 ГОД (восстановленный)

- цена действует при оплате полной стоимости товара наличными
- выдаем товарный чек и гарантийный талон, заверенные печатью
- количество товара ограничено, уточняйте актуальное наличие
- в заводской пленке, без следов эксплуатации, отличный подарок

-> Звоните: 10.00-20.00, ежедневно

У нас вы сможете наиболее выгодно и дешево купить интересующий вас гаджет или аксессуар!
Магазин AMOLED";"22000";"31.jpg,price363.jpg"
"С гарантией RFB iPhone 6S 16Gb Б/О A1700 Gold";"Уважаемый покупатель,
Добро пожаловать в магазин AMOLED

-> АКЦИЯ, аксессуар на выбор в ПОДАРОК за отзыв!

Мы всегда идем навстречу нашим покупателям и дорожим своей репутацией.
Гибкие возможности вашей покупки:
1) ОПЛАТА кредитной/дебетовой КАРТОЙ
2) ТРЕЙД-ИН, ОБМЕН старого телефона 
3) ДОСТАВКА ПО РФ через ТК CDEK
4) РАССРОЧКА, банки ОТП/Хоум-Кредит
5) ОПТ, ОПЛАТА ЧЕРЕЗ Р/С (для юрид лиц)
Опыт продаж в сфере цифровой электроники с 2009 года.

В нашем ассортименте оригинальный айфон 4/4s/5/5c/5s/6/6s/se/7/plus всех цветов и объемов памяти по лучшей цене в Казани!

RFB Apple iPhone 6S 16Gb без отпечатка Gold = 18500 руб, ГАРАНТИЯ 1 ГОД (восстановленный)

- цена действует при оплате полной стоимости товара наличными
- выдаем товарный чек и гарантийный талон, заверенные печатью
- количество товара ограничено, уточняйте актуальное наличие
- в заводской пленке, без следов эксплуатации, отличный подарок

-> Звоните: 10.00-20.00, ежедневно

У нас вы сможете наиболее выгодно и дешево купить интересующий вас гаджет или аксессуар!
Магазин AMOLED";"18500";"32.jpg,price364.jpg"
"С гарантией NEW iPhone 6S 128Gb A1688 White";"Уважаемый покупатель,
Добро пожаловать в магазин AMOLED

-> АКЦИЯ, аксессуар на выбор в ПОДАРОК за отзыв!

Мы всегда идем навстречу нашим покупателям и дорожим своей репутацией.
Гибкие возможности вашей покупки:
1) ОПЛАТА кредитной/дебетовой КАРТОЙ
2) ТРЕЙД-ИН, ОБМЕН старого телефона 
3) ДОСТАВКА ПО РФ через ТК CDEK
4) РАССРОЧКА, банки ОТП/Хоум-Кредит
5) ОПТ, ОПЛАТА ЧЕРЕЗ Р/С (для юрид лиц)
Опыт продаж в сфере цифровой электроники с 2009 года.

В нашем ассортименте оригинальный айфон 4/4s/5/5c/5s/6/6s/se/7/plus всех цветов и объемов памяти по лучшей цене в Казани!

NEW Apple iPhone 6S 128Gb White = 40000 руб, ГАРАНТИЯ 1 ГОД (НОВЫЙ, НЕ РЕФ)

- цена действует при оплате полной стоимости товара наличными
- выдаем товарный чек и гарантийный талон, заверенные печатью
- количество товара ограничено, уточняйте актуальное наличие
- в заводской пленке, без следов эксплуатации, отличный подарок

-> Звоните: 10.00-20.00, ежедневно

У нас вы сможете наиболее выгодно и дешево купить интересующий вас гаджет или аксессуар!
Магазин AMOLED";"40000";"33.jpg,price365.jpg"
"С гарантией RFB iPhone 6S 128Gb Б/О A1688 Black";"Уважаемый покупатель,
Добро пожаловать в магазин AMOLED

-> АКЦИЯ, аксессуар на выбор в ПОДАРОК за отзыв!

Мы всегда идем навстречу нашим покупателям и дорожим своей репутацией.
Гибкие возможности вашей покупки:
1) ОПЛАТА кредитной/дебетовой КАРТОЙ
2) ТРЕЙД-ИН, ОБМЕН старого телефона 
3) ДОСТАВКА ПО РФ через ТК CDEK
4) РАССРОЧКА, банки ОТП/Хоум-Кредит
5) ОПТ, ОПЛАТА ЧЕРЕЗ Р/С (для юрид лиц)
Опыт продаж в сфере цифровой электроники с 2009 года.

В нашем ассортименте оригинальный айфон 4/4s/5/5c/5s/6/6s/se/7/plus всех цветов и объемов памяти по лучшей цене в Казани!

RFB Apple iPhone 6S 128Gb без отпечатка Black = 24000 руб, ГАРАНТИЯ 1 ГОД (восстановленный)

- цена действует при оплате полной стоимости товара наличными
- выдаем товарный чек и гарантийный талон, заверенные печатью
- количество товара ограничено, уточняйте актуальное наличие
- в заводской пленке, без следов эксплуатации, отличный подарок

-> Звоните: 10.00-20.00, ежедневно

У нас вы сможете наиболее выгодно и дешево купить интересующий вас гаджет или аксессуар!
Магазин AMOLED";"24000";"34.jpg,price366.jpg"
"С гарантией RFB iPhone 6S 128Gb A1688 Pink";"Уважаемый покупатель,
Добро пожаловать в магазин AMOLED

-> АКЦИЯ, аксессуар на выбор в ПОДАРОК за отзыв!

Мы всегда идем навстречу нашим покупателям и дорожим своей репутацией.
Гибкие возможности вашей покупки:
1) ОПЛАТА кредитной/дебетовой КАРТОЙ
2) ТРЕЙД-ИН, ОБМЕН старого телефона 
3) ДОСТАВКА ПО РФ через ТК CDEK
4) РАССРОЧКА, банки ОТП/Хоум-Кредит
5) ОПТ, ОПЛАТА ЧЕРЕЗ Р/С (для юрид лиц)
Опыт продаж в сфере цифровой электроники с 2009 года.

В нашем ассортименте оригинальный айфон 4/4s/5/5c/5s/6/6s/se/7/plus всех цветов и объемов памяти по лучшей цене в Казани!

RFB Apple iPhone 6S 128Gb Pink = 29000 руб, ГАРАНТИЯ 1 ГОД (восстановленный)

- цена действует при оплате полной стоимости товара наличными
- выдаем товарный чек и гарантийный талон, заверенные печатью
- количество товара ограничено, уточняйте актуальное наличие
- в заводской пленке, без следов эксплуатации, отличный подарок

-> Звоните: 10.00-20.00, ежедневно

У нас вы сможете наиболее выгодно и дешево купить интересующий вас гаджет или аксессуар!
Магазин AMOLED";"29000";"35.jpg,price367.jpg"
"С гарантией NEW iPhone 6S 128Gb A1633 Gold";"Уважаемый покупатель,
Добро пожаловать в магазин AMOLED

-> АКЦИЯ, аксессуар на выбор в ПОДАРОК за отзыв!

Мы всегда идем навстречу нашим покупателям и дорожим своей репутацией.
Гибкие возможности вашей покупки:
1) ОПЛАТА кредитной/дебетовой КАРТОЙ
2) ТРЕЙД-ИН, ОБМЕН старого телефона 
3) ДОСТАВКА ПО РФ через ТК CDEK
4) РАССРОЧКА, банки ОТП/Хоум-Кредит
5) ОПТ, ОПЛАТА ЧЕРЕЗ Р/С (для юрид лиц)
Опыт продаж в сфере цифровой электроники с 2009 года.

В нашем ассортименте оригинальный айфон 4/4s/5/5c/5s/6/6s/se/7/plus всех цветов и объемов памяти по лучшей цене в Казани!

NEW Apple iPhone 6S 128Gb Gold = 40000 руб, ГАРАНТИЯ 1 ГОД (НОВЫЙ, НЕ РЕФ)

- цена действует при оплате полной стоимости товара наличными
- выдаем товарный чек и гарантийный талон, заверенные печатью
- количество товара ограничено, уточняйте актуальное наличие
- в заводской пленке, без следов эксплуатации, отличный подарок

-> Звоните: 10.00-20.00, ежедневно

У нас вы сможете наиболее выгодно и дешево купить интересующий вас гаджет или аксессуар!
Магазин AMOLED";"40000";"36.jpg,price368.jpg"
"С гарантией NEW iPhone 6S 64Gb A1633 Gold Магазин";"Уважаемый покупатель,
Добро пожаловать в магазин AMOLED

-> АКЦИЯ, аксессуар на выбор в ПОДАРОК за отзыв!

Мы всегда идем навстречу нашим покупателям и дорожим своей репутацией.
Гибкие возможности вашей покупки:
1) ОПЛАТА кредитной/дебетовой КАРТОЙ
2) ТРЕЙД-ИН, ОБМЕН старого телефона 
3) ДОСТАВКА ПО РФ через ТК CDEK
4) РАССРОЧКА, банки ОТП/Хоум-Кредит
5) ОПТ, ОПЛАТА ЧЕРЕЗ Р/С (для юрид лиц)
Опыт продаж в сфере цифровой электроники с 2009 года.

В нашем ассортименте оригинальный айфон 4/4s/5/5c/5s/6/6s/se/7/plus всех цветов и объемов памяти по лучшей цене в Казани!

NEW Apple iPhone 6S 64Gb Gold = 37000 руб, ГАРАНТИЯ 1 ГОД (НОВЫЙ, НЕ РЕФ)

- цена действует при оплате полной стоимости товара наличными
- выдаем товарный чек и гарантийный талон, заверенные печатью
- количество товара ограничено, уточняйте актуальное наличие
- в заводской пленке, без следов эксплуатации, отличный подарок

-> Звоните: 10.00-20.00, ежедневно

У нас вы сможете наиболее выгодно и дешево купить интересующий вас гаджет или аксессуар!
Магазин AMOLED";"37000";"37.jpg,price369.jpg"
"С гарантией NEW iPhone 6S 32Gb A1688 White";"Уважаемый покупатель,
Добро пожаловать в магазин AMOLED

-> АКЦИЯ, аксессуар на выбор в ПОДАРОК за отзыв!

Мы всегда идем навстречу нашим покупателям и дорожим своей репутацией.
Гибкие возможности вашей покупки:
1) ОПЛАТА кредитной/дебетовой КАРТОЙ
2) ТРЕЙД-ИН, ОБМЕН старого телефона 
3) ДОСТАВКА ПО РФ через ТК CDEK
4) РАССРОЧКА, банки ОТП/Хоум-Кредит
5) ОПТ, ОПЛАТА ЧЕРЕЗ Р/С (для юрид лиц)
Опыт продаж в сфере цифровой электроники с 2009 года.

В нашем ассортименте оригинальный айфон 4/4s/5/5c/5s/6/6s/se/7/plus всех цветов и объемов памяти по лучшей цене в Казани!

NEW Apple iPhone 6S 32Gb White = 34500 руб, ГАРАНТИЯ 1 ГОД (НОВЫЙ, НЕ РЕФ)

- цена действует при оплате полной стоимости товара наличными
- выдаем товарный чек и гарантийный талон, заверенные печатью
- количество товара ограничено, уточняйте актуальное наличие
- в заводской пленке, без следов эксплуатации, отличный подарок

-> Звоните: 10.00-20.00, ежедневно

У нас вы сможете наиболее выгодно и дешево купить интересующий вас гаджет или аксессуар!
Магазин AMOLED";"34500";"38.jpg,price370.jpg"
"С гарантией NEW iPhone 6S 16Gb A1700 Pink Магазин";"Уважаемый покупатель,
Добро пожаловать в магазин AMOLED

-> АКЦИЯ, аксессуар на выбор в ПОДАРОК за отзыв!

Мы всегда идем навстречу нашим покупателям и дорожим своей репутацией.
Гибкие возможности вашей покупки:
1) ОПЛАТА кредитной/дебетовой КАРТОЙ
2) ТРЕЙД-ИН, ОБМЕН старого телефона 
3) ДОСТАВКА ПО РФ через ТК CDEK
4) РАССРОЧКА, банки ОТП/Хоум-Кредит
5) ОПТ, ОПЛАТА ЧЕРЕЗ Р/С (для юрид лиц)
Опыт продаж в сфере цифровой электроники с 2009 года.

В нашем ассортименте оригинальный айфон 4/4s/5/5c/5s/6/6s/se/7/plus всех цветов и объемов памяти по лучшей цене в Казани!

NEW Apple iPhone 6S 16Gb Pink = 29000 руб, ГАРАНТИЯ 1 ГОД (НОВЫЙ, НЕ РЕФ)

- цена действует при оплате полной стоимости товара наличными
- выдаем товарный чек и гарантийный талон, заверенные печатью
- количество товара ограничено, уточняйте актуальное наличие
- в заводской пленке, без следов эксплуатации, отличный подарок

-> Звоните: 10.00-20.00, ежедневно

У нас вы сможете наиболее выгодно и дешево купить интересующий вас гаджет или аксессуар!
Магазин AMOLED";"29000";"39.jpg,price371.jpg"
"С гарантией NEW iPhone 6S 16Gb A1688 Black";"Уважаемый покупатель,
Добро пожаловать в магазин AMOLED

-> АКЦИЯ, аксессуар на выбор в ПОДАРОК за отзыв!

Мы всегда идем навстречу нашим покупателям и дорожим своей репутацией.
Гибкие возможности вашей покупки:
1) ОПЛАТА кредитной/дебетовой КАРТОЙ
2) ТРЕЙД-ИН, ОБМЕН старого телефона 
3) ДОСТАВКА ПО РФ через ТК CDEK
4) РАССРОЧКА, банки ОТП/Хоум-Кредит
5) ОПТ, ОПЛАТА ЧЕРЕЗ Р/С (для юрид лиц)
Опыт продаж в сфере цифровой электроники с 2009 года.

В нашем ассортименте оригинальный айфон 4/4s/5/5c/5s/6/6s/se/7/plus всех цветов и объемов памяти по лучшей цене в Казани!

NEW Apple iPhone 6S 16Gb Black = 29000 руб, ГАРАНТИЯ 1 ГОД (НОВЫЙ, НЕ РЕФ)

- цена действует при оплате полной стоимости товара наличными
- выдаем товарный чек и гарантийный талон, заверенные печатью
- количество товара ограничено, уточняйте актуальное наличие
- в заводской пленке, без следов эксплуатации, отличный подарок

-> Звоните: 10.00-20.00, ежедневно

У нас вы сможете наиболее выгодно и дешево купить интересующий вас гаджет или аксессуар!
Магазин AMOLED";"29000";"40.jpg,price372.jpg"
"С гарантией NEW iPhone 6S 16Gb A1688 White";"Уважаемый покупатель,
Добро пожаловать в магазин AMOLED

-> АКЦИЯ, аксессуар на выбор в ПОДАРОК за отзыв!

Мы всегда идем навстречу нашим покупателям и дорожим своей репутацией.
Гибкие возможности вашей покупки:
1) ОПЛАТА кредитной/дебетовой КАРТОЙ
2) ТРЕЙД-ИН, ОБМЕН старого телефона 
3) ДОСТАВКА ПО РФ через ТК CDEK
4) РАССРОЧКА, банки ОТП/Хоум-Кредит
5) ОПТ, ОПЛАТА ЧЕРЕЗ Р/С (для юрид лиц)
Опыт продаж в сфере цифровой электроники с 2009 года.

В нашем ассортименте оригинальный айфон 4/4s/5/5c/5s/6/6s/se/7/plus всех цветов и объемов памяти по лучшей цене в Казани!

NEW Apple iPhone 6S 16Gb White = 29000 руб, ГАРАНТИЯ 1 ГОД (НОВЫЙ, НЕ РЕФ)

- цена действует при оплате полной стоимости товара наличными
- выдаем товарный чек и гарантийный талон, заверенные печатью
- количество товара ограничено, уточняйте актуальное наличие
- в заводской пленке, без следов эксплуатации, отличный подарок

-> Звоните: 10.00-20.00, ежедневно

У нас вы сможете наиболее выгодно и дешево купить интересующий вас гаджет или аксессуар!
Магазин AMOLED";"29000";"41.jpg,price373.jpg"
"С гарантией RFB iPhone 6S 64Gb A1688 Pink Магазин";"Уважаемый покупатель,
Добро пожаловать в магазин AMOLED

-> АКЦИЯ, аксессуар на выбор в ПОДАРОК за отзыв!

Мы всегда идем навстречу нашим покупателям и дорожим своей репутацией.
Гибкие возможности вашей покупки:
1) ОПЛАТА кредитной/дебетовой КАРТОЙ
2) ТРЕЙД-ИН, ОБМЕН старого телефона 
3) ДОСТАВКА ПО РФ через ТК CDEK
4) РАССРОЧКА, банки ОТП/Хоум-Кредит
5) ОПТ, ОПЛАТА ЧЕРЕЗ Р/С (для юрид лиц)
Опыт продаж в сфере цифровой электроники с 2009 года.

В нашем ассортименте оригинальный айфон 4/4s/5/5c/5s/6/6s/se/7/plus всех цветов и объемов памяти по лучшей цене в Казани!

RFB Apple iPhone 6S 64Gb Pink = 27500 руб, ГАРАНТИЯ 1 ГОД (восстановленный)

- цена действует при оплате полной стоимости товара наличными
- выдаем товарный чек и гарантийный талон, заверенные печатью
- количество товара ограничено, уточняйте актуальное наличие
- в заводской пленке, без следов эксплуатации, отличный подарок

-> Звоните: 10.00-20.00, ежедневно

У нас вы сможете наиболее выгодно и дешево купить интересующий вас гаджет или аксессуар!
Магазин AMOLED";"27500";"42.jpg,price374.jpg"
"С гарантией RFB iPhone 6S 128Gb A1633 White";"Уважаемый покупатель,
Добро пожаловать в магазин AMOLED

-> АКЦИЯ, аксессуар на выбор в ПОДАРОК за отзыв!

Мы всегда идем навстречу нашим покупателям и дорожим своей репутацией.
Гибкие возможности вашей покупки:
1) ОПЛАТА кредитной/дебетовой КАРТОЙ
2) ТРЕЙД-ИН, ОБМЕН старого телефона 
3) ДОСТАВКА ПО РФ через ТК CDEK
4) РАССРОЧКА, банки ОТП/Хоум-Кредит
5) ОПТ, ОПЛАТА ЧЕРЕЗ Р/С (для юрид лиц)
Опыт продаж в сфере цифровой электроники с 2009 года.

В нашем ассортименте оригинальный айфон 4/4s/5/5c/5s/6/6s/se/7/plus всех цветов и объемов памяти по лучшей цене в Казани!

RFB Apple iPhone 6S 128Gb White = 29000 руб, ГАРАНТИЯ 1 ГОД (восстановленный)

- цена действует при оплате полной стоимости товара наличными
- выдаем товарный чек и гарантийный талон, заверенные печатью
- количество товара ограничено, уточняйте актуальное наличие
- в заводской пленке, без следов эксплуатации, отличный подарок

-> Звоните: 10.00-20.00, ежедневно

У нас вы сможете наиболее выгодно и дешево купить интересующий вас гаджет или аксессуар!
Магазин AMOLED";"29000";"43.jpg,price375.jpg"
"С гарантией NEW iPhone 6S 64Gb A1700 Gold Магазин";"Уважаемый покупатель,
Добро пожаловать в магазин AMOLED

-> АКЦИЯ, аксессуар на выбор в ПОДАРОК за отзыв!

Мы всегда идем навстречу нашим покупателям и дорожим своей репутацией.
Гибкие возможности вашей покупки:
1) ОПЛАТА кредитной/дебетовой КАРТОЙ
2) ТРЕЙД-ИН, ОБМЕН старого телефона 
3) ДОСТАВКА ПО РФ через ТК CDEK
4) РАССРОЧКА, банки ОТП/Хоум-Кредит
5) ОПТ, ОПЛАТА ЧЕРЕЗ Р/С (для юрид лиц)
Опыт продаж в сфере цифровой электроники с 2009 года.

В нашем ассортименте оригинальный айфон 4/4s/5/5c/5s/6/6s/se/7/plus всех цветов и объемов памяти по лучшей цене в Казани!

NEW Apple iPhone 6S 64Gb Gold = 37000 руб, ГАРАНТИЯ 1 ГОД (НОВЫЙ, НЕ РЕФ)

- цена действует при оплате полной стоимости товара наличными
- выдаем товарный чек и гарантийный талон, заверенные печатью
- количество товара ограничено, уточняйте актуальное наличие
- в заводской пленке, без следов эксплуатации, отличный подарок

-> Звоните: 10.00-20.00, ежедневно

У нас вы сможете наиболее выгодно и дешево купить интересующий вас гаджет или аксессуар!
Магазин AMOLED";"37000";"44.jpg,price376.jpg"
"С гарантией NEW iPhone 6S 64Gb A1700 Pink Магазин";"Уважаемый покупатель,
Добро пожаловать в магазин AMOLED

-> АКЦИЯ, аксессуар на выбор в ПОДАРОК за отзыв!

Мы всегда идем навстречу нашим покупателям и дорожим своей репутацией.
Гибкие возможности вашей покупки:
1) ОПЛАТА кредитной/дебетовой КАРТОЙ
2) ТРЕЙД-ИН, ОБМЕН старого телефона 
3) ДОСТАВКА ПО РФ через ТК CDEK
4) РАССРОЧКА, банки ОТП/Хоум-Кредит
5) ОПТ, ОПЛАТА ЧЕРЕЗ Р/С (для юрид лиц)
Опыт продаж в сфере цифровой электроники с 2009 года.

В нашем ассортименте оригинальный айфон 4/4s/5/5c/5s/6/6s/se/7/plus всех цветов и объемов памяти по лучшей цене в Казани!

NEW Apple iPhone 6S 64Gb Pink = 37000 руб, ГАРАНТИЯ 1 ГОД (НОВЫЙ, НЕ РЕФ)

- цена действует при оплате полной стоимости товара наличными
- выдаем товарный чек и гарантийный талон, заверенные печатью
- количество товара ограничено, уточняйте актуальное наличие
- в заводской пленке, без следов эксплуатации, отличный подарок

-> Звоните: 10.00-20.00, ежедневно

У нас вы сможете наиболее выгодно и дешево купить интересующий вас гаджет или аксессуар!
Магазин AMOLED";"37000";"45.jpg,price377.jpg"
"С гарантией RFB iPhone 6S 64Gb Б/О A1688 Gold";"Уважаемый покупатель,
Добро пожаловать в магазин AMOLED

-> АКЦИЯ, аксессуар на выбор в ПОДАРОК за отзыв!

Мы всегда идем навстречу нашим покупателям и дорожим своей репутацией.
Гибкие возможности вашей покупки:
1) ОПЛАТА кредитной/дебетовой КАРТОЙ
2) ТРЕЙД-ИН, ОБМЕН старого телефона 
3) ДОСТАВКА ПО РФ через ТК CDEK
4) РАССРОЧКА, банки ОТП/Хоум-Кредит
5) ОПТ, ОПЛАТА ЧЕРЕЗ Р/С (для юрид лиц)
Опыт продаж в сфере цифровой электроники с 2009 года.

В нашем ассортименте оригинальный айфон 4/4s/5/5c/5s/6/6s/se/7/plus всех цветов и объемов памяти по лучшей цене в Казани!

RFB Apple iPhone 6S 64Gb без отпечатка Gold = 22000 руб, ГАРАНТИЯ 1 ГОД (восстановленный)

- цена действует при оплате полной стоимости товара наличными
- выдаем товарный чек и гарантийный талон, заверенные печатью
- количество товара ограничено, уточняйте актуальное наличие
- в заводской пленке, без следов эксплуатации, отличный подарок

-> Звоните: 10.00-20.00, ежедневно

У нас вы сможете наиболее выгодно и дешево купить интересующий вас гаджет или аксессуар!
Магазин AMOLED";"22000";"46.jpg,price378.jpg"
"С гарантией RFB iPhone 6S 64Gb A1633 Pink Магазин";"Уважаемый покупатель,
Добро пожаловать в магазин AMOLED

-> АКЦИЯ, аксессуар на выбор в ПОДАРОК за отзыв!

Мы всегда идем навстречу нашим покупателям и дорожим своей репутацией.
Гибкие возможности вашей покупки:
1) ОПЛАТА кредитной/дебетовой КАРТОЙ
2) ТРЕЙД-ИН, ОБМЕН старого телефона 
3) ДОСТАВКА ПО РФ через ТК CDEK
4) РАССРОЧКА, банки ОТП/Хоум-Кредит
5) ОПТ, ОПЛАТА ЧЕРЕЗ Р/С (для юрид лиц)
Опыт продаж в сфере цифровой электроники с 2009 года.

В нашем ассортименте оригинальный айфон 4/4s/5/5c/5s/6/6s/se/7/plus всех цветов и объемов памяти по лучшей цене в Казани!

RFB Apple iPhone 6S 64Gb Pink = 27500 руб, ГАРАНТИЯ 1 ГОД (восстановленный)

- цена действует при оплате полной стоимости товара наличными
- выдаем товарный чек и гарантийный талон, заверенные печатью
- количество товара ограничено, уточняйте актуальное наличие
- в заводской пленке, без следов эксплуатации, отличный подарок

-> Звоните: 10.00-20.00, ежедневно

У нас вы сможете наиболее выгодно и дешево купить интересующий вас гаджет или аксессуар!
Магазин AMOLED";"27500";"47.jpg,price379.jpg"
"С гарантией RFB iPhone 6S 16Gb Б/О A1633 White";"Уважаемый покупатель,
Добро пожаловать в магазин AMOLED

-> АКЦИЯ, аксессуар на выбор в ПОДАРОК за отзыв!

Мы всегда идем навстречу нашим покупателям и дорожим своей репутацией.
Гибкие возможности вашей покупки:
1) ОПЛАТА кредитной/дебетовой КАРТОЙ
2) ТРЕЙД-ИН, ОБМЕН старого телефона 
3) ДОСТАВКА ПО РФ через ТК CDEK
4) РАССРОЧКА, банки ОТП/Хоум-Кредит
5) ОПТ, ОПЛАТА ЧЕРЕЗ Р/С (для юрид лиц)
Опыт продаж в сфере цифровой электроники с 2009 года.

В нашем ассортименте оригинальный айфон 4/4s/5/5c/5s/6/6s/se/7/plus всех цветов и объемов памяти по лучшей цене в Казани!

RFB Apple iPhone 6S 16Gb без отпечатка White = 18500 руб, ГАРАНТИЯ 1 ГОД (восстановленный)

- цена действует при оплате полной стоимости товара наличными
- выдаем товарный чек и гарантийный талон, заверенные печатью
- количество товара ограничено, уточняйте актуальное наличие
- в заводской пленке, без следов эксплуатации, отличный подарок

-> Звоните: 10.00-20.00, ежедневно

У нас вы сможете наиболее выгодно и дешево купить интересующий вас гаджет или аксессуар!
Магазин AMOLED";"18500";"48.jpg,price380.jpg"
"С гарантией NEW iPhone 6S 16Gb A1633 White";"Уважаемый покупатель,
Добро пожаловать в магазин AMOLED

-> АКЦИЯ, аксессуар на выбор в ПОДАРОК за отзыв!

Мы всегда идем навстречу нашим покупателям и дорожим своей репутацией.
Гибкие возможности вашей покупки:
1) ОПЛАТА кредитной/дебетовой КАРТОЙ
2) ТРЕЙД-ИН, ОБМЕН старого телефона 
3) ДОСТАВКА ПО РФ через ТК CDEK
4) РАССРОЧКА, банки ОТП/Хоум-Кредит
5) ОПТ, ОПЛАТА ЧЕРЕЗ Р/С (для юрид лиц)
Опыт продаж в сфере цифровой электроники с 2009 года.

В нашем ассортименте оригинальный айфон 4/4s/5/5c/5s/6/6s/se/7/plus всех цветов и объемов памяти по лучшей цене в Казани!

NEW Apple iPhone 6S 16Gb White = 29000 руб, ГАРАНТИЯ 1 ГОД (НОВЫЙ, НЕ РЕФ)

- цена действует при оплате полной стоимости товара наличными
- выдаем товарный чек и гарантийный талон, заверенные печатью
- количество товара ограничено, уточняйте актуальное наличие
- в заводской пленке, без следов эксплуатации, отличный подарок

-> Звоните: 10.00-20.00, ежедневно

У нас вы сможете наиболее выгодно и дешево купить интересующий вас гаджет или аксессуар!
Магазин AMOLED";"29000";"49.jpg,price381.jpg"
"С гарантией NEW iPhone 6S 128Gb A1700 Gold";"Уважаемый покупатель,
Добро пожаловать в магазин AMOLED

-> АКЦИЯ, аксессуар на выбор в ПОДАРОК за отзыв!

Мы всегда идем навстречу нашим покупателям и дорожим своей репутацией.
Гибкие возможности вашей покупки:
1) ОПЛАТА кредитной/дебетовой КАРТОЙ
2) ТРЕЙД-ИН, ОБМЕН старого телефона 
3) ДОСТАВКА ПО РФ через ТК CDEK
4) РАССРОЧКА, банки ОТП/Хоум-Кредит
5) ОПТ, ОПЛАТА ЧЕРЕЗ Р/С (для юрид лиц)
Опыт продаж в сфере цифровой электроники с 2009 года.

В нашем ассортименте оригинальный айфон 4/4s/5/5c/5s/6/6s/se/7/plus всех цветов и объемов памяти по лучшей цене в Казани!

NEW Apple iPhone 6S 128Gb Gold = 40000 руб, ГАРАНТИЯ 1 ГОД (НОВЫЙ, НЕ РЕФ)

- цена действует при оплате полной стоимости товара наличными
- выдаем товарный чек и гарантийный талон, заверенные печатью
- количество товара ограничено, уточняйте актуальное наличие
- в заводской пленке, без следов эксплуатации, отличный подарок

-> Звоните: 10.00-20.00, ежедневно

У нас вы сможете наиболее выгодно и дешево купить интересующий вас гаджет или аксессуар!
Магазин AMOLED";"40000";"50.jpg,price382.jpg"
"С гарантией RFB iPhone 6S 128Gb A1700 White";"Уважаемый покупатель,
Добро пожаловать в магазин AMOLED

-> АКЦИЯ, аксессуар на выбор в ПОДАРОК за отзыв!

Мы всегда идем навстречу нашим покупателям и дорожим своей репутацией.
Гибкие возможности вашей покупки:
1) ОПЛАТА кредитной/дебетовой КАРТОЙ
2) ТРЕЙД-ИН, ОБМЕН старого телефона 
3) ДОСТАВКА ПО РФ через ТК CDEK
4) РАССРОЧКА, банки ОТП/Хоум-Кредит
5) ОПТ, ОПЛАТА ЧЕРЕЗ Р/С (для юрид лиц)
Опыт продаж в сфере цифровой электроники с 2009 года.

В нашем ассортименте оригинальный айфон 4/4s/5/5c/5s/6/6s/se/7/plus всех цветов и объемов памяти по лучшей цене в Казани!

RFB Apple iPhone 6S 128Gb White = 29000 руб, ГАРАНТИЯ 1 ГОД (восстановленный)

- цена действует при оплате полной стоимости товара наличными
- выдаем товарный чек и гарантийный талон, заверенные печатью
- количество товара ограничено, уточняйте актуальное наличие
- в заводской пленке, без следов эксплуатации, отличный подарок

-> Звоните: 10.00-20.00, ежедневно

У нас вы сможете наиболее выгодно и дешево купить интересующий вас гаджет или аксессуар!
Магазин AMOLED";"29000";"51.jpg,price383.jpg"
"С гарантией NEW iPhone 6S 16Gb A1700 Gold Магазин";"Уважаемый покупатель,
Добро пожаловать в магазин AMOLED

-> АКЦИЯ, аксессуар на выбор в ПОДАРОК за отзыв!

Мы всегда идем навстречу нашим покупателям и дорожим своей репутацией.
Гибкие возможности вашей покупки:
1) ОПЛАТА кредитной/дебетовой КАРТОЙ
2) ТРЕЙД-ИН, ОБМЕН старого телефона 
3) ДОСТАВКА ПО РФ через ТК CDEK
4) РАССРОЧКА, банки ОТП/Хоум-Кредит
5) ОПТ, ОПЛАТА ЧЕРЕЗ Р/С (для юрид лиц)
Опыт продаж в сфере цифровой электроники с 2009 года.

В нашем ассортименте оригинальный айфон 4/4s/5/5c/5s/6/6s/se/7/plus всех цветов и объемов памяти по лучшей цене в Казани!

NEW Apple iPhone 6S 16Gb Gold = 29000 руб, ГАРАНТИЯ 1 ГОД (НОВЫЙ, НЕ РЕФ)

- цена действует при оплате полной стоимости товара наличными
- выдаем товарный чек и гарантийный талон, заверенные печатью
- количество товара ограничено, уточняйте актуальное наличие
- в заводской пленке, без следов эксплуатации, отличный подарок

-> Звоните: 10.00-20.00, ежедневно

У нас вы сможете наиболее выгодно и дешево купить интересующий вас гаджет или аксессуар!
Магазин AMOLED";"29000";"52.jpg,price384.jpg"
"С гарантией NEW iPhone 6S 16Gb A1688 Pink Магазин";"Уважаемый покупатель,
Добро пожаловать в магазин AMOLED

-> АКЦИЯ, аксессуар на выбор в ПОДАРОК за отзыв!

Мы всегда идем навстречу нашим покупателям и дорожим своей репутацией.
Гибкие возможности вашей покупки:
1) ОПЛАТА кредитной/дебетовой КАРТОЙ
2) ТРЕЙД-ИН, ОБМЕН старого телефона 
3) ДОСТАВКА ПО РФ через ТК CDEK
4) РАССРОЧКА, банки ОТП/Хоум-Кредит
5) ОПТ, ОПЛАТА ЧЕРЕЗ Р/С (для юрид лиц)
Опыт продаж в сфере цифровой электроники с 2009 года.

В нашем ассортименте оригинальный айфон 4/4s/5/5c/5s/6/6s/se/7/plus всех цветов и объемов памяти по лучшей цене в Казани!

NEW Apple iPhone 6S 16Gb Pink = 29000 руб, ГАРАНТИЯ 1 ГОД (НОВЫЙ, НЕ РЕФ)

- цена действует при оплате полной стоимости товара наличными
- выдаем товарный чек и гарантийный талон, заверенные печатью
- количество товара ограничено, уточняйте актуальное наличие
- в заводской пленке, без следов эксплуатации, отличный подарок

-> Звоните: 10.00-20.00, ежедневно

У нас вы сможете наиболее выгодно и дешево купить интересующий вас гаджет или аксессуар!
Магазин AMOLED";"29000";"53.jpg,price385.jpg"
"С гарантией RFB iPhone 6S 64Gb A1688 Black";"Уважаемый покупатель,
Добро пожаловать в магазин AMOLED

-> АКЦИЯ, аксессуар на выбор в ПОДАРОК за отзыв!

Мы всегда идем навстречу нашим покупателям и дорожим своей репутацией.
Гибкие возможности вашей покупки:
1) ОПЛАТА кредитной/дебетовой КАРТОЙ
2) ТРЕЙД-ИН, ОБМЕН старого телефона 
3) ДОСТАВКА ПО РФ через ТК CDEK
4) РАССРОЧКА, банки ОТП/Хоум-Кредит
5) ОПТ, ОПЛАТА ЧЕРЕЗ Р/С (для юрид лиц)
Опыт продаж в сфере цифровой электроники с 2009 года.

В нашем ассортименте оригинальный айфон 4/4s/5/5c/5s/6/6s/se/7/plus всех цветов и объемов памяти по лучшей цене в Казани!

RFB Apple iPhone 6S 64Gb Black = 27500 руб, ГАРАНТИЯ 1 ГОД (восстановленный)

- цена действует при оплате полной стоимости товара наличными
- выдаем товарный чек и гарантийный талон, заверенные печатью
- количество товара ограничено, уточняйте актуальное наличие
- в заводской пленке, без следов эксплуатации, отличный подарок

-> Звоните: 10.00-20.00, ежедневно

У нас вы сможете наиболее выгодно и дешево купить интересующий вас гаджет или аксессуар!
Магазин AMOLED";"27500";"54.jpg,price386.jpg"
"С гарантией RFB iPhone 6S 64Gb A1633 Gold Магазин";"Уважаемый покупатель,
Добро пожаловать в магазин AMOLED

-> АКЦИЯ, аксессуар на выбор в ПОДАРОК за отзыв!

Мы всегда идем навстречу нашим покупателям и дорожим своей репутацией.
Гибкие возможности вашей покупки:
1) ОПЛАТА кредитной/дебетовой КАРТОЙ
2) ТРЕЙД-ИН, ОБМЕН старого телефона 
3) ДОСТАВКА ПО РФ через ТК CDEK
4) РАССРОЧКА, банки ОТП/Хоум-Кредит
5) ОПТ, ОПЛАТА ЧЕРЕЗ Р/С (для юрид лиц)
Опыт продаж в сфере цифровой электроники с 2009 года.

В нашем ассортименте оригинальный айфон 4/4s/5/5c/5s/6/6s/se/7/plus всех цветов и объемов памяти по лучшей цене в Казани!

RFB Apple iPhone 6S 64Gb Gold = 27500 руб, ГАРАНТИЯ 1 ГОД (восстановленный)

- цена действует при оплате полной стоимости товара наличными
- выдаем товарный чек и гарантийный талон, заверенные печатью
- количество товара ограничено, уточняйте актуальное наличие
- в заводской пленке, без следов эксплуатации, отличный подарок

-> Звоните: 10.00-20.00, ежедневно

У нас вы сможете наиболее выгодно и дешево купить интересующий вас гаджет или аксессуар!
Магазин AMOLED";"27500";"55.jpg,price387.jpg"
"С гарантией NEW iPhone 6S 32Gb A1633 Black";"Уважаемый покупатель,
Добро пожаловать в магазин AMOLED

-> АКЦИЯ, аксессуар на выбор в ПОДАРОК за отзыв!

Мы всегда идем навстречу нашим покупателям и дорожим своей репутацией.
Гибкие возможности вашей покупки:
1) ОПЛАТА кредитной/дебетовой КАРТОЙ
2) ТРЕЙД-ИН, ОБМЕН старого телефона 
3) ДОСТАВКА ПО РФ через ТК CDEK
4) РАССРОЧКА, банки ОТП/Хоум-Кредит
5) ОПТ, ОПЛАТА ЧЕРЕЗ Р/С (для юрид лиц)
Опыт продаж в сфере цифровой электроники с 2009 года.

В нашем ассортименте оригинальный айфон 4/4s/5/5c/5s/6/6s/se/7/plus всех цветов и объемов памяти по лучшей цене в Казани!

NEW Apple iPhone 6S 32Gb Black = 34500 руб, ГАРАНТИЯ 1 ГОД (НОВЫЙ, НЕ РЕФ)

- цена действует при оплате полной стоимости товара наличными
- выдаем товарный чек и гарантийный талон, заверенные печатью
- количество товара ограничено, уточняйте актуальное наличие
- в заводской пленке, без следов эксплуатации, отличный подарок

-> Звоните: 10.00-20.00, ежедневно

У нас вы сможете наиболее выгодно и дешево купить интересующий вас гаджет или аксессуар!
Магазин AMOLED";"34500";"56.jpg,price388.jpg"
"С гарантией RFB iPhone 6S 16Gb A1633 Pink Магазин";"Уважаемый покупатель,
Добро пожаловать в магазин AMOLED

-> АКЦИЯ, аксессуар на выбор в ПОДАРОК за отзыв!

Мы всегда идем навстречу нашим покупателям и дорожим своей репутацией.
Гибкие возможности вашей покупки:
1) ОПЛАТА кредитной/дебетовой КАРТОЙ
2) ТРЕЙД-ИН, ОБМЕН старого телефона 
3) ДОСТАВКА ПО РФ через ТК CDEK
4) РАССРОЧКА, банки ОТП/Хоум-Кредит
5) ОПТ, ОПЛАТА ЧЕРЕЗ Р/С (для юрид лиц)
Опыт продаж в сфере цифровой электроники с 2009 года.

В нашем ассортименте оригинальный айфон 4/4s/5/5c/5s/6/6s/se/7/plus всех цветов и объемов памяти по лучшей цене в Казани!

RFB Apple iPhone 6S 16Gb Pink = 21500 руб, ГАРАНТИЯ 1 ГОД (восстановленный)

- цена действует при оплате полной стоимости товара наличными
- выдаем товарный чек и гарантийный талон, заверенные печатью
- количество товара ограничено, уточняйте актуальное наличие
- в заводской пленке, без следов эксплуатации, отличный подарок

-> Звоните: 10.00-20.00, ежедневно

У нас вы сможете наиболее выгодно и дешево купить интересующий вас гаджет или аксессуар!
Магазин AMOLED";"21500";"57.jpg,price389.jpg"
"С гарантией RFB iPhone 6S 128Gb Б/О A1700 Black";"Уважаемый покупатель,
Добро пожаловать в магазин AMOLED

-> АКЦИЯ, аксессуар на выбор в ПОДАРОК за отзыв!

Мы всегда идем навстречу нашим покупателям и дорожим своей репутацией.
Гибкие возможности вашей покупки:
1) ОПЛАТА кредитной/дебетовой КАРТОЙ
2) ТРЕЙД-ИН, ОБМЕН старого телефона 
3) ДОСТАВКА ПО РФ через ТК CDEK
4) РАССРОЧКА, банки ОТП/Хоум-Кредит
5) ОПТ, ОПЛАТА ЧЕРЕЗ Р/С (для юрид лиц)
Опыт продаж в сфере цифровой электроники с 2009 года.

В нашем ассортименте оригинальный айфон 4/4s/5/5c/5s/6/6s/se/7/plus всех цветов и объемов памяти по лучшей цене в Казани!

RFB Apple iPhone 6S 128Gb без отпечатка Black = 24000 руб, ГАРАНТИЯ 1 ГОД (восстановленный)

- цена действует при оплате полной стоимости товара наличными
- выдаем товарный чек и гарантийный талон, заверенные печатью
- количество товара ограничено, уточняйте актуальное наличие
- в заводской пленке, без следов эксплуатации, отличный подарок

-> Звоните: 10.00-20.00, ежедневно

У нас вы сможете наиболее выгодно и дешево купить интересующий вас гаджет или аксессуар!
Магазин AMOLED";"24000";"58.jpg,price390.jpg"
"С гарантией NEW iPhone 6S 16Gb A1633 Black";"Уважаемый покупатель,
Добро пожаловать в магазин AMOLED

-> АКЦИЯ, аксессуар на выбор в ПОДАРОК за отзыв!

Мы всегда идем навстречу нашим покупателям и дорожим своей репутацией.
Гибкие возможности вашей покупки:
1) ОПЛАТА кредитной/дебетовой КАРТОЙ
2) ТРЕЙД-ИН, ОБМЕН старого телефона 
3) ДОСТАВКА ПО РФ через ТК CDEK
4) РАССРОЧКА, банки ОТП/Хоум-Кредит
5) ОПТ, ОПЛАТА ЧЕРЕЗ Р/С (для юрид лиц)
Опыт продаж в сфере цифровой электроники с 2009 года.

В нашем ассортименте оригинальный айфон 4/4s/5/5c/5s/6/6s/se/7/plus всех цветов и объемов памяти по лучшей цене в Казани!

NEW Apple iPhone 6S 16Gb Black = 29000 руб, ГАРАНТИЯ 1 ГОД (НОВЫЙ, НЕ РЕФ)

- цена действует при оплате полной стоимости товара наличными
- выдаем товарный чек и гарантийный талон, заверенные печатью
- количество товара ограничено, уточняйте актуальное наличие
- в заводской пленке, без следов эксплуатации, отличный подарок

-> Звоните: 10.00-20.00, ежедневно

У нас вы сможете наиболее выгодно и дешево купить интересующий вас гаджет или аксессуар!
Магазин AMOLED";"29000";"59.jpg,price391.jpg"
"С гарантией RFB iPhone 6S 16Gb A1700 Gold Магазин";"Уважаемый покупатель,
Добро пожаловать в магазин AMOLED

-> АКЦИЯ, аксессуар на выбор в ПОДАРОК за отзыв!

Мы всегда идем навстречу нашим покупателям и дорожим своей репутацией.
Гибкие возможности вашей покупки:
1) ОПЛАТА кредитной/дебетовой КАРТОЙ
2) ТРЕЙД-ИН, ОБМЕН старого телефона 
3) ДОСТАВКА ПО РФ через ТК CDEK
4) РАССРОЧКА, банки ОТП/Хоум-Кредит
5) ОПТ, ОПЛАТА ЧЕРЕЗ Р/С (для юрид лиц)
Опыт продаж в сфере цифровой электроники с 2009 года.

В нашем ассортименте оригинальный айфон 4/4s/5/5c/5s/6/6s/se/7/plus всех цветов и объемов памяти по лучшей цене в Казани!

RFB Apple iPhone 6S 16Gb Gold = 21500 руб, ГАРАНТИЯ 1 ГОД (восстановленный)

- цена действует при оплате полной стоимости товара наличными
- выдаем товарный чек и гарантийный талон, заверенные печатью
- количество товара ограничено, уточняйте актуальное наличие
- в заводской пленке, без следов эксплуатации, отличный подарок

-> Звоните: 10.00-20.00, ежедневно

У нас вы сможете наиболее выгодно и дешево купить интересующий вас гаджет или аксессуар!
Магазин AMOLED";"21500";"60.jpg,price392.jpg"
"С гарантией NEW iPhone 6S 16Gb A1688 Gold Магазин";"Уважаемый покупатель,
Добро пожаловать в магазин AMOLED

-> АКЦИЯ, аксессуар на выбор в ПОДАРОК за отзыв!

Мы всегда идем навстречу нашим покупателям и дорожим своей репутацией.
Гибкие возможности вашей покупки:
1) ОПЛАТА кредитной/дебетовой КАРТОЙ
2) ТРЕЙД-ИН, ОБМЕН старого телефона 
3) ДОСТАВКА ПО РФ через ТК CDEK
4) РАССРОЧКА, банки ОТП/Хоум-Кредит
5) ОПТ, ОПЛАТА ЧЕРЕЗ Р/С (для юрид лиц)
Опыт продаж в сфере цифровой электроники с 2009 года.

В нашем ассортименте оригинальный айфон 4/4s/5/5c/5s/6/6s/se/7/plus всех цветов и объемов памяти по лучшей цене в Казани!

NEW Apple iPhone 6S 16Gb Gold = 29000 руб, ГАРАНТИЯ 1 ГОД (НОВЫЙ, НЕ РЕФ)

- цена действует при оплате полной стоимости товара наличными
- выдаем товарный чек и гарантийный талон, заверенные печатью
- количество товара ограничено, уточняйте актуальное наличие
- в заводской пленке, без следов эксплуатации, отличный подарок

-> Звоните: 10.00-20.00, ежедневно

У нас вы сможете наиболее выгодно и дешево купить интересующий вас гаджет или аксессуар!
Магазин AMOLED";"29000";"61.jpg,price393.jpg"
