"–° –≥–∞—Ä–∞–Ω—Ç–∏–µ–π NEW iPhone 5 32Gb A1442 Black –ú–∞–≥–∞–∑–∏–Ω";"–£–≤–∞–∂–∞–µ–º—ã–π –ø–æ–∫—É–ø–∞—Ç–µ–ª—å,
–î–æ–±—Ä–æ –ø–æ–∂–∞–ª–æ–≤–∞—Ç—å –≤ –º–∞–≥–∞–∑–∏–Ω AMOLEDüì≤

‚ö°–ê–ö–¶–ò–Ø, –∞–∫—Å–µ—Å—Å—É–∞—Ä –Ω–∞ –≤—ã–±–æ—Ä –≤ –ü–û–î–ê–†–û–ö –∑–∞ –æ—Ç–∑—ã–≤‚ùó

üíë –ú—ã –≤—Å–µ–≥–¥–∞ –∏–¥–µ–º –Ω–∞–≤—Å—Ç—Ä–µ—á—É –Ω–∞—à–∏–º –ø–æ–∫—É–ø–∞—Ç–µ–ª—è–º –∏ –¥–æ—Ä–æ–∂–∏–º —Å–≤–æ–µ–π —Ä–µ–ø—É—Ç–∞—Ü–∏–µ–π.
üëá –ì–∏–±–∫–∏–µ –≤–æ–∑–º–æ–∂–Ω–æ—Å—Ç–∏ –≤–∞—à–µ–π –ø–æ–∫—É–ø–∫–∏:
‚ö¨–û–ü–õ–ê–¢–ê –∫—Ä–µ–¥–∏—Ç–Ω–æ–π/–¥–µ–±–µ—Ç–æ–≤–æ–π –ö–ê–†–¢–û–ô
‚ö¨–¢–†–ï–ô–î-–ò–ù, –û–ë–ú–ï–ù —Å—Ç–∞—Ä–æ–≥–æ —Ç–µ–ª–µ—Ñ–æ–Ω–∞ 
‚ö¨–î–û–°–¢–ê–í–ö–ê –ü–û –†–§ —á–µ—Ä–µ–∑ –¢–ö CDEK
‚ö¨–†–ê–°–°–†–û–ß–ö–ê –±–∞–Ω–∫–∏ –û–¢–ü/–•–æ—É–º-–ö—Ä–µ–¥–∏—Ç
‚ö¨–û–ü–¢, –û–ü–õ–ê–¢–ê –ß–ï–†–ï–ó –†/–° (–¥–ª—è —é—Ä–∏–¥ –ª–∏—Ü)
üîù–û–ø—ã—Ç –ø—Ä–æ–¥–∞–∂ –≤ —Å—Ñ–µ—Ä–µ —Ü–∏—Ñ—Ä–æ–≤–æ–π —ç–ª–µ–∫—Ç—Ä–æ–Ω–∏–∫–∏ —Å 2009 –≥–æ–¥–∞.

–í –Ω–∞—à–µ–º –∞—Å—Å–æ—Ä—Ç–∏–º–µ–Ω—Ç–µ üíØ–æ—Ä–∏–≥–∏–Ω–∞–ª—å–Ω—ã–µ –∞–π—Ñ–æ–Ω—ã 4/4s/5/5c/5s/6/6s/se/7 plus –≤—Å–µ—Ö —Ü–≤–µ—Ç–æ–≤ –∏ –æ–±—ä–µ–º–æ–≤ –ø–∞–º—è—Ç–∏ –ø–æ –ª—É—á—à–µ–π —Ü–µ–Ω–µ –≤ –ö–∞–∑–∞–Ω–∏!üòä

‚û°Apple iPhone 5 32Gb Black = 7990‚ÇΩ (NEW) –ì–ê–†–ê–ù–¢–ò–Ø 1 –ì–û–î 

‚úî –≤—ã–¥–∞–µ–º —á–µ–∫ –∏ –≥–∞—Ä–∞–Ω—Ç–∏–π–Ω—ã–π —Ç–∞–ª–æ–Ω, –∑–∞–≤–µ—Ä–µ–Ω–Ω—ã–µ –ø–µ—á–∞—Ç—å—é
‚úî —Ü–µ–Ω–∞ –¥–µ–π—Å—Ç–≤—É–µ—Ç –ø—Ä–∏ –æ–ø–ª–∞—Ç–µ –ø–æ–ª–Ω–æ–π —Å—Ç–æ–∏–º–æ—Å—Ç–∏ —Ç–æ–≤–∞—Ä–∞ –Ω–∞–ª–∏—á–Ω—ã–º–∏
‚úî –≤ –∑–∞–≤–æ–¥—Å–∫–æ–π –ø–ª–µ–Ω–∫–µ, –±–µ–∑ —Å–ª–µ–¥–æ–≤ —ç–∫—Å–ø–ª—É–∞—Ç–∞—Ü–∏–∏, –æ—Ç–ª–∏—á–Ω—ã–π –ø–æ–¥–∞—Ä–æ–∫
‚úî –∫–æ–ª-–≤–æ —Ç–æ–≤–∞—Ä–∞ –æ–≥—Ä–∞–Ω–∏—á–µ–Ω–æ, —É—Ç–æ—á–Ω—è–π—Ç–µ –∞–∫—Ç—É–∞–ª—å–Ω–æ–µ –Ω–∞–ª–∏—á–∏–µ

üìû –ó–≤–æ–Ω–∏—Ç–µ: 10.00-20.00, –µ–∂–µ–¥–Ω–µ–≤–Ω–æ

–£ –Ω–∞—Å –≤—ã —Å–º–æ–∂–µ—Ç–µ –Ω–∞–∏–±–æ–ª–µ–µ –≤—ã–≥–æ–¥–Ω–æ –∏ –¥–µ—à–µ–≤–æ –∫—É–ø–∏—Ç—å –∏–Ω—Ç–µ—Ä–µ—Å—É—é—â–∏–π –≤–∞—Å –≥–∞–¥–∂–µ—Ç –∏–ª–∏ –∞–∫—Å–µ—Å—Å—É–∞—Äüëç
–ú–∞–≥–∞–∑–∏–Ω AMOLEDüì≤";"7990";"1.jpg,0.jpg"
"–° –≥–∞—Ä–∞–Ω—Ç–∏–µ–π NEW iPhone 5 16Gb A1429 Black –ú–∞–≥–∞–∑–∏–Ω";"–£–≤–∞–∂–∞–µ–º—ã–π –ø–æ–∫—É–ø–∞—Ç–µ–ª—å,
–î–æ–±—Ä–æ –ø–æ–∂–∞–ª–æ–≤–∞—Ç—å –≤ –º–∞–≥–∞–∑–∏–Ω AMOLEDüì≤

‚ö°–ê–ö–¶–ò–Ø, –∞–∫—Å–µ—Å—Å—É–∞—Ä –Ω–∞ –≤—ã–±–æ—Ä –≤ –ü–û–î–ê–†–û–ö –∑–∞ –æ—Ç–∑—ã–≤‚ùó

üíë –ú—ã –≤—Å–µ–≥–¥–∞ –∏–¥–µ–º –Ω–∞–≤—Å—Ç—Ä–µ—á—É –Ω–∞—à–∏–º –ø–æ–∫—É–ø–∞—Ç–µ–ª—è–º –∏ –¥–æ—Ä–æ–∂–∏–º —Å–≤–æ–µ–π —Ä–µ–ø—É—Ç–∞—Ü–∏–µ–π.
üëá –ì–∏–±–∫–∏–µ –≤–æ–∑–º–æ–∂–Ω–æ—Å—Ç–∏ –≤–∞—à–µ–π –ø–æ–∫—É–ø–∫–∏:
‚ö¨–û–ü–õ–ê–¢–ê –∫—Ä–µ–¥–∏—Ç–Ω–æ–π/–¥–µ–±–µ—Ç–æ–≤–æ–π –ö–ê–†–¢–û–ô
‚ö¨–¢–†–ï–ô–î-–ò–ù, –û–ë–ú–ï–ù —Å—Ç–∞—Ä–æ–≥–æ —Ç–µ–ª–µ—Ñ–æ–Ω–∞ 
‚ö¨–î–û–°–¢–ê–í–ö–ê –ü–û –†–§ —á–µ—Ä–µ–∑ –¢–ö CDEK
‚ö¨–†–ê–°–°–†–û–ß–ö–ê –±–∞–Ω–∫–∏ –û–¢–ü/–•–æ—É–º-–ö—Ä–µ–¥–∏—Ç
‚ö¨–û–ü–¢, –û–ü–õ–ê–¢–ê –ß–ï–†–ï–ó –†/–° (–¥–ª—è —é—Ä–∏–¥ –ª–∏—Ü)
üîù–û–ø—ã—Ç –ø—Ä–æ–¥–∞–∂ –≤ —Å—Ñ–µ—Ä–µ —Ü–∏—Ñ—Ä–æ–≤–æ–π —ç–ª–µ–∫—Ç—Ä–æ–Ω–∏–∫–∏ —Å 2009 –≥–æ–¥–∞.

–í –Ω–∞—à–µ–º –∞—Å—Å–æ—Ä—Ç–∏–º–µ–Ω—Ç–µ üíØ–æ—Ä–∏–≥–∏–Ω–∞–ª—å–Ω—ã–µ –∞–π—Ñ–æ–Ω—ã 4/4s/5/5c/5s/6/6s/se/7 plus –≤—Å–µ—Ö —Ü–≤–µ—Ç–æ–≤ –∏ –æ–±—ä–µ–º–æ–≤ –ø–∞–º—è—Ç–∏ –ø–æ –ª—É—á—à–µ–π —Ü–µ–Ω–µ –≤ –ö–∞–∑–∞–Ω–∏!üòä

‚û°Apple iPhone 5 16Gb Black = 7490‚ÇΩ (NEW) –ì–ê–†–ê–ù–¢–ò–Ø 1 –ì–û–î 

‚úî –≤—ã–¥–∞–µ–º —á–µ–∫ –∏ –≥–∞—Ä–∞–Ω—Ç–∏–π–Ω—ã–π —Ç–∞–ª–æ–Ω, –∑–∞–≤–µ—Ä–µ–Ω–Ω—ã–µ –ø–µ—á–∞—Ç—å—é
‚úî —Ü–µ–Ω–∞ –¥–µ–π—Å—Ç–≤—É–µ—Ç –ø—Ä–∏ –æ–ø–ª–∞—Ç–µ –ø–æ–ª–Ω–æ–π —Å—Ç–æ–∏–º–æ—Å—Ç–∏ —Ç–æ–≤–∞—Ä–∞ –Ω–∞–ª–∏—á–Ω—ã–º–∏
‚úî –≤ –∑–∞–≤–æ–¥—Å–∫–æ–π –ø–ª–µ–Ω–∫–µ, –±–µ–∑ —Å–ª–µ–¥–æ–≤ —ç–∫—Å–ø–ª—É–∞—Ç–∞—Ü–∏–∏, –æ—Ç–ª–∏—á–Ω—ã–π –ø–æ–¥–∞—Ä–æ–∫
‚úî –∫–æ–ª-–≤–æ —Ç–æ–≤–∞—Ä–∞ –æ–≥—Ä–∞–Ω–∏—á–µ–Ω–æ, —É—Ç–æ—á–Ω—è–π—Ç–µ –∞–∫—Ç—É–∞–ª—å–Ω–æ–µ –Ω–∞–ª–∏—á–∏–µ

üìû –ó–≤–æ–Ω–∏—Ç–µ: 10.00-20.00, –µ–∂–µ–¥–Ω–µ–≤–Ω–æ

–£ –Ω–∞—Å –≤—ã —Å–º–æ–∂–µ—Ç–µ –Ω–∞–∏–±–æ–ª–µ–µ –≤—ã–≥–æ–¥–Ω–æ –∏ –¥–µ—à–µ–≤–æ –∫—É–ø–∏—Ç—å –∏–Ω—Ç–µ—Ä–µ—Å—É—é—â–∏–π –≤–∞—Å –≥–∞–¥–∂–µ—Ç –∏–ª–∏ –∞–∫—Å–µ—Å—Å—É–∞—Äüëç
–ú–∞–≥–∞–∑–∏–Ω AMOLEDüì≤";"7490";"2.jpg,0.jpg"
"–° –≥–∞—Ä–∞–Ω—Ç–∏–µ–π RFB iPhone 5 16Gb A1429 White –ú–∞–≥–∞–∑–∏–Ω";"–£–≤–∞–∂–∞–µ–º—ã–π –ø–æ–∫—É–ø–∞—Ç–µ–ª—å,
–î–æ–±—Ä–æ –ø–æ–∂–∞–ª–æ–≤–∞—Ç—å –≤ –º–∞–≥–∞–∑–∏–Ω AMOLEDüì≤

‚ö°–ê–ö–¶–ò–Ø, –∞–∫—Å–µ—Å—Å—É–∞—Ä –Ω–∞ –≤—ã–±–æ—Ä –≤ –ü–û–î–ê–†–û–ö –∑–∞ –æ—Ç–∑—ã–≤‚ùó

üíë –ú—ã –≤—Å–µ–≥–¥–∞ –∏–¥–µ–º –Ω–∞–≤—Å—Ç—Ä–µ—á—É –Ω–∞—à–∏–º –ø–æ–∫—É–ø–∞—Ç–µ–ª—è–º –∏ –¥–æ—Ä–æ–∂–∏–º —Å–≤–æ–µ–π —Ä–µ–ø—É—Ç–∞—Ü–∏–µ–π.
üëá –ì–∏–±–∫–∏–µ –≤–æ–∑–º–æ–∂–Ω–æ—Å—Ç–∏ –≤–∞—à–µ–π –ø–æ–∫—É–ø–∫–∏:
‚ö¨–û–ü–õ–ê–¢–ê –∫—Ä–µ–¥–∏—Ç–Ω–æ–π/–¥–µ–±–µ—Ç–æ–≤–æ–π –ö–ê–†–¢–û–ô
‚ö¨–¢–†–ï–ô–î-–ò–ù, –û–ë–ú–ï–ù —Å—Ç–∞—Ä–æ–≥–æ —Ç–µ–ª–µ—Ñ–æ–Ω–∞ 
‚ö¨–î–û–°–¢–ê–í–ö–ê –ü–û –†–§ —á–µ—Ä–µ–∑ –¢–ö CDEK
‚ö¨–†–ê–°–°–†–û–ß–ö–ê –±–∞–Ω–∫–∏ –û–¢–ü/–•–æ—É–º-–ö—Ä–µ–¥–∏—Ç
‚ö¨–û–ü–¢, –û–ü–õ–ê–¢–ê –ß–ï–†–ï–ó –†/–° (–¥–ª—è —é—Ä–∏–¥ –ª–∏—Ü)
üîù–û–ø—ã—Ç –ø—Ä–æ–¥–∞–∂ –≤ —Å—Ñ–µ—Ä–µ —Ü–∏—Ñ—Ä–æ–≤–æ–π —ç–ª–µ–∫—Ç—Ä–æ–Ω–∏–∫–∏ —Å 2009 –≥–æ–¥–∞.

–í –Ω–∞—à–µ–º –∞—Å—Å–æ—Ä—Ç–∏–º–µ–Ω—Ç–µ üíØ–æ—Ä–∏–≥–∏–Ω–∞–ª—å–Ω—ã–µ –∞–π—Ñ–æ–Ω—ã 4/4s/5/5c/5s/6/6s/se/7 plus –≤—Å–µ—Ö —Ü–≤–µ—Ç–æ–≤ –∏ –æ–±—ä–µ–º–æ–≤ –ø–∞–º—è—Ç–∏ –ø–æ –ª—É—á—à–µ–π —Ü–µ–Ω–µ –≤ –ö–∞–∑–∞–Ω–∏!üòä

‚û°Apple iPhone 5 16Gb White = 7500‚ÇΩ (RFB) –ì–ê–†–ê–ù–¢–ò–Ø 1 –ì–û–î –æ—Ç –°–¶ iSPARKüî• (–ö–∞–∑–∞–Ω—å/–ú–æ—Å–∫–≤–∞)

‚úî –≤—ã–¥–∞–µ–º —á–µ–∫ –∏ –≥–∞—Ä–∞–Ω—Ç–∏–π–Ω—ã–π —Ç–∞–ª–æ–Ω, –∑–∞–≤–µ—Ä–µ–Ω–Ω—ã–µ –ø–µ—á–∞—Ç—å—é
‚úî —Ü–µ–Ω–∞ –¥–µ–π—Å—Ç–≤—É–µ—Ç –ø—Ä–∏ –æ–ø–ª–∞—Ç–µ –ø–æ–ª–Ω–æ–π —Å—Ç–æ–∏–º–æ—Å—Ç–∏ —Ç–æ–≤–∞—Ä–∞ –Ω–∞–ª–∏—á–Ω—ã–º–∏
‚úî –≤ –∑–∞–≤–æ–¥—Å–∫–æ–π –ø–ª–µ–Ω–∫–µ, –±–µ–∑ —Å–ª–µ–¥–æ–≤ —ç–∫—Å–ø–ª—É–∞—Ç–∞—Ü–∏–∏, –æ—Ç–ª–∏—á–Ω—ã–π –ø–æ–¥–∞—Ä–æ–∫
‚úî –∫–æ–ª-–≤–æ —Ç–æ–≤–∞—Ä–∞ –æ–≥—Ä–∞–Ω–∏—á–µ–Ω–æ, —É—Ç–æ—á–Ω—è–π—Ç–µ –∞–∫—Ç—É–∞–ª—å–Ω–æ–µ –Ω–∞–ª–∏—á–∏–µ

üìû –ó–≤–æ–Ω–∏—Ç–µ: 10.00-20.00, –µ–∂–µ–¥–Ω–µ–≤–Ω–æ

–£ –Ω–∞—Å –≤—ã —Å–º–æ–∂–µ—Ç–µ –Ω–∞–∏–±–æ–ª–µ–µ –≤—ã–≥–æ–¥–Ω–æ –∏ –¥–µ—à–µ–≤–æ –∫—É–ø–∏—Ç—å –∏–Ω—Ç–µ—Ä–µ—Å—É—é—â–∏–π –≤–∞—Å –≥–∞–¥–∂–µ—Ç –∏–ª–∏ –∞–∫—Å–µ—Å—Å—É–∞—Äüëç
–ú–∞–≥–∞–∑–∏–Ω AMOLEDüì≤";"7500";"3.jpg,0.jpg"
"–° –≥–∞—Ä–∞–Ω—Ç–∏–µ–π RFB iPhone 5 64Gb A1429 Black –ú–∞–≥–∞–∑–∏–Ω";"–£–≤–∞–∂–∞–µ–º—ã–π –ø–æ–∫—É–ø–∞—Ç–µ–ª—å,
–î–æ–±—Ä–æ –ø–æ–∂–∞–ª–æ–≤–∞—Ç—å –≤ –º–∞–≥–∞–∑–∏–Ω AMOLEDüì≤

‚ö°–ê–ö–¶–ò–Ø, –∞–∫—Å–µ—Å—Å—É–∞—Ä –Ω–∞ –≤—ã–±–æ—Ä –≤ –ü–û–î–ê–†–û–ö –∑–∞ –æ—Ç–∑—ã–≤‚ùó

üíë –ú—ã –≤—Å–µ–≥–¥–∞ –∏–¥–µ–º –Ω–∞–≤—Å—Ç—Ä–µ—á—É –Ω–∞—à–∏–º –ø–æ–∫—É–ø–∞—Ç–µ–ª—è–º –∏ –¥–æ—Ä–æ–∂–∏–º —Å–≤–æ–µ–π —Ä–µ–ø—É—Ç–∞—Ü–∏–µ–π.
üëá –ì–∏–±–∫–∏–µ –≤–æ–∑–º–æ–∂–Ω–æ—Å—Ç–∏ –≤–∞—à–µ–π –ø–æ–∫—É–ø–∫–∏:
‚ö¨–û–ü–õ–ê–¢–ê –∫—Ä–µ–¥–∏—Ç–Ω–æ–π/–¥–µ–±–µ—Ç–æ–≤–æ–π –ö–ê–†–¢–û–ô
‚ö¨–¢–†–ï–ô–î-–ò–ù, –û–ë–ú–ï–ù —Å—Ç–∞—Ä–æ–≥–æ —Ç–µ–ª–µ—Ñ–æ–Ω–∞ 
‚ö¨–î–û–°–¢–ê–í–ö–ê –ü–û –†–§ —á–µ—Ä–µ–∑ –¢–ö CDEK
‚ö¨–†–ê–°–°–†–û–ß–ö–ê –±–∞–Ω–∫–∏ –û–¢–ü/–•–æ—É–º-–ö—Ä–µ–¥–∏—Ç
‚ö¨–û–ü–¢, –û–ü–õ–ê–¢–ê –ß–ï–†–ï–ó –†/–° (–¥–ª—è —é—Ä–∏–¥ –ª–∏—Ü)
üîù–û–ø—ã—Ç –ø—Ä–æ–¥–∞–∂ –≤ —Å—Ñ–µ—Ä–µ —Ü–∏—Ñ—Ä–æ–≤–æ–π —ç–ª–µ–∫—Ç—Ä–æ–Ω–∏–∫–∏ —Å 2009 –≥–æ–¥–∞.

–í –Ω–∞—à–µ–º –∞—Å—Å–æ—Ä—Ç–∏–º–µ–Ω—Ç–µ üíØ–æ—Ä–∏–≥–∏–Ω–∞–ª—å–Ω—ã–µ –∞–π—Ñ–æ–Ω—ã 4/4s/5/5c/5s/6/6s/se/7 plus –≤—Å–µ—Ö —Ü–≤–µ—Ç–æ–≤ –∏ –æ–±—ä–µ–º–æ–≤ –ø–∞–º—è—Ç–∏ –ø–æ –ª—É—á—à–µ–π —Ü–µ–Ω–µ –≤ –ö–∞–∑–∞–Ω–∏!üòä

‚û°Apple iPhone 5 64Gb Black = 9000‚ÇΩ (RFB) –ì–ê–†–ê–ù–¢–ò–Ø 1 –ì–û–î –æ—Ç –°–¶ iSPARKüî• (–ö–∞–∑–∞–Ω—å/–ú–æ—Å–∫–≤–∞)

‚úî –≤—ã–¥–∞–µ–º —á–µ–∫ –∏ –≥–∞—Ä–∞–Ω—Ç–∏–π–Ω—ã–π —Ç–∞–ª–æ–Ω, –∑–∞–≤–µ—Ä–µ–Ω–Ω—ã–µ –ø–µ—á–∞—Ç—å—é
‚úî —Ü–µ–Ω–∞ –¥–µ–π—Å—Ç–≤—É–µ—Ç –ø—Ä–∏ –æ–ø–ª–∞—Ç–µ –ø–æ–ª–Ω–æ–π —Å—Ç–æ–∏–º–æ—Å—Ç–∏ —Ç–æ–≤–∞—Ä–∞ –Ω–∞–ª–∏—á–Ω—ã–º–∏
‚úî –≤ –∑–∞–≤–æ–¥—Å–∫–æ–π –ø–ª–µ–Ω–∫–µ, –±–µ–∑ —Å–ª–µ–¥–æ–≤ —ç–∫—Å–ø–ª—É–∞—Ç–∞—Ü–∏–∏, –æ—Ç–ª–∏—á–Ω—ã–π –ø–æ–¥–∞—Ä–æ–∫
‚úî –∫–æ–ª-–≤–æ —Ç–æ–≤–∞—Ä–∞ –æ–≥—Ä–∞–Ω–∏—á–µ–Ω–æ, —É—Ç–æ—á–Ω—è–π—Ç–µ –∞–∫—Ç—É–∞–ª—å–Ω–æ–µ –Ω–∞–ª–∏—á–∏–µ

üìû –ó–≤–æ–Ω–∏—Ç–µ: 10.00-20.00, –µ–∂–µ–¥–Ω–µ–≤–Ω–æ

–£ –Ω–∞—Å –≤—ã —Å–º–æ–∂–µ—Ç–µ –Ω–∞–∏–±–æ–ª–µ–µ –≤—ã–≥–æ–¥–Ω–æ –∏ –¥–µ—à–µ–≤–æ –∫—É–ø–∏—Ç—å –∏–Ω—Ç–µ—Ä–µ—Å—É—é—â–∏–π –≤–∞—Å –≥–∞–¥–∂–µ—Ç –∏–ª–∏ –∞–∫—Å–µ—Å—Å—É–∞—Äüëç
–ú–∞–≥–∞–∑–∏–Ω AMOLEDüì≤";"9000";"4.jpg,0.jpg"
"–° –≥–∞—Ä–∞–Ω—Ç–∏–µ–π NEW iPhone 5 32Gb A1429 Black –ú–∞–≥–∞–∑–∏–Ω";"–£–≤–∞–∂–∞–µ–º—ã–π –ø–æ–∫—É–ø–∞—Ç–µ–ª—å,
–î–æ–±—Ä–æ –ø–æ–∂–∞–ª–æ–≤–∞—Ç—å –≤ –º–∞–≥–∞–∑–∏–Ω AMOLEDüì≤

‚ö°–ê–ö–¶–ò–Ø, –∞–∫—Å–µ—Å—Å—É–∞—Ä –Ω–∞ –≤—ã–±–æ—Ä –≤ –ü–û–î–ê–†–û–ö –∑–∞ –æ—Ç–∑—ã–≤‚ùó

üíë –ú—ã –≤—Å–µ–≥–¥–∞ –∏–¥–µ–º –Ω–∞–≤—Å—Ç—Ä–µ—á—É –Ω–∞—à–∏–º –ø–æ–∫—É–ø–∞—Ç–µ–ª—è–º –∏ –¥–æ—Ä–æ–∂–∏–º —Å–≤–æ–µ–π —Ä–µ–ø—É—Ç–∞—Ü–∏–µ–π.
üëá –ì–∏–±–∫–∏–µ –≤–æ–∑–º–æ–∂–Ω–æ—Å—Ç–∏ –≤–∞—à–µ–π –ø–æ–∫—É–ø–∫–∏:
‚ö¨–û–ü–õ–ê–¢–ê –∫—Ä–µ–¥–∏—Ç–Ω–æ–π/–¥–µ–±–µ—Ç–æ–≤–æ–π –ö–ê–†–¢–û–ô
‚ö¨–¢–†–ï–ô–î-–ò–ù, –û–ë–ú–ï–ù —Å—Ç–∞—Ä–æ–≥–æ —Ç–µ–ª–µ—Ñ–æ–Ω–∞ 
‚ö¨–î–û–°–¢–ê–í–ö–ê –ü–û –†–§ —á–µ—Ä–µ–∑ –¢–ö CDEK
‚ö¨–†–ê–°–°–†–û–ß–ö–ê –±–∞–Ω–∫–∏ –û–¢–ü/–•–æ—É–º-–ö—Ä–µ–¥–∏—Ç
‚ö¨–û–ü–¢, –û–ü–õ–ê–¢–ê –ß–ï–†–ï–ó –†/–° (–¥–ª—è —é—Ä–∏–¥ –ª–∏—Ü)
üîù–û–ø—ã—Ç –ø—Ä–æ–¥–∞–∂ –≤ —Å—Ñ–µ—Ä–µ —Ü–∏—Ñ—Ä–æ–≤–æ–π —ç–ª–µ–∫—Ç—Ä–æ–Ω–∏–∫–∏ —Å 2009 –≥–æ–¥–∞.

–í –Ω–∞—à–µ–º –∞—Å—Å–æ—Ä—Ç–∏–º–µ–Ω—Ç–µ üíØ–æ—Ä–∏–≥–∏–Ω–∞–ª—å–Ω—ã–µ –∞–π—Ñ–æ–Ω—ã 4/4s/5/5c/5s/6/6s/se/7 plus –≤—Å–µ—Ö —Ü–≤–µ—Ç–æ–≤ –∏ –æ–±—ä–µ–º–æ–≤ –ø–∞–º—è—Ç–∏ –ø–æ –ª—É—á—à–µ–π —Ü–µ–Ω–µ –≤ –ö–∞–∑–∞–Ω–∏!üòä

‚û°Apple iPhone 5 32Gb Black = 7990‚ÇΩ (NEW) –ì–ê–†–ê–ù–¢–ò–Ø 1 –ì–û–î 

‚úî –≤—ã–¥–∞–µ–º —á–µ–∫ –∏ –≥–∞—Ä–∞–Ω—Ç–∏–π–Ω—ã–π —Ç–∞–ª–æ–Ω, –∑–∞–≤–µ—Ä–µ–Ω–Ω—ã–µ –ø–µ—á–∞—Ç—å—é
‚úî —Ü–µ–Ω–∞ –¥–µ–π—Å—Ç–≤—É–µ—Ç –ø—Ä–∏ –æ–ø–ª–∞—Ç–µ –ø–æ–ª–Ω–æ–π —Å—Ç–æ–∏–º–æ—Å—Ç–∏ —Ç–æ–≤–∞—Ä–∞ –Ω–∞–ª–∏—á–Ω—ã–º–∏
‚úî –≤ –∑–∞–≤–æ–¥—Å–∫–æ–π –ø–ª–µ–Ω–∫–µ, –±–µ–∑ —Å–ª–µ–¥–æ–≤ —ç–∫—Å–ø–ª—É–∞—Ç–∞—Ü–∏–∏, –æ—Ç–ª–∏—á–Ω—ã–π –ø–æ–¥–∞—Ä–æ–∫
‚úî –∫–æ–ª-–≤–æ —Ç–æ–≤–∞—Ä–∞ –æ–≥—Ä–∞–Ω–∏—á–µ–Ω–æ, —É—Ç–æ—á–Ω—è–π—Ç–µ –∞–∫—Ç—É–∞–ª—å–Ω–æ–µ –Ω–∞–ª–∏—á–∏–µ

üìû –ó–≤–æ–Ω–∏—Ç–µ: 10.00-20.00, –µ–∂–µ–¥–Ω–µ–≤–Ω–æ

–£ –Ω–∞—Å –≤—ã —Å–º–æ–∂–µ—Ç–µ –Ω–∞–∏–±–æ–ª–µ–µ –≤—ã–≥–æ–¥–Ω–æ –∏ –¥–µ—à–µ–≤–æ –∫—É–ø–∏—Ç—å –∏–Ω—Ç–µ—Ä–µ—Å—É—é—â–∏–π –≤–∞—Å –≥–∞–¥–∂–µ—Ç –∏–ª–∏ –∞–∫—Å–µ—Å—Å—É–∞—Äüëç
–ú–∞–≥–∞–∑–∏–Ω AMOLEDüì≤";"7990";"5.jpg,0.jpg"
"–° –≥–∞—Ä–∞–Ω—Ç–∏–µ–π NEW iPhone 5 32Gb A1442 White –ú–∞–≥–∞–∑–∏–Ω";"–£–≤–∞–∂–∞–µ–º—ã–π –ø–æ–∫—É–ø–∞—Ç–µ–ª—å,
–î–æ–±—Ä–æ –ø–æ–∂–∞–ª–æ–≤–∞—Ç—å –≤ –º–∞–≥–∞–∑–∏–Ω AMOLEDüì≤

‚ö°–ê–ö–¶–ò–Ø, –∞–∫—Å–µ—Å—Å—É–∞—Ä –Ω–∞ –≤—ã–±–æ—Ä –≤ –ü–û–î–ê–†–û–ö –∑–∞ –æ—Ç–∑—ã–≤‚ùó

üíë –ú—ã –≤—Å–µ–≥–¥–∞ –∏–¥–µ–º –Ω–∞–≤—Å—Ç—Ä–µ—á—É –Ω–∞—à–∏–º –ø–æ–∫—É–ø–∞—Ç–µ–ª—è–º –∏ –¥–æ—Ä–æ–∂–∏–º —Å–≤–æ–µ–π —Ä–µ–ø—É—Ç–∞—Ü–∏–µ–π.
üëá –ì–∏–±–∫–∏–µ –≤–æ–∑–º–æ–∂–Ω–æ—Å—Ç–∏ –≤–∞—à–µ–π –ø–æ–∫—É–ø–∫–∏:
‚ö¨–û–ü–õ–ê–¢–ê –∫—Ä–µ–¥–∏—Ç–Ω–æ–π/–¥–µ–±–µ—Ç–æ–≤–æ–π –ö–ê–†–¢–û–ô
‚ö¨–¢–†–ï–ô–î-–ò–ù, –û–ë–ú–ï–ù —Å—Ç–∞—Ä–æ–≥–æ —Ç–µ–ª–µ—Ñ–æ–Ω–∞ 
‚ö¨–î–û–°–¢–ê–í–ö–ê –ü–û –†–§ —á–µ—Ä–µ–∑ –¢–ö CDEK
‚ö¨–†–ê–°–°–†–û–ß–ö–ê –±–∞–Ω–∫–∏ –û–¢–ü/–•–æ—É–º-–ö—Ä–µ–¥–∏—Ç
‚ö¨–û–ü–¢, –û–ü–õ–ê–¢–ê –ß–ï–†–ï–ó –†/–° (–¥–ª—è —é—Ä–∏–¥ –ª–∏—Ü)
üîù–û–ø—ã—Ç –ø—Ä–æ–¥–∞–∂ –≤ —Å—Ñ–µ—Ä–µ —Ü–∏—Ñ—Ä–æ–≤–æ–π —ç–ª–µ–∫—Ç—Ä–æ–Ω–∏–∫–∏ —Å 2009 –≥–æ–¥–∞.

–í –Ω–∞—à–µ–º –∞—Å—Å–æ—Ä—Ç–∏–º–µ–Ω—Ç–µ üíØ–æ—Ä–∏–≥–∏–Ω–∞–ª—å–Ω—ã–µ –∞–π—Ñ–æ–Ω—ã 4/4s/5/5c/5s/6/6s/se/7 plus –≤—Å–µ—Ö —Ü–≤–µ—Ç–æ–≤ –∏ –æ–±—ä–µ–º–æ–≤ –ø–∞–º—è—Ç–∏ –ø–æ –ª—É—á—à–µ–π —Ü–µ–Ω–µ –≤ –ö–∞–∑–∞–Ω–∏!üòä

‚û°Apple iPhone 5 32Gb White = 7990‚ÇΩ (NEW) –ì–ê–†–ê–ù–¢–ò–Ø 1 –ì–û–î 

‚úî –≤—ã–¥–∞–µ–º —á–µ–∫ –∏ –≥–∞—Ä–∞–Ω—Ç–∏–π–Ω—ã–π —Ç–∞–ª–æ–Ω, –∑–∞–≤–µ—Ä–µ–Ω–Ω—ã–µ –ø–µ—á–∞—Ç—å—é
‚úî —Ü–µ–Ω–∞ –¥–µ–π—Å—Ç–≤—É–µ—Ç –ø—Ä–∏ –æ–ø–ª–∞—Ç–µ –ø–æ–ª–Ω–æ–π —Å—Ç–æ–∏–º–æ—Å—Ç–∏ —Ç–æ–≤–∞—Ä–∞ –Ω–∞–ª–∏—á–Ω—ã–º–∏
‚úî –≤ –∑–∞–≤–æ–¥—Å–∫–æ–π –ø–ª–µ–Ω–∫–µ, –±–µ–∑ —Å–ª–µ–¥–æ–≤ —ç–∫—Å–ø–ª—É–∞—Ç–∞—Ü–∏–∏, –æ—Ç–ª–∏—á–Ω—ã–π –ø–æ–¥–∞—Ä–æ–∫
‚úî –∫–æ–ª-–≤–æ —Ç–æ–≤–∞—Ä–∞ –æ–≥—Ä–∞–Ω–∏—á–µ–Ω–æ, —É—Ç–æ—á–Ω—è–π—Ç–µ –∞–∫—Ç—É–∞–ª—å–Ω–æ–µ –Ω–∞–ª–∏—á–∏–µ

üìû –ó–≤–æ–Ω–∏—Ç–µ: 10.00-20.00, –µ–∂–µ–¥–Ω–µ–≤–Ω–æ

–£ –Ω–∞—Å –≤—ã —Å–º–æ–∂–µ—Ç–µ –Ω–∞–∏–±–æ–ª–µ–µ –≤—ã–≥–æ–¥–Ω–æ –∏ –¥–µ—à–µ–≤–æ –∫—É–ø–∏—Ç—å –∏–Ω—Ç–µ—Ä–µ—Å—É—é—â–∏–π –≤–∞—Å –≥–∞–¥–∂–µ—Ç –∏–ª–∏ –∞–∫—Å–µ—Å—Å—É–∞—Äüëç
–ú–∞–≥–∞–∑–∏–Ω AMOLEDüì≤";"7990";"6.jpg,0.jpg"
"–° –≥–∞—Ä–∞–Ω—Ç–∏–µ–π NEW iPhone 5 64Gb A1428 Black –ú–∞–≥–∞–∑–∏–Ω";"–£–≤–∞–∂–∞–µ–º—ã–π –ø–æ–∫—É–ø–∞—Ç–µ–ª—å,
–î–æ–±—Ä–æ –ø–æ–∂–∞–ª–æ–≤–∞—Ç—å –≤ –º–∞–≥–∞–∑–∏–Ω AMOLEDüì≤

‚ö°–ê–ö–¶–ò–Ø, –∞–∫—Å–µ—Å—Å—É–∞—Ä –Ω–∞ –≤—ã–±–æ—Ä –≤ –ü–û–î–ê–†–û–ö –∑–∞ –æ—Ç–∑—ã–≤‚ùó

üíë –ú—ã –≤—Å–µ–≥–¥–∞ –∏–¥–µ–º –Ω–∞–≤—Å—Ç—Ä–µ—á—É –Ω–∞—à–∏–º –ø–æ–∫—É–ø–∞—Ç–µ–ª—è–º –∏ –¥–æ—Ä–æ–∂–∏–º —Å–≤–æ–µ–π —Ä–µ–ø—É—Ç–∞—Ü–∏–µ–π.
üëá –ì–∏–±–∫–∏–µ –≤–æ–∑–º–æ–∂–Ω–æ—Å—Ç–∏ –≤–∞—à–µ–π –ø–æ–∫—É–ø–∫–∏:
‚ö¨–û–ü–õ–ê–¢–ê –∫—Ä–µ–¥–∏—Ç–Ω–æ–π/–¥–µ–±–µ—Ç–æ–≤–æ–π –ö–ê–†–¢–û–ô
‚ö¨–¢–†–ï–ô–î-–ò–ù, –û–ë–ú–ï–ù —Å—Ç–∞—Ä–æ–≥–æ —Ç–µ–ª–µ—Ñ–æ–Ω–∞ 
‚ö¨–î–û–°–¢–ê–í–ö–ê –ü–û –†–§ —á–µ—Ä–µ–∑ –¢–ö CDEK
‚ö¨–†–ê–°–°–†–û–ß–ö–ê –±–∞–Ω–∫–∏ –û–¢–ü/–•–æ—É–º-–ö—Ä–µ–¥–∏—Ç
‚ö¨–û–ü–¢, –û–ü–õ–ê–¢–ê –ß–ï–†–ï–ó –†/–° (–¥–ª—è —é—Ä–∏–¥ –ª–∏—Ü)
üîù–û–ø—ã—Ç –ø—Ä–æ–¥–∞–∂ –≤ —Å—Ñ–µ—Ä–µ —Ü–∏—Ñ—Ä–æ–≤–æ–π —ç–ª–µ–∫—Ç—Ä–æ–Ω–∏–∫–∏ —Å 2009 –≥–æ–¥–∞.

–í –Ω–∞—à–µ–º –∞—Å—Å–æ—Ä—Ç–∏–º–µ–Ω—Ç–µ üíØ–æ—Ä–∏–≥–∏–Ω–∞–ª—å–Ω—ã–µ –∞–π—Ñ–æ–Ω—ã 4/4s/5/5c/5s/6/6s/se/7 plus –≤—Å–µ—Ö —Ü–≤–µ—Ç–æ–≤ –∏ –æ–±—ä–µ–º–æ–≤ –ø–∞–º—è—Ç–∏ –ø–æ –ª—É—á—à–µ–π —Ü–µ–Ω–µ –≤ –ö–∞–∑–∞–Ω–∏!üòä

‚û°Apple iPhone 5 64Gb Black = 8990‚ÇΩ (NEW) –ì–ê–†–ê–ù–¢–ò–Ø 1 –ì–û–î 

‚úî –≤—ã–¥–∞–µ–º —á–µ–∫ –∏ –≥–∞—Ä–∞–Ω—Ç–∏–π–Ω—ã–π —Ç–∞–ª–æ–Ω, –∑–∞–≤–µ—Ä–µ–Ω–Ω—ã–µ –ø–µ—á–∞—Ç—å—é
‚úî —Ü–µ–Ω–∞ –¥–µ–π—Å—Ç–≤—É–µ—Ç –ø—Ä–∏ –æ–ø–ª–∞—Ç–µ –ø–æ–ª–Ω–æ–π —Å—Ç–æ–∏–º–æ—Å—Ç–∏ —Ç–æ–≤–∞—Ä–∞ –Ω–∞–ª–∏—á–Ω—ã–º–∏
‚úî –≤ –∑–∞–≤–æ–¥—Å–∫–æ–π –ø–ª–µ–Ω–∫–µ, –±–µ–∑ —Å–ª–µ–¥–æ–≤ —ç–∫—Å–ø–ª—É–∞—Ç–∞—Ü–∏–∏, –æ—Ç–ª–∏—á–Ω—ã–π –ø–æ–¥–∞—Ä–æ–∫
‚úî –∫–æ–ª-–≤–æ —Ç–æ–≤–∞—Ä–∞ –æ–≥—Ä–∞–Ω–∏—á–µ–Ω–æ, —É—Ç–æ—á–Ω—è–π—Ç–µ –∞–∫—Ç—É–∞–ª—å–Ω–æ–µ –Ω–∞–ª–∏—á–∏–µ

üìû –ó–≤–æ–Ω–∏—Ç–µ: 10.00-20.00, –µ–∂–µ–¥–Ω–µ–≤–Ω–æ

–£ –Ω–∞—Å –≤—ã —Å–º–æ–∂–µ—Ç–µ –Ω–∞–∏–±–æ–ª–µ–µ –≤—ã–≥–æ–¥–Ω–æ –∏ –¥–µ—à–µ–≤–æ –∫—É–ø–∏—Ç—å –∏–Ω—Ç–µ—Ä–µ—Å—É—é—â–∏–π –≤–∞—Å –≥–∞–¥–∂–µ—Ç –∏–ª–∏ –∞–∫—Å–µ—Å—Å—É–∞—Äüëç
–ú–∞–≥–∞–∑–∏–Ω AMOLEDüì≤";"8990";"7.jpg,0.jpg"
"–° –≥–∞—Ä–∞–Ω—Ç–∏–µ–π NEW iPhone 5 16Gb A1428 Black –ú–∞–≥–∞–∑–∏–Ω";"–£–≤–∞–∂–∞–µ–º—ã–π –ø–æ–∫—É–ø–∞—Ç–µ–ª—å,
–î–æ–±—Ä–æ –ø–æ–∂–∞–ª–æ–≤–∞—Ç—å –≤ –º–∞–≥–∞–∑–∏–Ω AMOLEDüì≤

‚ö°–ê–ö–¶–ò–Ø, –∞–∫—Å–µ—Å—Å—É–∞—Ä –Ω–∞ –≤—ã–±–æ—Ä –≤ –ü–û–î–ê–†–û–ö –∑–∞ –æ—Ç–∑—ã–≤‚ùó

üíë –ú—ã –≤—Å–µ–≥–¥–∞ –∏–¥–µ–º –Ω–∞–≤—Å—Ç—Ä–µ—á—É –Ω–∞—à–∏–º –ø–æ–∫—É–ø–∞—Ç–µ–ª—è–º –∏ –¥–æ—Ä–æ–∂–∏–º —Å–≤–æ–µ–π —Ä–µ–ø—É—Ç–∞—Ü–∏–µ–π.
üëá –ì–∏–±–∫–∏–µ –≤–æ–∑–º–æ–∂–Ω–æ—Å—Ç–∏ –≤–∞—à–µ–π –ø–æ–∫—É–ø–∫–∏:
‚ö¨–û–ü–õ–ê–¢–ê –∫—Ä–µ–¥–∏—Ç–Ω–æ–π/–¥–µ–±–µ—Ç–æ–≤–æ–π –ö–ê–†–¢–û–ô
‚ö¨–¢–†–ï–ô–î-–ò–ù, –û–ë–ú–ï–ù —Å—Ç–∞—Ä–æ–≥–æ —Ç–µ–ª–µ—Ñ–æ–Ω–∞ 
‚ö¨–î–û–°–¢–ê–í–ö–ê –ü–û –†–§ —á–µ—Ä–µ–∑ –¢–ö CDEK
‚ö¨–†–ê–°–°–†–û–ß–ö–ê –±–∞–Ω–∫–∏ –û–¢–ü/–•–æ—É–º-–ö—Ä–µ–¥–∏—Ç
‚ö¨–û–ü–¢, –û–ü–õ–ê–¢–ê –ß–ï–†–ï–ó –†/–° (–¥–ª—è —é—Ä–∏–¥ –ª–∏—Ü)
üîù–û–ø—ã—Ç –ø—Ä–æ–¥–∞–∂ –≤ —Å—Ñ–µ—Ä–µ —Ü–∏—Ñ—Ä–æ–≤–æ–π —ç–ª–µ–∫—Ç—Ä–æ–Ω–∏–∫–∏ —Å 2009 –≥–æ–¥–∞.

–í –Ω–∞—à–µ–º –∞—Å—Å–æ—Ä—Ç–∏–º–µ–Ω—Ç–µ üíØ–æ—Ä–∏–≥–∏–Ω–∞–ª—å–Ω—ã–µ –∞–π—Ñ–æ–Ω—ã 4/4s/5/5c/5s/6/6s/se/7 plus –≤—Å–µ—Ö —Ü–≤–µ—Ç–æ–≤ –∏ –æ–±—ä–µ–º–æ–≤ –ø–∞–º—è—Ç–∏ –ø–æ –ª—É—á—à–µ–π —Ü–µ–Ω–µ –≤ –ö–∞–∑–∞–Ω–∏!üòä

‚û°Apple iPhone 5 16Gb Black = 7490‚ÇΩ (NEW) –ì–ê–†–ê–ù–¢–ò–Ø 1 –ì–û–î 

‚úî –≤—ã–¥–∞–µ–º —á–µ–∫ –∏ –≥–∞—Ä–∞–Ω—Ç–∏–π–Ω—ã–π —Ç–∞–ª–æ–Ω, –∑–∞–≤–µ—Ä–µ–Ω–Ω—ã–µ –ø–µ—á–∞—Ç—å—é
‚úî —Ü–µ–Ω–∞ –¥–µ–π—Å—Ç–≤—É–µ—Ç –ø—Ä–∏ –æ–ø–ª–∞—Ç–µ –ø–æ–ª–Ω–æ–π —Å—Ç–æ–∏–º–æ—Å—Ç–∏ —Ç–æ–≤–∞—Ä–∞ –Ω–∞–ª–∏—á–Ω—ã–º–∏
‚úî –≤ –∑–∞–≤–æ–¥—Å–∫–æ–π –ø–ª–µ–Ω–∫–µ, –±–µ–∑ —Å–ª–µ–¥–æ–≤ —ç–∫—Å–ø–ª—É–∞—Ç–∞—Ü–∏–∏, –æ—Ç–ª–∏—á–Ω—ã–π –ø–æ–¥–∞—Ä–æ–∫
‚úî –∫–æ–ª-–≤–æ —Ç–æ–≤–∞—Ä–∞ –æ–≥—Ä–∞–Ω–∏—á–µ–Ω–æ, —É—Ç–æ—á–Ω—è–π—Ç–µ –∞–∫—Ç—É–∞–ª—å–Ω–æ–µ –Ω–∞–ª–∏—á–∏–µ

üìû –ó–≤–æ–Ω–∏—Ç–µ: 10.00-20.00, –µ–∂–µ–¥–Ω–µ–≤–Ω–æ

–£ –Ω–∞—Å –≤—ã —Å–º–æ–∂–µ—Ç–µ –Ω–∞–∏–±–æ–ª–µ–µ –≤—ã–≥–æ–¥–Ω–æ –∏ –¥–µ—à–µ–≤–æ –∫—É–ø–∏—Ç—å –∏–Ω—Ç–µ—Ä–µ—Å—É—é—â–∏–π –≤–∞—Å –≥–∞–¥–∂–µ—Ç –∏–ª–∏ –∞–∫—Å–µ—Å—Å—É–∞—Äüëç
–ú–∞–≥–∞–∑–∏–Ω AMOLEDüì≤";"7490";"8.jpg,0.jpg"
"–° –≥–∞—Ä–∞–Ω—Ç–∏–µ–π RFB iPhone 5 32Gb A1428 Black –ú–∞–≥–∞–∑–∏–Ω";"–£–≤–∞–∂–∞–µ–º—ã–π –ø–æ–∫—É–ø–∞—Ç–µ–ª—å,
–î–æ–±—Ä–æ –ø–æ–∂–∞–ª–æ–≤–∞—Ç—å –≤ –º–∞–≥–∞–∑–∏–Ω AMOLEDüì≤

‚ö°–ê–ö–¶–ò–Ø, –∞–∫—Å–µ—Å—Å—É–∞—Ä –Ω–∞ –≤—ã–±–æ—Ä –≤ –ü–û–î–ê–†–û–ö –∑–∞ –æ—Ç–∑—ã–≤‚ùó

üíë –ú—ã –≤—Å–µ–≥–¥–∞ –∏–¥–µ–º –Ω–∞–≤—Å—Ç—Ä–µ—á—É –Ω–∞—à–∏–º –ø–æ–∫—É–ø–∞—Ç–µ–ª—è–º –∏ –¥–æ—Ä–æ–∂–∏–º —Å–≤–æ–µ–π —Ä–µ–ø—É—Ç–∞—Ü–∏–µ–π.
üëá –ì–∏–±–∫–∏–µ –≤–æ–∑–º–æ–∂–Ω–æ—Å—Ç–∏ –≤–∞—à–µ–π –ø–æ–∫—É–ø–∫–∏:
‚ö¨–û–ü–õ–ê–¢–ê –∫—Ä–µ–¥–∏—Ç–Ω–æ–π/–¥–µ–±–µ—Ç–æ–≤–æ–π –ö–ê–†–¢–û–ô
‚ö¨–¢–†–ï–ô–î-–ò–ù, –û–ë–ú–ï–ù —Å—Ç–∞—Ä–æ–≥–æ —Ç–µ–ª–µ—Ñ–æ–Ω–∞ 
‚ö¨–î–û–°–¢–ê–í–ö–ê –ü–û –†–§ —á–µ—Ä–µ–∑ –¢–ö CDEK
‚ö¨–†–ê–°–°–†–û–ß–ö–ê –±–∞–Ω–∫–∏ –û–¢–ü/–•–æ—É–º-–ö—Ä–µ–¥–∏—Ç
‚ö¨–û–ü–¢, –û–ü–õ–ê–¢–ê –ß–ï–†–ï–ó –†/–° (–¥–ª—è —é—Ä–∏–¥ –ª–∏—Ü)
üîù–û–ø—ã—Ç –ø—Ä–æ–¥–∞–∂ –≤ —Å—Ñ–µ—Ä–µ —Ü–∏—Ñ—Ä–æ–≤–æ–π —ç–ª–µ–∫—Ç—Ä–æ–Ω–∏–∫–∏ —Å 2009 –≥–æ–¥–∞.

–í –Ω–∞—à–µ–º –∞—Å—Å–æ—Ä—Ç–∏–º–µ–Ω—Ç–µ üíØ–æ—Ä–∏–≥–∏–Ω–∞–ª—å–Ω—ã–µ –∞–π—Ñ–æ–Ω—ã 4/4s/5/5c/5s/6/6s/se/7 plus –≤—Å–µ—Ö —Ü–≤–µ—Ç–æ–≤ –∏ –æ–±—ä–µ–º–æ–≤ –ø–∞–º—è—Ç–∏ –ø–æ –ª—É—á—à–µ–π —Ü–µ–Ω–µ –≤ –ö–∞–∑–∞–Ω–∏!üòä

‚û°Apple iPhone 5 32Gb Black = 8000‚ÇΩ (RFB) –ì–ê–†–ê–ù–¢–ò–Ø 1 –ì–û–î –æ—Ç –°–¶ iSPARKüî• (–ö–∞–∑–∞–Ω—å/–ú–æ—Å–∫–≤–∞)

‚úî –≤—ã–¥–∞–µ–º —á–µ–∫ –∏ –≥–∞—Ä–∞–Ω—Ç–∏–π–Ω—ã–π —Ç–∞–ª–æ–Ω, –∑–∞–≤–µ—Ä–µ–Ω–Ω—ã–µ –ø–µ—á–∞—Ç—å—é
‚úî —Ü–µ–Ω–∞ –¥–µ–π—Å—Ç–≤—É–µ—Ç –ø—Ä–∏ –æ–ø–ª–∞—Ç–µ –ø–æ–ª–Ω–æ–π —Å—Ç–æ–∏–º–æ—Å—Ç–∏ —Ç–æ–≤–∞—Ä–∞ –Ω–∞–ª–∏—á–Ω—ã–º–∏
‚úî –≤ –∑–∞–≤–æ–¥—Å–∫–æ–π –ø–ª–µ–Ω–∫–µ, –±–µ–∑ —Å–ª–µ–¥–æ–≤ —ç–∫—Å–ø–ª—É–∞—Ç–∞—Ü–∏–∏, –æ—Ç–ª–∏—á–Ω—ã–π –ø–æ–¥–∞—Ä–æ–∫
‚úî –∫–æ–ª-–≤–æ —Ç–æ–≤–∞—Ä–∞ –æ–≥—Ä–∞–Ω–∏—á–µ–Ω–æ, —É—Ç–æ—á–Ω—è–π—Ç–µ –∞–∫—Ç—É–∞–ª—å–Ω–æ–µ –Ω–∞–ª–∏—á–∏–µ

üìû –ó–≤–æ–Ω–∏—Ç–µ: 10.00-20.00, –µ–∂–µ–¥–Ω–µ–≤–Ω–æ

–£ –Ω–∞—Å –≤—ã —Å–º–æ–∂–µ—Ç–µ –Ω–∞–∏–±–æ–ª–µ–µ –≤—ã–≥–æ–¥–Ω–æ –∏ –¥–µ—à–µ–≤–æ –∫—É–ø–∏—Ç—å –∏–Ω—Ç–µ—Ä–µ—Å—É—é—â–∏–π –≤–∞—Å –≥–∞–¥–∂–µ—Ç –∏–ª–∏ –∞–∫—Å–µ—Å—Å—É–∞—Äüëç
–ú–∞–≥–∞–∑–∏–Ω AMOLEDüì≤";"8000";"9.jpg,0.jpg"
"–° –≥–∞—Ä–∞–Ω—Ç–∏–µ–π RFB iPhone 5 16Gb A1429 Black –ú–∞–≥–∞–∑–∏–Ω";"–£–≤–∞–∂–∞–µ–º—ã–π –ø–æ–∫—É–ø–∞—Ç–µ–ª—å,
–î–æ–±—Ä–æ –ø–æ–∂–∞–ª–æ–≤–∞—Ç—å –≤ –º–∞–≥–∞–∑–∏–Ω AMOLEDüì≤

‚ö°–ê–ö–¶–ò–Ø, –∞–∫—Å–µ—Å—Å—É–∞—Ä –Ω–∞ –≤—ã–±–æ—Ä –≤ –ü–û–î–ê–†–û–ö –∑–∞ –æ—Ç–∑—ã–≤‚ùó

üíë –ú—ã –≤—Å–µ–≥–¥–∞ –∏–¥–µ–º –Ω–∞–≤—Å—Ç—Ä–µ—á—É –Ω–∞—à–∏–º –ø–æ–∫—É–ø–∞—Ç–µ–ª—è–º –∏ –¥–æ—Ä–æ–∂–∏–º —Å–≤–æ–µ–π —Ä–µ–ø—É—Ç–∞—Ü–∏–µ–π.
üëá –ì–∏–±–∫–∏–µ –≤–æ–∑–º–æ–∂–Ω–æ—Å—Ç–∏ –≤–∞—à–µ–π –ø–æ–∫—É–ø–∫–∏:
‚ö¨–û–ü–õ–ê–¢–ê –∫—Ä–µ–¥–∏—Ç–Ω–æ–π/–¥–µ–±–µ—Ç–æ–≤–æ–π –ö–ê–†–¢–û–ô
‚ö¨–¢–†–ï–ô–î-–ò–ù, –û–ë–ú–ï–ù —Å—Ç–∞—Ä–æ–≥–æ —Ç–µ–ª–µ—Ñ–æ–Ω–∞ 
‚ö¨–î–û–°–¢–ê–í–ö–ê –ü–û –†–§ —á–µ—Ä–µ–∑ –¢–ö CDEK
‚ö¨–†–ê–°–°–†–û–ß–ö–ê –±–∞–Ω–∫–∏ –û–¢–ü/–•–æ—É–º-–ö—Ä–µ–¥–∏—Ç
‚ö¨–û–ü–¢, –û–ü–õ–ê–¢–ê –ß–ï–†–ï–ó –†/–° (–¥–ª—è —é—Ä–∏–¥ –ª–∏—Ü)
üîù–û–ø—ã—Ç –ø—Ä–æ–¥–∞–∂ –≤ —Å—Ñ–µ—Ä–µ —Ü–∏—Ñ—Ä–æ–≤–æ–π —ç–ª–µ–∫—Ç—Ä–æ–Ω–∏–∫–∏ —Å 2009 –≥–æ–¥–∞.

–í –Ω–∞—à–µ–º –∞—Å—Å–æ—Ä—Ç–∏–º–µ–Ω—Ç–µ üíØ–æ—Ä–∏–≥–∏–Ω–∞–ª—å–Ω—ã–µ –∞–π—Ñ–æ–Ω—ã 4/4s/5/5c/5s/6/6s/se/7 plus –≤—Å–µ—Ö —Ü–≤–µ—Ç–æ–≤ –∏ –æ–±—ä–µ–º–æ–≤ –ø–∞–º—è—Ç–∏ –ø–æ –ª—É—á—à–µ–π —Ü–µ–Ω–µ –≤ –ö–∞–∑–∞–Ω–∏!üòä

‚û°Apple iPhone 5 16Gb Black = 7500‚ÇΩ (RFB) –ì–ê–†–ê–ù–¢–ò–Ø 1 –ì–û–î –æ—Ç –°–¶ iSPARKüî• (–ö–∞–∑–∞–Ω—å/–ú–æ—Å–∫–≤–∞)

‚úî –≤—ã–¥–∞–µ–º —á–µ–∫ –∏ –≥–∞—Ä–∞–Ω—Ç–∏–π–Ω—ã–π —Ç–∞–ª–æ–Ω, –∑–∞–≤–µ—Ä–µ–Ω–Ω—ã–µ –ø–µ—á–∞—Ç—å—é
‚úî —Ü–µ–Ω–∞ –¥–µ–π—Å—Ç–≤—É–µ—Ç –ø—Ä–∏ –æ–ø–ª–∞—Ç–µ –ø–æ–ª–Ω–æ–π —Å—Ç–æ–∏–º–æ—Å—Ç–∏ —Ç–æ–≤–∞—Ä–∞ –Ω–∞–ª–∏—á–Ω—ã–º–∏
‚úî –≤ –∑–∞–≤–æ–¥—Å–∫–æ–π –ø–ª–µ–Ω–∫–µ, –±–µ–∑ —Å–ª–µ–¥–æ–≤ —ç–∫—Å–ø–ª—É–∞—Ç–∞—Ü–∏–∏, –æ—Ç–ª–∏—á–Ω—ã–π –ø–æ–¥–∞—Ä–æ–∫
‚úî –∫–æ–ª-–≤–æ —Ç–æ–≤–∞—Ä–∞ –æ–≥—Ä–∞–Ω–∏—á–µ–Ω–æ, —É—Ç–æ—á–Ω—è–π—Ç–µ –∞–∫—Ç—É–∞–ª—å–Ω–æ–µ –Ω–∞–ª–∏—á–∏–µ

üìû –ó–≤–æ–Ω–∏—Ç–µ: 10.00-20.00, –µ–∂–µ–¥–Ω–µ–≤–Ω–æ

–£ –Ω–∞—Å –≤—ã —Å–º–æ–∂–µ—Ç–µ –Ω–∞–∏–±–æ–ª–µ–µ –≤—ã–≥–æ–¥–Ω–æ –∏ –¥–µ—à–µ–≤–æ –∫—É–ø–∏—Ç—å –∏–Ω—Ç–µ—Ä–µ—Å—É—é—â–∏–π –≤–∞—Å –≥–∞–¥–∂–µ—Ç –∏–ª–∏ –∞–∫—Å–µ—Å—Å—É–∞—Äüëç
–ú–∞–≥–∞–∑–∏–Ω AMOLEDüì≤";"7500";"10.jpg,0.jpg"
"–° –≥–∞—Ä–∞–Ω—Ç–∏–µ–π NEW iPhone 5 64Gb A1429 White –ú–∞–≥–∞–∑–∏–Ω";"–£–≤–∞–∂–∞–µ–º—ã–π –ø–æ–∫—É–ø–∞—Ç–µ–ª—å,
–î–æ–±—Ä–æ –ø–æ–∂–∞–ª–æ–≤–∞—Ç—å –≤ –º–∞–≥–∞–∑–∏–Ω AMOLEDüì≤

‚ö°–ê–ö–¶–ò–Ø, –∞–∫—Å–µ—Å—Å—É–∞—Ä –Ω–∞ –≤—ã–±–æ—Ä –≤ –ü–û–î–ê–†–û–ö –∑–∞ –æ—Ç–∑—ã–≤‚ùó

üíë –ú—ã –≤—Å–µ–≥–¥–∞ –∏–¥–µ–º –Ω–∞–≤—Å—Ç—Ä–µ—á—É –Ω–∞—à–∏–º –ø–æ–∫—É–ø–∞—Ç–µ–ª—è–º –∏ –¥–æ—Ä–æ–∂–∏–º —Å–≤–æ–µ–π —Ä–µ–ø—É—Ç–∞—Ü–∏–µ–π.
üëá –ì–∏–±–∫–∏–µ –≤–æ–∑–º–æ–∂–Ω–æ—Å—Ç–∏ –≤–∞—à–µ–π –ø–æ–∫—É–ø–∫–∏:
‚ö¨–û–ü–õ–ê–¢–ê –∫—Ä–µ–¥–∏—Ç–Ω–æ–π/–¥–µ–±–µ—Ç–æ–≤–æ–π –ö–ê–†–¢–û–ô
‚ö¨–¢–†–ï–ô–î-–ò–ù, –û–ë–ú–ï–ù —Å—Ç–∞—Ä–æ–≥–æ —Ç–µ–ª–µ—Ñ–æ–Ω–∞ 
‚ö¨–î–û–°–¢–ê–í–ö–ê –ü–û –†–§ —á–µ—Ä–µ–∑ –¢–ö CDEK
‚ö¨–†–ê–°–°–†–û–ß–ö–ê –±–∞–Ω–∫–∏ –û–¢–ü/–•–æ—É–º-–ö—Ä–µ–¥–∏—Ç
‚ö¨–û–ü–¢, –û–ü–õ–ê–¢–ê –ß–ï–†–ï–ó –†/–° (–¥–ª—è —é—Ä–∏–¥ –ª–∏—Ü)
üîù–û–ø—ã—Ç –ø—Ä–æ–¥–∞–∂ –≤ —Å—Ñ–µ—Ä–µ —Ü–∏—Ñ—Ä–æ–≤–æ–π —ç–ª–µ–∫—Ç—Ä–æ–Ω–∏–∫–∏ —Å 2009 –≥–æ–¥–∞.

–í –Ω–∞—à–µ–º –∞—Å—Å–æ—Ä—Ç–∏–º–µ–Ω—Ç–µ üíØ–æ—Ä–∏–≥–∏–Ω–∞–ª—å–Ω—ã–µ –∞–π—Ñ–æ–Ω—ã 4/4s/5/5c/5s/6/6s/se/7 plus –≤—Å–µ—Ö —Ü–≤–µ—Ç–æ–≤ –∏ –æ–±—ä–µ–º–æ–≤ –ø–∞–º—è—Ç–∏ –ø–æ –ª—É—á—à–µ–π —Ü–µ–Ω–µ –≤ –ö–∞–∑–∞–Ω–∏!üòä

‚û°Apple iPhone 5 64Gb White = 8990‚ÇΩ (NEW) –ì–ê–†–ê–ù–¢–ò–Ø 1 –ì–û–î 

‚úî –≤—ã–¥–∞–µ–º —á–µ–∫ –∏ –≥–∞—Ä–∞–Ω—Ç–∏–π–Ω—ã–π —Ç–∞–ª–æ–Ω, –∑–∞–≤–µ—Ä–µ–Ω–Ω—ã–µ –ø–µ—á–∞—Ç—å—é
‚úî —Ü–µ–Ω–∞ –¥–µ–π—Å—Ç–≤—É–µ—Ç –ø—Ä–∏ –æ–ø–ª–∞—Ç–µ –ø–æ–ª–Ω–æ–π —Å—Ç–æ–∏–º–æ—Å—Ç–∏ —Ç–æ–≤–∞—Ä–∞ –Ω–∞–ª–∏—á–Ω—ã–º–∏
‚úî –≤ –∑–∞–≤–æ–¥—Å–∫–æ–π –ø–ª–µ–Ω–∫–µ, –±–µ–∑ —Å–ª–µ–¥–æ–≤ —ç–∫—Å–ø–ª—É–∞—Ç–∞—Ü–∏–∏, –æ—Ç–ª–∏—á–Ω—ã–π –ø–æ–¥–∞—Ä–æ–∫
‚úî –∫–æ–ª-–≤–æ —Ç–æ–≤–∞—Ä–∞ –æ–≥—Ä–∞–Ω–∏—á–µ–Ω–æ, —É—Ç–æ—á–Ω—è–π—Ç–µ –∞–∫—Ç—É–∞–ª—å–Ω–æ–µ –Ω–∞–ª–∏—á–∏–µ

üìû –ó–≤–æ–Ω–∏—Ç–µ: 10.00-20.00, –µ–∂–µ–¥–Ω–µ–≤–Ω–æ

–£ –Ω–∞—Å –≤—ã —Å–º–æ–∂–µ—Ç–µ –Ω–∞–∏–±–æ–ª–µ–µ –≤—ã–≥–æ–¥–Ω–æ –∏ –¥–µ—à–µ–≤–æ –∫—É–ø–∏—Ç—å –∏–Ω—Ç–µ—Ä–µ—Å—É—é—â–∏–π –≤–∞—Å –≥–∞–¥–∂–µ—Ç –∏–ª–∏ –∞–∫—Å–µ—Å—Å—É–∞—Äüëç
–ú–∞–≥–∞–∑–∏–Ω AMOLEDüì≤";"8990";"11.jpg,0.jpg"
"–° –≥–∞—Ä–∞–Ω—Ç–∏–µ–π NEW iPhone 5 16Gb A1428 White –ú–∞–≥–∞–∑–∏–Ω";"–£–≤–∞–∂–∞–µ–º—ã–π –ø–æ–∫—É–ø–∞—Ç–µ–ª—å,
–î–æ–±—Ä–æ –ø–æ–∂–∞–ª–æ–≤–∞—Ç—å –≤ –º–∞–≥–∞–∑–∏–Ω AMOLEDüì≤

‚ö°–ê–ö–¶–ò–Ø, –∞–∫—Å–µ—Å—Å—É–∞—Ä –Ω–∞ –≤—ã–±–æ—Ä –≤ –ü–û–î–ê–†–û–ö –∑–∞ –æ—Ç–∑—ã–≤‚ùó

üíë –ú—ã –≤—Å–µ–≥–¥–∞ –∏–¥–µ–º –Ω–∞–≤—Å—Ç—Ä–µ—á—É –Ω–∞—à–∏–º –ø–æ–∫—É–ø–∞—Ç–µ–ª—è–º –∏ –¥–æ—Ä–æ–∂–∏–º —Å–≤–æ–µ–π —Ä–µ–ø—É—Ç–∞—Ü–∏–µ–π.
üëá –ì–∏–±–∫–∏–µ –≤–æ–∑–º–æ–∂–Ω–æ—Å—Ç–∏ –≤–∞—à–µ–π –ø–æ–∫—É–ø–∫–∏:
‚ö¨–û–ü–õ–ê–¢–ê –∫—Ä–µ–¥–∏—Ç–Ω–æ–π/–¥–µ–±–µ—Ç–æ–≤–æ–π –ö–ê–†–¢–û–ô
‚ö¨–¢–†–ï–ô–î-–ò–ù, –û–ë–ú–ï–ù —Å—Ç–∞—Ä–æ–≥–æ —Ç–µ–ª–µ—Ñ–æ–Ω–∞ 
‚ö¨–î–û–°–¢–ê–í–ö–ê –ü–û –†–§ —á–µ—Ä–µ–∑ –¢–ö CDEK
‚ö¨–†–ê–°–°–†–û–ß–ö–ê –±–∞–Ω–∫–∏ –û–¢–ü/–•–æ—É–º-–ö—Ä–µ–¥–∏—Ç
‚ö¨–û–ü–¢, –û–ü–õ–ê–¢–ê –ß–ï–†–ï–ó –†/–° (–¥–ª—è —é—Ä–∏–¥ –ª–∏—Ü)
üîù–û–ø—ã—Ç –ø—Ä–æ–¥–∞–∂ –≤ —Å—Ñ–µ—Ä–µ —Ü–∏—Ñ—Ä–æ–≤–æ–π —ç–ª–µ–∫—Ç—Ä–æ–Ω–∏–∫–∏ —Å 2009 –≥–æ–¥–∞.

–í –Ω–∞—à–µ–º –∞—Å—Å–æ—Ä—Ç–∏–º–µ–Ω—Ç–µ üíØ–æ—Ä–∏–≥–∏–Ω–∞–ª—å–Ω—ã–µ –∞–π—Ñ–æ–Ω—ã 4/4s/5/5c/5s/6/6s/se/7 plus –≤—Å–µ—Ö —Ü–≤–µ—Ç–æ–≤ –∏ –æ–±—ä–µ–º–æ–≤ –ø–∞–º—è—Ç–∏ –ø–æ –ª—É—á—à–µ–π —Ü–µ–Ω–µ –≤ –ö–∞–∑–∞–Ω–∏!üòä

‚û°Apple iPhone 5 16Gb White = 7490‚ÇΩ (NEW) –ì–ê–†–ê–ù–¢–ò–Ø 1 –ì–û–î 

‚úî –≤—ã–¥–∞–µ–º —á–µ–∫ –∏ –≥–∞—Ä–∞–Ω—Ç–∏–π–Ω—ã–π —Ç–∞–ª–æ–Ω, –∑–∞–≤–µ—Ä–µ–Ω–Ω—ã–µ –ø–µ—á–∞—Ç—å—é
‚úî —Ü–µ–Ω–∞ –¥–µ–π—Å—Ç–≤—É–µ—Ç –ø—Ä–∏ –æ–ø–ª–∞—Ç–µ –ø–æ–ª–Ω–æ–π —Å—Ç–æ–∏–º–æ—Å—Ç–∏ —Ç–æ–≤–∞—Ä–∞ –Ω–∞–ª–∏—á–Ω—ã–º–∏
‚úî –≤ –∑–∞–≤–æ–¥—Å–∫–æ–π –ø–ª–µ–Ω–∫–µ, –±–µ–∑ —Å–ª–µ–¥–æ–≤ —ç–∫—Å–ø–ª—É–∞—Ç–∞—Ü–∏–∏, –æ—Ç–ª–∏—á–Ω—ã–π –ø–æ–¥–∞—Ä–æ–∫
‚úî –∫–æ–ª-–≤–æ —Ç–æ–≤–∞—Ä–∞ –æ–≥—Ä–∞–Ω–∏—á–µ–Ω–æ, —É—Ç–æ—á–Ω—è–π—Ç–µ –∞–∫—Ç—É–∞–ª—å–Ω–æ–µ –Ω–∞–ª–∏—á–∏–µ

üìû –ó–≤–æ–Ω–∏—Ç–µ: 10.00-20.00, –µ–∂–µ–¥–Ω–µ–≤–Ω–æ

–£ –Ω–∞—Å –≤—ã —Å–º–æ–∂–µ—Ç–µ –Ω–∞–∏–±–æ–ª–µ–µ –≤—ã–≥–æ–¥–Ω–æ –∏ –¥–µ—à–µ–≤–æ –∫—É–ø–∏—Ç—å –∏–Ω—Ç–µ—Ä–µ—Å—É—é—â–∏–π –≤–∞—Å –≥–∞–¥–∂–µ—Ç –∏–ª–∏ –∞–∫—Å–µ—Å—Å—É–∞—Äüëç
–ú–∞–≥–∞–∑–∏–Ω AMOLEDüì≤";"7490";"12.jpg,0.jpg"
"–° –≥–∞—Ä–∞–Ω—Ç–∏–µ–π RFB iPhone 5 32Gb A1442 Black –ú–∞–≥–∞–∑–∏–Ω";"–£–≤–∞–∂–∞–µ–º—ã–π –ø–æ–∫—É–ø–∞—Ç–µ–ª—å,
–î–æ–±—Ä–æ –ø–æ–∂–∞–ª–æ–≤–∞—Ç—å –≤ –º–∞–≥–∞–∑–∏–Ω AMOLEDüì≤

‚ö°–ê–ö–¶–ò–Ø, –∞–∫—Å–µ—Å—Å—É–∞—Ä –Ω–∞ –≤—ã–±–æ—Ä –≤ –ü–û–î–ê–†–û–ö –∑–∞ –æ—Ç–∑—ã–≤‚ùó

üíë –ú—ã –≤—Å–µ–≥–¥–∞ –∏–¥–µ–º –Ω–∞–≤—Å—Ç—Ä–µ—á—É –Ω–∞—à–∏–º –ø–æ–∫—É–ø–∞—Ç–µ–ª—è–º –∏ –¥–æ—Ä–æ–∂–∏–º —Å–≤–æ–µ–π —Ä–µ–ø—É—Ç–∞—Ü–∏–µ–π.
üëá –ì–∏–±–∫–∏–µ –≤–æ–∑–º–æ–∂–Ω–æ—Å—Ç–∏ –≤–∞—à–µ–π –ø–æ–∫—É–ø–∫–∏:
‚ö¨–û–ü–õ–ê–¢–ê –∫—Ä–µ–¥–∏—Ç–Ω–æ–π/–¥–µ–±–µ—Ç–æ–≤–æ–π –ö–ê–†–¢–û–ô
‚ö¨–¢–†–ï–ô–î-–ò–ù, –û–ë–ú–ï–ù —Å—Ç–∞—Ä–æ–≥–æ —Ç–µ–ª–µ—Ñ–æ–Ω–∞ 
‚ö¨–î–û–°–¢–ê–í–ö–ê –ü–û –†–§ —á–µ—Ä–µ–∑ –¢–ö CDEK
‚ö¨–†–ê–°–°–†–û–ß–ö–ê –±–∞–Ω–∫–∏ –û–¢–ü/–•–æ—É–º-–ö—Ä–µ–¥–∏—Ç
‚ö¨–û–ü–¢, –û–ü–õ–ê–¢–ê –ß–ï–†–ï–ó –†/–° (–¥–ª—è —é—Ä–∏–¥ –ª–∏—Ü)
üîù–û–ø—ã—Ç –ø—Ä–æ–¥–∞–∂ –≤ —Å—Ñ–µ—Ä–µ —Ü–∏—Ñ—Ä–æ–≤–æ–π —ç–ª–µ–∫—Ç—Ä–æ–Ω–∏–∫–∏ —Å 2009 –≥–æ–¥–∞.

–í –Ω–∞—à–µ–º –∞—Å—Å–æ—Ä—Ç–∏–º–µ–Ω—Ç–µ üíØ–æ—Ä–∏–≥–∏–Ω–∞–ª—å–Ω—ã–µ –∞–π—Ñ–æ–Ω—ã 4/4s/5/5c/5s/6/6s/se/7 plus –≤—Å–µ—Ö —Ü–≤–µ—Ç–æ–≤ –∏ –æ–±—ä–µ–º–æ–≤ –ø–∞–º—è—Ç–∏ –ø–æ –ª—É—á—à–µ–π —Ü–µ–Ω–µ –≤ –ö–∞–∑–∞–Ω–∏!üòä

‚û°Apple iPhone 5 32Gb Black = 8000‚ÇΩ (RFB) –ì–ê–†–ê–ù–¢–ò–Ø 1 –ì–û–î –æ—Ç –°–¶ iSPARKüî• (–ö–∞–∑–∞–Ω—å/–ú–æ—Å–∫–≤–∞)

‚úî –≤—ã–¥–∞–µ–º —á–µ–∫ –∏ –≥–∞—Ä–∞–Ω—Ç–∏–π–Ω—ã–π —Ç–∞–ª–æ–Ω, –∑–∞–≤–µ—Ä–µ–Ω–Ω—ã–µ –ø–µ—á–∞—Ç—å—é
‚úî —Ü–µ–Ω–∞ –¥–µ–π—Å—Ç–≤—É–µ—Ç –ø—Ä–∏ –æ–ø–ª–∞—Ç–µ –ø–æ–ª–Ω–æ–π —Å—Ç–æ–∏–º–æ—Å—Ç–∏ —Ç–æ–≤–∞—Ä–∞ –Ω–∞–ª–∏—á–Ω—ã–º–∏
‚úî –≤ –∑–∞–≤–æ–¥—Å–∫–æ–π –ø–ª–µ–Ω–∫–µ, –±–µ–∑ —Å–ª–µ–¥–æ–≤ —ç–∫—Å–ø–ª—É–∞—Ç–∞—Ü–∏–∏, –æ—Ç–ª–∏—á–Ω—ã–π –ø–æ–¥–∞—Ä–æ–∫
‚úî –∫–æ–ª-–≤–æ —Ç–æ–≤–∞—Ä–∞ –æ–≥—Ä–∞–Ω–∏—á–µ–Ω–æ, —É—Ç–æ—á–Ω—è–π—Ç–µ –∞–∫—Ç—É–∞–ª—å–Ω–æ–µ –Ω–∞–ª–∏—á–∏–µ

üìû –ó–≤–æ–Ω–∏—Ç–µ: 10.00-20.00, –µ–∂–µ–¥–Ω–µ–≤–Ω–æ

–£ –Ω–∞—Å –≤—ã —Å–º–æ–∂–µ—Ç–µ –Ω–∞–∏–±–æ–ª–µ–µ –≤—ã–≥–æ–¥–Ω–æ –∏ –¥–µ—à–µ–≤–æ –∫—É–ø–∏—Ç—å –∏–Ω—Ç–µ—Ä–µ—Å—É—é—â–∏–π –≤–∞—Å –≥–∞–¥–∂–µ—Ç –∏–ª–∏ –∞–∫—Å–µ—Å—Å—É–∞—Äüëç
–ú–∞–≥–∞–∑–∏–Ω AMOLEDüì≤";"8000";"13.jpg,0.jpg"
"–° –≥–∞—Ä–∞–Ω—Ç–∏–µ–π NEW iPhone 5 64Gb A1429 Black –ú–∞–≥–∞–∑–∏–Ω";"–£–≤–∞–∂–∞–µ–º—ã–π –ø–æ–∫—É–ø–∞—Ç–µ–ª—å,
–î–æ–±—Ä–æ –ø–æ–∂–∞–ª–æ–≤–∞—Ç—å –≤ –º–∞–≥–∞–∑–∏–Ω AMOLEDüì≤

‚ö°–ê–ö–¶–ò–Ø, –∞–∫—Å–µ—Å—Å—É–∞—Ä –Ω–∞ –≤—ã–±–æ—Ä –≤ –ü–û–î–ê–†–û–ö –∑–∞ –æ—Ç–∑—ã–≤‚ùó

üíë –ú—ã –≤—Å–µ–≥–¥–∞ –∏–¥–µ–º –Ω–∞–≤—Å—Ç—Ä–µ—á—É –Ω–∞—à–∏–º –ø–æ–∫—É–ø–∞—Ç–µ–ª—è–º –∏ –¥–æ—Ä–æ–∂–∏–º —Å–≤–æ–µ–π —Ä–µ–ø—É—Ç–∞—Ü–∏–µ–π.
üëá –ì–∏–±–∫–∏–µ –≤–æ–∑–º–æ–∂–Ω–æ—Å—Ç–∏ –≤–∞—à–µ–π –ø–æ–∫—É–ø–∫–∏:
‚ö¨–û–ü–õ–ê–¢–ê –∫—Ä–µ–¥–∏—Ç–Ω–æ–π/–¥–µ–±–µ—Ç–æ–≤–æ–π –ö–ê–†–¢–û–ô
‚ö¨–¢–†–ï–ô–î-–ò–ù, –û–ë–ú–ï–ù —Å—Ç–∞—Ä–æ–≥–æ —Ç–µ–ª–µ—Ñ–æ–Ω–∞ 
‚ö¨–î–û–°–¢–ê–í–ö–ê –ü–û –†–§ —á–µ—Ä–µ–∑ –¢–ö CDEK
‚ö¨–†–ê–°–°–†–û–ß–ö–ê –±–∞–Ω–∫–∏ –û–¢–ü/–•–æ—É–º-–ö—Ä–µ–¥–∏—Ç
‚ö¨–û–ü–¢, –û–ü–õ–ê–¢–ê –ß–ï–†–ï–ó –†/–° (–¥–ª—è —é—Ä–∏–¥ –ª–∏—Ü)
üîù–û–ø—ã—Ç –ø—Ä–æ–¥–∞–∂ –≤ —Å—Ñ–µ—Ä–µ —Ü–∏—Ñ—Ä–æ–≤–æ–π —ç–ª–µ–∫—Ç—Ä–æ–Ω–∏–∫–∏ —Å 2009 –≥–æ–¥–∞.

–í –Ω–∞—à–µ–º –∞—Å—Å–æ—Ä—Ç–∏–º–µ–Ω—Ç–µ üíØ–æ—Ä–∏–≥–∏–Ω–∞–ª—å–Ω—ã–µ –∞–π—Ñ–æ–Ω—ã 4/4s/5/5c/5s/6/6s/se/7 plus –≤—Å–µ—Ö —Ü–≤–µ—Ç–æ–≤ –∏ –æ–±—ä–µ–º–æ–≤ –ø–∞–º—è—Ç–∏ –ø–æ –ª—É—á—à–µ–π —Ü–µ–Ω–µ –≤ –ö–∞–∑–∞–Ω–∏!üòä

‚û°Apple iPhone 5 64Gb Black = 8990‚ÇΩ (NEW) –ì–ê–†–ê–ù–¢–ò–Ø 1 –ì–û–î 

‚úî –≤—ã–¥–∞–µ–º —á–µ–∫ –∏ –≥–∞—Ä–∞–Ω—Ç–∏–π–Ω—ã–π —Ç–∞–ª–æ–Ω, –∑–∞–≤–µ—Ä–µ–Ω–Ω—ã–µ –ø–µ—á–∞—Ç—å—é
‚úî —Ü–µ–Ω–∞ –¥–µ–π—Å—Ç–≤—É–µ—Ç –ø—Ä–∏ –æ–ø–ª–∞—Ç–µ –ø–æ–ª–Ω–æ–π —Å—Ç–æ–∏–º–æ—Å—Ç–∏ —Ç–æ–≤–∞—Ä–∞ –Ω–∞–ª–∏—á–Ω—ã–º–∏
‚úî –≤ –∑–∞–≤–æ–¥—Å–∫–æ–π –ø–ª–µ–Ω–∫–µ, –±–µ–∑ —Å–ª–µ–¥–æ–≤ —ç–∫—Å–ø–ª—É–∞—Ç–∞—Ü–∏–∏, –æ—Ç–ª–∏—á–Ω—ã–π –ø–æ–¥–∞—Ä–æ–∫
‚úî –∫–æ–ª-–≤–æ —Ç–æ–≤–∞—Ä–∞ –æ–≥—Ä–∞–Ω–∏—á–µ–Ω–æ, —É—Ç–æ—á–Ω—è–π—Ç–µ –∞–∫—Ç—É–∞–ª—å–Ω–æ–µ –Ω–∞–ª–∏—á–∏–µ

üìû –ó–≤–æ–Ω–∏—Ç–µ: 10.00-20.00, –µ–∂–µ–¥–Ω–µ–≤–Ω–æ

–£ –Ω–∞—Å –≤—ã —Å–º–æ–∂–µ—Ç–µ –Ω–∞–∏–±–æ–ª–µ–µ –≤—ã–≥–æ–¥–Ω–æ –∏ –¥–µ—à–µ–≤–æ –∫—É–ø–∏—Ç—å –∏–Ω—Ç–µ—Ä–µ—Å—É—é—â–∏–π –≤–∞—Å –≥–∞–¥–∂–µ—Ç –∏–ª–∏ –∞–∫—Å–µ—Å—Å—É–∞—Äüëç
–ú–∞–≥–∞–∑–∏–Ω AMOLEDüì≤";"8990";"14.jpg,0.jpg"
"–° –≥–∞—Ä–∞–Ω—Ç–∏–µ–π RFB iPhone 5 32Gb A1428 White –ú–∞–≥–∞–∑–∏–Ω";"–£–≤–∞–∂–∞–µ–º—ã–π –ø–æ–∫—É–ø–∞—Ç–µ–ª—å,
–î–æ–±—Ä–æ –ø–æ–∂–∞–ª–æ–≤–∞—Ç—å –≤ –º–∞–≥–∞–∑–∏–Ω AMOLEDüì≤

‚ö°–ê–ö–¶–ò–Ø, –∞–∫—Å–µ—Å—Å—É–∞—Ä –Ω–∞ –≤—ã–±–æ—Ä –≤ –ü–û–î–ê–†–û–ö –∑–∞ –æ—Ç–∑—ã–≤‚ùó

üíë –ú—ã –≤—Å–µ–≥–¥–∞ –∏–¥–µ–º –Ω–∞–≤—Å—Ç—Ä–µ—á—É –Ω–∞—à–∏–º –ø–æ–∫—É–ø–∞—Ç–µ–ª—è–º –∏ –¥–æ—Ä–æ–∂–∏–º —Å–≤–æ–µ–π —Ä–µ–ø—É—Ç–∞—Ü–∏–µ–π.
üëá –ì–∏–±–∫–∏–µ –≤–æ–∑–º–æ–∂–Ω–æ—Å—Ç–∏ –≤–∞—à–µ–π –ø–æ–∫—É–ø–∫–∏:
‚ö¨–û–ü–õ–ê–¢–ê –∫—Ä–µ–¥–∏—Ç–Ω–æ–π/–¥–µ–±–µ—Ç–æ–≤–æ–π –ö–ê–†–¢–û–ô
‚ö¨–¢–†–ï–ô–î-–ò–ù, –û–ë–ú–ï–ù —Å—Ç–∞—Ä–æ–≥–æ —Ç–µ–ª–µ—Ñ–æ–Ω–∞ 
‚ö¨–î–û–°–¢–ê–í–ö–ê –ü–û –†–§ —á–µ—Ä–µ–∑ –¢–ö CDEK
‚ö¨–†–ê–°–°–†–û–ß–ö–ê –±–∞–Ω–∫–∏ –û–¢–ü/–•–æ—É–º-–ö—Ä–µ–¥–∏—Ç
‚ö¨–û–ü–¢, –û–ü–õ–ê–¢–ê –ß–ï–†–ï–ó –†/–° (–¥–ª—è —é—Ä–∏–¥ –ª–∏—Ü)
üîù–û–ø—ã—Ç –ø—Ä–æ–¥–∞–∂ –≤ —Å—Ñ–µ—Ä–µ —Ü–∏—Ñ—Ä–æ–≤–æ–π —ç–ª–µ–∫—Ç—Ä–æ–Ω–∏–∫–∏ —Å 2009 –≥–æ–¥–∞.

–í –Ω–∞—à–µ–º –∞—Å—Å–æ—Ä—Ç–∏–º–µ–Ω—Ç–µ üíØ–æ—Ä–∏–≥–∏–Ω–∞–ª—å–Ω—ã–µ –∞–π—Ñ–æ–Ω—ã 4/4s/5/5c/5s/6/6s/se/7 plus –≤—Å–µ—Ö —Ü–≤–µ—Ç–æ–≤ –∏ –æ–±—ä–µ–º–æ–≤ –ø–∞–º—è—Ç–∏ –ø–æ –ª—É—á—à–µ–π —Ü–µ–Ω–µ –≤ –ö–∞–∑–∞–Ω–∏!üòä

‚û°Apple iPhone 5 32Gb White = 8000‚ÇΩ (RFB) –ì–ê–†–ê–ù–¢–ò–Ø 1 –ì–û–î –æ—Ç –°–¶ iSPARKüî• (–ö–∞–∑–∞–Ω—å/–ú–æ—Å–∫–≤–∞)

‚úî –≤—ã–¥–∞–µ–º —á–µ–∫ –∏ –≥–∞—Ä–∞–Ω—Ç–∏–π–Ω—ã–π —Ç–∞–ª–æ–Ω, –∑–∞–≤–µ—Ä–µ–Ω–Ω—ã–µ –ø–µ—á–∞—Ç—å—é
‚úî —Ü–µ–Ω–∞ –¥–µ–π—Å—Ç–≤—É–µ—Ç –ø—Ä–∏ –æ–ø–ª–∞—Ç–µ –ø–æ–ª–Ω–æ–π —Å—Ç–æ–∏–º–æ—Å—Ç–∏ —Ç–æ–≤–∞—Ä–∞ –Ω–∞–ª–∏—á–Ω—ã–º–∏
‚úî –≤ –∑–∞–≤–æ–¥—Å–∫–æ–π –ø–ª–µ–Ω–∫–µ, –±–µ–∑ —Å–ª–µ–¥–æ–≤ —ç–∫—Å–ø–ª—É–∞—Ç–∞—Ü–∏–∏, –æ—Ç–ª–∏—á–Ω—ã–π –ø–æ–¥–∞—Ä–æ–∫
‚úî –∫–æ–ª-–≤–æ —Ç–æ–≤–∞—Ä–∞ –æ–≥—Ä–∞–Ω–∏—á–µ–Ω–æ, —É—Ç–æ—á–Ω—è–π—Ç–µ –∞–∫—Ç—É–∞–ª—å–Ω–æ–µ –Ω–∞–ª–∏—á–∏–µ

üìû –ó–≤–æ–Ω–∏—Ç–µ: 10.00-20.00, –µ–∂–µ–¥–Ω–µ–≤–Ω–æ

–£ –Ω–∞—Å –≤—ã —Å–º–æ–∂–µ—Ç–µ –Ω–∞–∏–±–æ–ª–µ–µ –≤—ã–≥–æ–¥–Ω–æ –∏ –¥–µ—à–µ–≤–æ –∫—É–ø–∏—Ç—å –∏–Ω—Ç–µ—Ä–µ—Å—É—é—â–∏–π –≤–∞—Å –≥–∞–¥–∂–µ—Ç –∏–ª–∏ –∞–∫—Å–µ—Å—Å—É–∞—Äüëç
–ú–∞–≥–∞–∑–∏–Ω AMOLEDüì≤";"8000";"15.jpg,0.jpg"
"–° –≥–∞—Ä–∞–Ω—Ç–∏–µ–π NEW iPhone 5 16Gb A1442 Black –ú–∞–≥–∞–∑–∏–Ω";"–£–≤–∞–∂–∞–µ–º—ã–π –ø–æ–∫—É–ø–∞—Ç–µ–ª—å,
–î–æ–±—Ä–æ –ø–æ–∂–∞–ª–æ–≤–∞—Ç—å –≤ –º–∞–≥–∞–∑–∏–Ω AMOLEDüì≤

‚ö°–ê–ö–¶–ò–Ø, –∞–∫—Å–µ—Å—Å—É–∞—Ä –Ω–∞ –≤—ã–±–æ—Ä –≤ –ü–û–î–ê–†–û–ö –∑–∞ –æ—Ç–∑—ã–≤‚ùó

üíë –ú—ã –≤—Å–µ–≥–¥–∞ –∏–¥–µ–º –Ω–∞–≤—Å—Ç—Ä–µ—á—É –Ω–∞—à–∏–º –ø–æ–∫—É–ø–∞—Ç–µ–ª—è–º –∏ –¥–æ—Ä–æ–∂–∏–º —Å–≤–æ–µ–π —Ä–µ–ø—É—Ç–∞—Ü–∏–µ–π.
üëá –ì–∏–±–∫–∏–µ –≤–æ–∑–º–æ–∂–Ω–æ—Å—Ç–∏ –≤–∞—à–µ–π –ø–æ–∫—É–ø–∫–∏:
‚ö¨–û–ü–õ–ê–¢–ê –∫—Ä–µ–¥–∏—Ç–Ω–æ–π/–¥–µ–±–µ—Ç–æ–≤–æ–π –ö–ê–†–¢–û–ô
‚ö¨–¢–†–ï–ô–î-–ò–ù, –û–ë–ú–ï–ù —Å—Ç–∞—Ä–æ–≥–æ —Ç–µ–ª–µ—Ñ–æ–Ω–∞ 
‚ö¨–î–û–°–¢–ê–í–ö–ê –ü–û –†–§ —á–µ—Ä–µ–∑ –¢–ö CDEK
‚ö¨–†–ê–°–°–†–û–ß–ö–ê –±–∞–Ω–∫–∏ –û–¢–ü/–•–æ—É–º-–ö—Ä–µ–¥–∏—Ç
‚ö¨–û–ü–¢, –û–ü–õ–ê–¢–ê –ß–ï–†–ï–ó –†/–° (–¥–ª—è —é—Ä–∏–¥ –ª–∏—Ü)
üîù–û–ø—ã—Ç –ø—Ä–æ–¥–∞–∂ –≤ —Å—Ñ–µ—Ä–µ —Ü–∏—Ñ—Ä–æ–≤–æ–π —ç–ª–µ–∫—Ç—Ä–æ–Ω–∏–∫–∏ —Å 2009 –≥–æ–¥–∞.

–í –Ω–∞—à–µ–º –∞—Å—Å–æ—Ä—Ç–∏–º–µ–Ω—Ç–µ üíØ–æ—Ä–∏–≥–∏–Ω–∞–ª—å–Ω—ã–µ –∞–π—Ñ–æ–Ω—ã 4/4s/5/5c/5s/6/6s/se/7 plus –≤—Å–µ—Ö —Ü–≤–µ—Ç–æ–≤ –∏ –æ–±—ä–µ–º–æ–≤ –ø–∞–º—è—Ç–∏ –ø–æ –ª—É—á—à–µ–π —Ü–µ–Ω–µ –≤ –ö–∞–∑–∞–Ω–∏!üòä

‚û°Apple iPhone 5 16Gb Black = 7490‚ÇΩ (NEW) –ì–ê–†–ê–ù–¢–ò–Ø 1 –ì–û–î 

‚úî –≤—ã–¥–∞–µ–º —á–µ–∫ –∏ –≥–∞—Ä–∞–Ω—Ç–∏–π–Ω—ã–π —Ç–∞–ª–æ–Ω, –∑–∞–≤–µ—Ä–µ–Ω–Ω—ã–µ –ø–µ—á–∞—Ç—å—é
‚úî —Ü–µ–Ω–∞ –¥–µ–π—Å—Ç–≤—É–µ—Ç –ø—Ä–∏ –æ–ø–ª–∞—Ç–µ –ø–æ–ª–Ω–æ–π —Å—Ç–æ–∏–º–æ—Å—Ç–∏ —Ç–æ–≤–∞—Ä–∞ –Ω–∞–ª–∏—á–Ω—ã–º–∏
‚úî –≤ –∑–∞–≤–æ–¥—Å–∫–æ–π –ø–ª–µ–Ω–∫–µ, –±–µ–∑ —Å–ª–µ–¥–æ–≤ —ç–∫—Å–ø–ª—É–∞—Ç–∞—Ü–∏–∏, –æ—Ç–ª–∏—á–Ω—ã–π –ø–æ–¥–∞—Ä–æ–∫
‚úî –∫–æ–ª-–≤–æ —Ç–æ–≤–∞—Ä–∞ –æ–≥—Ä–∞–Ω–∏—á–µ–Ω–æ, —É—Ç–æ—á–Ω—è–π—Ç–µ –∞–∫—Ç—É–∞–ª—å–Ω–æ–µ –Ω–∞–ª–∏—á–∏–µ

üìû –ó–≤–æ–Ω–∏—Ç–µ: 10.00-20.00, –µ–∂–µ–¥–Ω–µ–≤–Ω–æ

–£ –Ω–∞—Å –≤—ã —Å–º–æ–∂–µ—Ç–µ –Ω–∞–∏–±–æ–ª–µ–µ –≤—ã–≥–æ–¥–Ω–æ –∏ –¥–µ—à–µ–≤–æ –∫—É–ø–∏—Ç—å –∏–Ω—Ç–µ—Ä–µ—Å—É—é—â–∏–π –≤–∞—Å –≥–∞–¥–∂–µ—Ç –∏–ª–∏ –∞–∫—Å–µ—Å—Å—É–∞—Äüëç
–ú–∞–≥–∞–∑–∏–Ω AMOLEDüì≤";"7490";"16.jpg,0.jpg"
"–° –≥–∞—Ä–∞–Ω—Ç–∏–µ–π RFB iPhone 5 16Gb A1428 Black –ú–∞–≥–∞–∑–∏–Ω";"–£–≤–∞–∂–∞–µ–º—ã–π –ø–æ–∫—É–ø–∞—Ç–µ–ª—å,
–î–æ–±—Ä–æ –ø–æ–∂–∞–ª–æ–≤–∞—Ç—å –≤ –º–∞–≥–∞–∑–∏–Ω AMOLEDüì≤

‚ö°–ê–ö–¶–ò–Ø, –∞–∫—Å–µ—Å—Å—É–∞—Ä –Ω–∞ –≤—ã–±–æ—Ä –≤ –ü–û–î–ê–†–û–ö –∑–∞ –æ—Ç–∑—ã–≤‚ùó

üíë –ú—ã –≤—Å–µ–≥–¥–∞ –∏–¥–µ–º –Ω–∞–≤—Å—Ç—Ä–µ—á—É –Ω–∞—à–∏–º –ø–æ–∫—É–ø–∞—Ç–µ–ª—è–º –∏ –¥–æ—Ä–æ–∂–∏–º —Å–≤–æ–µ–π —Ä–µ–ø—É—Ç–∞—Ü–∏–µ–π.
üëá –ì–∏–±–∫–∏–µ –≤–æ–∑–º–æ–∂–Ω–æ—Å—Ç–∏ –≤–∞—à–µ–π –ø–æ–∫—É–ø–∫–∏:
‚ö¨–û–ü–õ–ê–¢–ê –∫—Ä–µ–¥–∏—Ç–Ω–æ–π/–¥–µ–±–µ—Ç–æ–≤–æ–π –ö–ê–†–¢–û–ô
‚ö¨–¢–†–ï–ô–î-–ò–ù, –û–ë–ú–ï–ù —Å—Ç–∞—Ä–æ–≥–æ —Ç–µ–ª–µ—Ñ–æ–Ω–∞ 
‚ö¨–î–û–°–¢–ê–í–ö–ê –ü–û –†–§ —á–µ—Ä–µ–∑ –¢–ö CDEK
‚ö¨–†–ê–°–°–†–û–ß–ö–ê –±–∞–Ω–∫–∏ –û–¢–ü/–•–æ—É–º-–ö—Ä–µ–¥–∏—Ç
‚ö¨–û–ü–¢, –û–ü–õ–ê–¢–ê –ß–ï–†–ï–ó –†/–° (–¥–ª—è —é—Ä–∏–¥ –ª–∏—Ü)
üîù–û–ø—ã—Ç –ø—Ä–æ–¥–∞–∂ –≤ —Å—Ñ–µ—Ä–µ —Ü–∏—Ñ—Ä–æ–≤–æ–π —ç–ª–µ–∫—Ç—Ä–æ–Ω–∏–∫–∏ —Å 2009 –≥–æ–¥–∞.

–í –Ω–∞—à–µ–º –∞—Å—Å–æ—Ä—Ç–∏–º–µ–Ω—Ç–µ üíØ–æ—Ä–∏–≥–∏–Ω–∞–ª—å–Ω—ã–µ –∞–π—Ñ–æ–Ω—ã 4/4s/5/5c/5s/6/6s/se/7 plus –≤—Å–µ—Ö —Ü–≤–µ—Ç–æ–≤ –∏ –æ–±—ä–µ–º–æ–≤ –ø–∞–º—è—Ç–∏ –ø–æ –ª—É—á—à–µ–π —Ü–µ–Ω–µ –≤ –ö–∞–∑–∞–Ω–∏!üòä

‚û°Apple iPhone 5 16Gb Black = 7500‚ÇΩ (RFB) –ì–ê–†–ê–ù–¢–ò–Ø 1 –ì–û–î –æ—Ç –°–¶ iSPARKüî• (–ö–∞–∑–∞–Ω—å/–ú–æ—Å–∫–≤–∞)

‚úî –≤—ã–¥–∞–µ–º —á–µ–∫ –∏ –≥–∞—Ä–∞–Ω—Ç–∏–π–Ω—ã–π —Ç–∞–ª–æ–Ω, –∑–∞–≤–µ—Ä–µ–Ω–Ω—ã–µ –ø–µ—á–∞—Ç—å—é
‚úî —Ü–µ–Ω–∞ –¥–µ–π—Å—Ç–≤—É–µ—Ç –ø—Ä–∏ –æ–ø–ª–∞—Ç–µ –ø–æ–ª–Ω–æ–π —Å—Ç–æ–∏–º–æ—Å—Ç–∏ —Ç–æ–≤–∞—Ä–∞ –Ω–∞–ª–∏—á–Ω—ã–º–∏
‚úî –≤ –∑–∞–≤–æ–¥—Å–∫–æ–π –ø–ª–µ–Ω–∫–µ, –±–µ–∑ —Å–ª–µ–¥–æ–≤ —ç–∫—Å–ø–ª—É–∞—Ç–∞—Ü–∏–∏, –æ—Ç–ª–∏—á–Ω—ã–π –ø–æ–¥–∞—Ä–æ–∫
‚úî –∫–æ–ª-–≤–æ —Ç–æ–≤–∞—Ä–∞ –æ–≥—Ä–∞–Ω–∏—á–µ–Ω–æ, —É—Ç–æ—á–Ω—è–π—Ç–µ –∞–∫—Ç—É–∞–ª—å–Ω–æ–µ –Ω–∞–ª–∏—á–∏–µ

üìû –ó–≤–æ–Ω–∏—Ç–µ: 10.00-20.00, –µ–∂–µ–¥–Ω–µ–≤–Ω–æ

–£ –Ω–∞—Å –≤—ã —Å–º–æ–∂–µ—Ç–µ –Ω–∞–∏–±–æ–ª–µ–µ –≤—ã–≥–æ–¥–Ω–æ –∏ –¥–µ—à–µ–≤–æ –∫—É–ø–∏—Ç—å –∏–Ω—Ç–µ—Ä–µ—Å—É—é—â–∏–π –≤–∞—Å –≥–∞–¥–∂–µ—Ç –∏–ª–∏ –∞–∫—Å–µ—Å—Å—É–∞—Äüëç
–ú–∞–≥–∞–∑–∏–Ω AMOLEDüì≤";"7500";"17.jpg,0.jpg"
"–° –≥–∞—Ä–∞–Ω—Ç–∏–µ–π RFB iPhone 5 16Gb A1442 Black –ú–∞–≥–∞–∑–∏–Ω";"–£–≤–∞–∂–∞–µ–º—ã–π –ø–æ–∫—É–ø–∞—Ç–µ–ª—å,
–î–æ–±—Ä–æ –ø–æ–∂–∞–ª–æ–≤–∞—Ç—å –≤ –º–∞–≥–∞–∑–∏–Ω AMOLEDüì≤

‚ö°–ê–ö–¶–ò–Ø, –∞–∫—Å–µ—Å—Å—É–∞—Ä –Ω–∞ –≤—ã–±–æ—Ä –≤ –ü–û–î–ê–†–û–ö –∑–∞ –æ—Ç–∑—ã–≤‚ùó

üíë –ú—ã –≤—Å–µ–≥–¥–∞ –∏–¥–µ–º –Ω–∞–≤—Å—Ç—Ä–µ—á—É –Ω–∞—à–∏–º –ø–æ–∫—É–ø–∞—Ç–µ–ª—è–º –∏ –¥–æ—Ä–æ–∂–∏–º —Å–≤–æ–µ–π —Ä–µ–ø—É—Ç–∞—Ü–∏–µ–π.
üëá –ì–∏–±–∫–∏–µ –≤–æ–∑–º–æ–∂–Ω–æ—Å—Ç–∏ –≤–∞—à–µ–π –ø–æ–∫—É–ø–∫–∏:
‚ö¨–û–ü–õ–ê–¢–ê –∫—Ä–µ–¥–∏—Ç–Ω–æ–π/–¥–µ–±–µ—Ç–æ–≤–æ–π –ö–ê–†–¢–û–ô
‚ö¨–¢–†–ï–ô–î-–ò–ù, –û–ë–ú–ï–ù —Å—Ç–∞—Ä–æ–≥–æ —Ç–µ–ª–µ—Ñ–æ–Ω–∞ 
‚ö¨–î–û–°–¢–ê–í–ö–ê –ü–û –†–§ —á–µ—Ä–µ–∑ –¢–ö CDEK
‚ö¨–†–ê–°–°–†–û–ß–ö–ê –±–∞–Ω–∫–∏ –û–¢–ü/–•–æ—É–º-–ö—Ä–µ–¥–∏—Ç
‚ö¨–û–ü–¢, –û–ü–õ–ê–¢–ê –ß–ï–†–ï–ó –†/–° (–¥–ª—è —é—Ä–∏–¥ –ª–∏—Ü)
üîù–û–ø—ã—Ç –ø—Ä–æ–¥–∞–∂ –≤ —Å—Ñ–µ—Ä–µ —Ü–∏—Ñ—Ä–æ–≤–æ–π —ç–ª–µ–∫—Ç—Ä–æ–Ω–∏–∫–∏ —Å 2009 –≥–æ–¥–∞.

–í –Ω–∞—à–µ–º –∞—Å—Å–æ—Ä—Ç–∏–º–µ–Ω—Ç–µ üíØ–æ—Ä–∏–≥–∏–Ω–∞–ª—å–Ω—ã–µ –∞–π—Ñ–æ–Ω—ã 4/4s/5/5c/5s/6/6s/se/7 plus –≤—Å–µ—Ö —Ü–≤–µ—Ç–æ–≤ –∏ –æ–±—ä–µ–º–æ–≤ –ø–∞–º—è—Ç–∏ –ø–æ –ª—É—á—à–µ–π —Ü–µ–Ω–µ –≤ –ö–∞–∑–∞–Ω–∏!üòä

‚û°Apple iPhone 5 16Gb Black = 7500‚ÇΩ (RFB) –ì–ê–†–ê–ù–¢–ò–Ø 1 –ì–û–î –æ—Ç –°–¶ iSPARKüî• (–ö–∞–∑–∞–Ω—å/–ú–æ—Å–∫–≤–∞)

‚úî –≤—ã–¥–∞–µ–º —á–µ–∫ –∏ –≥–∞—Ä–∞–Ω—Ç–∏–π–Ω—ã–π —Ç–∞–ª–æ–Ω, –∑–∞–≤–µ—Ä–µ–Ω–Ω—ã–µ –ø–µ—á–∞—Ç—å—é
‚úî —Ü–µ–Ω–∞ –¥–µ–π—Å—Ç–≤—É–µ—Ç –ø—Ä–∏ –æ–ø–ª–∞—Ç–µ –ø–æ–ª–Ω–æ–π —Å—Ç–æ–∏–º–æ—Å—Ç–∏ —Ç–æ–≤–∞—Ä–∞ –Ω–∞–ª–∏—á–Ω—ã–º–∏
‚úî –≤ –∑–∞–≤–æ–¥—Å–∫–æ–π –ø–ª–µ–Ω–∫–µ, –±–µ–∑ —Å–ª–µ–¥–æ–≤ —ç–∫—Å–ø–ª—É–∞—Ç–∞—Ü–∏–∏, –æ—Ç–ª–∏—á–Ω—ã–π –ø–æ–¥–∞—Ä–æ–∫
‚úî –∫–æ–ª-–≤–æ —Ç–æ–≤–∞—Ä–∞ –æ–≥—Ä–∞–Ω–∏—á–µ–Ω–æ, —É—Ç–æ—á–Ω—è–π—Ç–µ –∞–∫—Ç—É–∞–ª—å–Ω–æ–µ –Ω–∞–ª–∏—á–∏–µ

üìû –ó–≤–æ–Ω–∏—Ç–µ: 10.00-20.00, –µ–∂–µ–¥–Ω–µ–≤–Ω–æ

–£ –Ω–∞—Å –≤—ã —Å–º–æ–∂–µ—Ç–µ –Ω–∞–∏–±–æ–ª–µ–µ –≤—ã–≥–æ–¥–Ω–æ –∏ –¥–µ—à–µ–≤–æ –∫—É–ø–∏—Ç—å –∏–Ω—Ç–µ—Ä–µ—Å—É—é—â–∏–π –≤–∞—Å –≥–∞–¥–∂–µ—Ç –∏–ª–∏ –∞–∫—Å–µ—Å—Å—É–∞—Äüëç
–ú–∞–≥–∞–∑–∏–Ω AMOLEDüì≤";"7500";"18.jpg,0.jpg"
"–° –≥–∞—Ä–∞–Ω—Ç–∏–µ–π NEW iPhone 5 16Gb A1429 White –ú–∞–≥–∞–∑–∏–Ω";"–£–≤–∞–∂–∞–µ–º—ã–π –ø–æ–∫—É–ø–∞—Ç–µ–ª—å,
–î–æ–±—Ä–æ –ø–æ–∂–∞–ª–æ–≤–∞—Ç—å –≤ –º–∞–≥–∞–∑–∏–Ω AMOLEDüì≤

‚ö°–ê–ö–¶–ò–Ø, –∞–∫—Å–µ—Å—Å—É–∞—Ä –Ω–∞ –≤—ã–±–æ—Ä –≤ –ü–û–î–ê–†–û–ö –∑–∞ –æ—Ç–∑—ã–≤‚ùó

üíë –ú—ã –≤—Å–µ–≥–¥–∞ –∏–¥–µ–º –Ω–∞–≤—Å—Ç—Ä–µ—á—É –Ω–∞—à–∏–º –ø–æ–∫—É–ø–∞—Ç–µ–ª—è–º –∏ –¥–æ—Ä–æ–∂–∏–º —Å–≤–æ–µ–π —Ä–µ–ø—É—Ç–∞—Ü–∏–µ–π.
üëá –ì–∏–±–∫–∏–µ –≤–æ–∑–º–æ–∂–Ω–æ—Å—Ç–∏ –≤–∞—à–µ–π –ø–æ–∫—É–ø–∫–∏:
‚ö¨–û–ü–õ–ê–¢–ê –∫—Ä–µ–¥–∏—Ç–Ω–æ–π/–¥–µ–±–µ—Ç–æ–≤–æ–π –ö–ê–†–¢–û–ô
‚ö¨–¢–†–ï–ô–î-–ò–ù, –û–ë–ú–ï–ù —Å—Ç–∞—Ä–æ–≥–æ —Ç–µ–ª–µ—Ñ–æ–Ω–∞ 
‚ö¨–î–û–°–¢–ê–í–ö–ê –ü–û –†–§ —á–µ—Ä–µ–∑ –¢–ö CDEK
‚ö¨–†–ê–°–°–†–û–ß–ö–ê –±–∞–Ω–∫–∏ –û–¢–ü/–•–æ—É–º-–ö—Ä–µ–¥–∏—Ç
‚ö¨–û–ü–¢, –û–ü–õ–ê–¢–ê –ß–ï–†–ï–ó –†/–° (–¥–ª—è —é—Ä–∏–¥ –ª–∏—Ü)
üîù–û–ø—ã—Ç –ø—Ä–æ–¥–∞–∂ –≤ —Å—Ñ–µ—Ä–µ —Ü–∏—Ñ—Ä–æ–≤–æ–π —ç–ª–µ–∫—Ç—Ä–æ–Ω–∏–∫–∏ —Å 2009 –≥–æ–¥–∞.

–í –Ω–∞—à–µ–º –∞—Å—Å–æ—Ä—Ç–∏–º–µ–Ω—Ç–µ üíØ–æ—Ä–∏–≥–∏–Ω–∞–ª—å–Ω—ã–µ –∞–π—Ñ–æ–Ω—ã 4/4s/5/5c/5s/6/6s/se/7 plus –≤—Å–µ—Ö —Ü–≤–µ—Ç–æ–≤ –∏ –æ–±—ä–µ–º–æ–≤ –ø–∞–º—è—Ç–∏ –ø–æ –ª—É—á—à–µ–π —Ü–µ–Ω–µ –≤ –ö–∞–∑–∞–Ω–∏!üòä

‚û°Apple iPhone 5 16Gb White = 7490‚ÇΩ (NEW) –ì–ê–†–ê–ù–¢–ò–Ø 1 –ì–û–î 

‚úî –≤—ã–¥–∞–µ–º —á–µ–∫ –∏ –≥–∞—Ä–∞–Ω—Ç–∏–π–Ω—ã–π —Ç–∞–ª–æ–Ω, –∑–∞–≤–µ—Ä–µ–Ω–Ω—ã–µ –ø–µ—á–∞—Ç—å—é
‚úî —Ü–µ–Ω–∞ –¥–µ–π—Å—Ç–≤—É–µ—Ç –ø—Ä–∏ –æ–ø–ª–∞—Ç–µ –ø–æ–ª–Ω–æ–π —Å—Ç–æ–∏–º–æ—Å—Ç–∏ —Ç–æ–≤–∞—Ä–∞ –Ω–∞–ª–∏—á–Ω—ã–º–∏
‚úî –≤ –∑–∞–≤–æ–¥—Å–∫–æ–π –ø–ª–µ–Ω–∫–µ, –±–µ–∑ —Å–ª–µ–¥–æ–≤ —ç–∫—Å–ø–ª—É–∞—Ç–∞—Ü–∏–∏, –æ—Ç–ª–∏—á–Ω—ã–π –ø–æ–¥–∞—Ä–æ–∫
‚úî –∫–æ–ª-–≤–æ —Ç–æ–≤–∞—Ä–∞ –æ–≥—Ä–∞–Ω–∏—á–µ–Ω–æ, —É—Ç–æ—á–Ω—è–π—Ç–µ –∞–∫—Ç—É–∞–ª—å–Ω–æ–µ –Ω–∞–ª–∏—á–∏–µ

üìû –ó–≤–æ–Ω–∏—Ç–µ: 10.00-20.00, –µ–∂–µ–¥–Ω–µ–≤–Ω–æ

–£ –Ω–∞—Å –≤—ã —Å–º–æ–∂–µ—Ç–µ –Ω–∞–∏–±–æ–ª–µ–µ –≤—ã–≥–æ–¥–Ω–æ –∏ –¥–µ—à–µ–≤–æ –∫—É–ø–∏—Ç—å –∏–Ω—Ç–µ—Ä–µ—Å—É—é—â–∏–π –≤–∞—Å –≥–∞–¥–∂–µ—Ç –∏–ª–∏ –∞–∫—Å–µ—Å—Å—É–∞—Äüëç
–ú–∞–≥–∞–∑–∏–Ω AMOLEDüì≤";"7490";"19.jpg,0.jpg"
"–° –≥–∞—Ä–∞–Ω—Ç–∏–µ–π NEW iPhone 5 64Gb A1442 Black –ú–∞–≥–∞–∑–∏–Ω";"–£–≤–∞–∂–∞–µ–º—ã–π –ø–æ–∫—É–ø–∞—Ç–µ–ª—å,
–î–æ–±—Ä–æ –ø–æ–∂–∞–ª–æ–≤–∞—Ç—å –≤ –º–∞–≥–∞–∑–∏–Ω AMOLEDüì≤

‚ö°–ê–ö–¶–ò–Ø, –∞–∫—Å–µ—Å—Å—É–∞—Ä –Ω–∞ –≤—ã–±–æ—Ä –≤ –ü–û–î–ê–†–û–ö –∑–∞ –æ—Ç–∑—ã–≤‚ùó

üíë –ú—ã –≤—Å–µ–≥–¥–∞ –∏–¥–µ–º –Ω–∞–≤—Å—Ç—Ä–µ—á—É –Ω–∞—à–∏–º –ø–æ–∫—É–ø–∞—Ç–µ–ª—è–º –∏ –¥–æ—Ä–æ–∂–∏–º —Å–≤–æ–µ–π —Ä–µ–ø—É—Ç–∞—Ü–∏–µ–π.
üëá –ì–∏–±–∫–∏–µ –≤–æ–∑–º–æ–∂–Ω–æ—Å—Ç–∏ –≤–∞—à–µ–π –ø–æ–∫—É–ø–∫–∏:
‚ö¨–û–ü–õ–ê–¢–ê –∫—Ä–µ–¥–∏—Ç–Ω–æ–π/–¥–µ–±–µ—Ç–æ–≤–æ–π –ö–ê–†–¢–û–ô
‚ö¨–¢–†–ï–ô–î-–ò–ù, –û–ë–ú–ï–ù —Å—Ç–∞—Ä–æ–≥–æ —Ç–µ–ª–µ—Ñ–æ–Ω–∞ 
‚ö¨–î–û–°–¢–ê–í–ö–ê –ü–û –†–§ —á–µ—Ä–µ–∑ –¢–ö CDEK
‚ö¨–†–ê–°–°–†–û–ß–ö–ê –±–∞–Ω–∫–∏ –û–¢–ü/–•–æ—É–º-–ö—Ä–µ–¥–∏—Ç
‚ö¨–û–ü–¢, –û–ü–õ–ê–¢–ê –ß–ï–†–ï–ó –†/–° (–¥–ª—è —é—Ä–∏–¥ –ª–∏—Ü)
üîù–û–ø—ã—Ç –ø—Ä–æ–¥–∞–∂ –≤ —Å—Ñ–µ—Ä–µ —Ü–∏—Ñ—Ä–æ–≤–æ–π —ç–ª–µ–∫—Ç—Ä–æ–Ω–∏–∫–∏ —Å 2009 –≥–æ–¥–∞.

–í –Ω–∞—à–µ–º –∞—Å—Å–æ—Ä—Ç–∏–º–µ–Ω—Ç–µ üíØ–æ—Ä–∏–≥–∏–Ω–∞–ª—å–Ω—ã–µ –∞–π—Ñ–æ–Ω—ã 4/4s/5/5c/5s/6/6s/se/7 plus –≤—Å–µ—Ö —Ü–≤–µ—Ç–æ–≤ –∏ –æ–±—ä–µ–º–æ–≤ –ø–∞–º—è—Ç–∏ –ø–æ –ª—É—á—à–µ–π —Ü–µ–Ω–µ –≤ –ö–∞–∑–∞–Ω–∏!üòä

‚û°Apple iPhone 5 64Gb Black = 8990‚ÇΩ (NEW) –ì–ê–†–ê–ù–¢–ò–Ø 1 –ì–û–î 

‚úî –≤—ã–¥–∞–µ–º —á–µ–∫ –∏ –≥–∞—Ä–∞–Ω—Ç–∏–π–Ω—ã–π —Ç–∞–ª–æ–Ω, –∑–∞–≤–µ—Ä–µ–Ω–Ω—ã–µ –ø–µ—á–∞—Ç—å—é
‚úî —Ü–µ–Ω–∞ –¥–µ–π—Å—Ç–≤—É–µ—Ç –ø—Ä–∏ –æ–ø–ª–∞—Ç–µ –ø–æ–ª–Ω–æ–π —Å—Ç–æ–∏–º–æ—Å—Ç–∏ —Ç–æ–≤–∞—Ä–∞ –Ω–∞–ª–∏—á–Ω—ã–º–∏
‚úî –≤ –∑–∞–≤–æ–¥—Å–∫–æ–π –ø–ª–µ–Ω–∫–µ, –±–µ–∑ —Å–ª–µ–¥–æ–≤ —ç–∫—Å–ø–ª—É–∞—Ç–∞—Ü–∏–∏, –æ—Ç–ª–∏—á–Ω—ã–π –ø–æ–¥–∞—Ä–æ–∫
‚úî –∫–æ–ª-–≤–æ —Ç–æ–≤–∞—Ä–∞ –æ–≥—Ä–∞–Ω–∏—á–µ–Ω–æ, —É—Ç–æ—á–Ω—è–π—Ç–µ –∞–∫—Ç—É–∞–ª—å–Ω–æ–µ –Ω–∞–ª–∏—á–∏–µ

üìû –ó–≤–æ–Ω–∏—Ç–µ: 10.00-20.00, –µ–∂–µ–¥–Ω–µ–≤–Ω–æ

–£ –Ω–∞—Å –≤—ã —Å–º–æ–∂–µ—Ç–µ –Ω–∞–∏–±–æ–ª–µ–µ –≤—ã–≥–æ–¥–Ω–æ –∏ –¥–µ—à–µ–≤–æ –∫—É–ø–∏—Ç—å –∏–Ω—Ç–µ—Ä–µ—Å—É—é—â–∏–π –≤–∞—Å –≥–∞–¥–∂–µ—Ç –∏–ª–∏ –∞–∫—Å–µ—Å—Å—É–∞—Äüëç
–ú–∞–≥–∞–∑–∏–Ω AMOLEDüì≤";"8990";"20.jpg,0.jpg"
"–° –≥–∞—Ä–∞–Ω—Ç–∏–µ–π RFB iPhone 5 64Gb A1428 Black –ú–∞–≥–∞–∑–∏–Ω";"–£–≤–∞–∂–∞–µ–º—ã–π –ø–æ–∫—É–ø–∞—Ç–µ–ª—å,
–î–æ–±—Ä–æ –ø–æ–∂–∞–ª–æ–≤–∞—Ç—å –≤ –º–∞–≥–∞–∑–∏–Ω AMOLEDüì≤

‚ö°–ê–ö–¶–ò–Ø, –∞–∫—Å–µ—Å—Å—É–∞—Ä –Ω–∞ –≤—ã–±–æ—Ä –≤ –ü–û–î–ê–†–û–ö –∑–∞ –æ—Ç–∑—ã–≤‚ùó

üíë –ú—ã –≤—Å–µ–≥–¥–∞ –∏–¥–µ–º –Ω–∞–≤—Å—Ç—Ä–µ—á—É –Ω–∞—à–∏–º –ø–æ–∫—É–ø–∞—Ç–µ–ª—è–º –∏ –¥–æ—Ä–æ–∂–∏–º —Å–≤–æ–µ–π —Ä–µ–ø—É—Ç–∞—Ü–∏–µ–π.
üëá –ì–∏–±–∫–∏–µ –≤–æ–∑–º–æ–∂–Ω–æ—Å—Ç–∏ –≤–∞—à–µ–π –ø–æ–∫—É–ø–∫–∏:
‚ö¨–û–ü–õ–ê–¢–ê –∫—Ä–µ–¥–∏—Ç–Ω–æ–π/–¥–µ–±–µ—Ç–æ–≤–æ–π –ö–ê–†–¢–û–ô
‚ö¨–¢–†–ï–ô–î-–ò–ù, –û–ë–ú–ï–ù —Å—Ç–∞—Ä–æ–≥–æ —Ç–µ–ª–µ—Ñ–æ–Ω–∞ 
‚ö¨–î–û–°–¢–ê–í–ö–ê –ü–û –†–§ —á–µ—Ä–µ–∑ –¢–ö CDEK
‚ö¨–†–ê–°–°–†–û–ß–ö–ê –±–∞–Ω–∫–∏ –û–¢–ü/–•–æ—É–º-–ö—Ä–µ–¥–∏—Ç
‚ö¨–û–ü–¢, –û–ü–õ–ê–¢–ê –ß–ï–†–ï–ó –†/–° (–¥–ª—è —é—Ä–∏–¥ –ª–∏—Ü)
üîù–û–ø—ã—Ç –ø—Ä–æ–¥–∞–∂ –≤ —Å—Ñ–µ—Ä–µ —Ü–∏—Ñ—Ä–æ–≤–æ–π —ç–ª–µ–∫—Ç—Ä–æ–Ω–∏–∫–∏ —Å 2009 –≥–æ–¥–∞.

–í –Ω–∞—à–µ–º –∞—Å—Å–æ—Ä—Ç–∏–º–µ–Ω—Ç–µ üíØ–æ—Ä–∏–≥–∏–Ω–∞–ª—å–Ω—ã–µ –∞–π—Ñ–æ–Ω—ã 4/4s/5/5c/5s/6/6s/se/7 plus –≤—Å–µ—Ö —Ü–≤–µ—Ç–æ–≤ –∏ –æ–±—ä–µ–º–æ–≤ –ø–∞–º—è—Ç–∏ –ø–æ –ª—É—á—à–µ–π —Ü–µ–Ω–µ –≤ –ö–∞–∑–∞–Ω–∏!üòä

‚û°Apple iPhone 5 64Gb Black = 9000‚ÇΩ (RFB) –ì–ê–†–ê–ù–¢–ò–Ø 1 –ì–û–î –æ—Ç –°–¶ iSPARKüî• (–ö–∞–∑–∞–Ω—å/–ú–æ—Å–∫–≤–∞)

‚úî –≤—ã–¥–∞–µ–º —á–µ–∫ –∏ –≥–∞—Ä–∞–Ω—Ç–∏–π–Ω—ã–π —Ç–∞–ª–æ–Ω, –∑–∞–≤–µ—Ä–µ–Ω–Ω—ã–µ –ø–µ—á–∞—Ç—å—é
‚úî —Ü–µ–Ω–∞ –¥–µ–π—Å—Ç–≤—É–µ—Ç –ø—Ä–∏ –æ–ø–ª–∞—Ç–µ –ø–æ–ª–Ω–æ–π —Å—Ç–æ–∏–º–æ—Å—Ç–∏ —Ç–æ–≤–∞—Ä–∞ –Ω–∞–ª–∏—á–Ω—ã–º–∏
‚úî –≤ –∑–∞–≤–æ–¥—Å–∫–æ–π –ø–ª–µ–Ω–∫–µ, –±–µ–∑ —Å–ª–µ–¥–æ–≤ —ç–∫—Å–ø–ª—É–∞—Ç–∞—Ü–∏–∏, –æ—Ç–ª–∏—á–Ω—ã–π –ø–æ–¥–∞—Ä–æ–∫
‚úî –∫–æ–ª-–≤–æ —Ç–æ–≤–∞—Ä–∞ –æ–≥—Ä–∞–Ω–∏—á–µ–Ω–æ, —É—Ç–æ—á–Ω—è–π—Ç–µ –∞–∫—Ç—É–∞–ª—å–Ω–æ–µ –Ω–∞–ª–∏—á–∏–µ

üìû –ó–≤–æ–Ω–∏—Ç–µ: 10.00-20.00, –µ–∂–µ–¥–Ω–µ–≤–Ω–æ

–£ –Ω–∞—Å –≤—ã —Å–º–æ–∂–µ—Ç–µ –Ω–∞–∏–±–æ–ª–µ–µ –≤—ã–≥–æ–¥–Ω–æ –∏ –¥–µ—à–µ–≤–æ –∫—É–ø–∏—Ç—å –∏–Ω—Ç–µ—Ä–µ—Å—É—é—â–∏–π –≤–∞—Å –≥–∞–¥–∂–µ—Ç –∏–ª–∏ –∞–∫—Å–µ—Å—Å—É–∞—Äüëç
–ú–∞–≥–∞–∑–∏–Ω AMOLEDüì≤";"9000";"21.jpg,0.jpg"
"–° –≥–∞—Ä–∞–Ω—Ç–∏–µ–π NEW iPhone 5 32Gb A1429 White –ú–∞–≥–∞–∑–∏–Ω";"–£–≤–∞–∂–∞–µ–º—ã–π –ø–æ–∫—É–ø–∞—Ç–µ–ª—å,
–î–æ–±—Ä–æ –ø–æ–∂–∞–ª–æ–≤–∞—Ç—å –≤ –º–∞–≥–∞–∑–∏–Ω AMOLEDüì≤

‚ö°–ê–ö–¶–ò–Ø, –∞–∫—Å–µ—Å—Å—É–∞—Ä –Ω–∞ –≤—ã–±–æ—Ä –≤ –ü–û–î–ê–†–û–ö –∑–∞ –æ—Ç–∑—ã–≤‚ùó

üíë –ú—ã –≤—Å–µ–≥–¥–∞ –∏–¥–µ–º –Ω–∞–≤—Å—Ç—Ä–µ—á—É –Ω–∞—à–∏–º –ø–æ–∫—É–ø–∞—Ç–µ–ª—è–º –∏ –¥–æ—Ä–æ–∂–∏–º —Å–≤–æ–µ–π —Ä–µ–ø—É—Ç–∞—Ü–∏–µ–π.
üëá –ì–∏–±–∫–∏–µ –≤–æ–∑–º–æ–∂–Ω–æ—Å—Ç–∏ –≤–∞—à–µ–π –ø–æ–∫—É–ø–∫–∏:
‚ö¨–û–ü–õ–ê–¢–ê –∫—Ä–µ–¥–∏—Ç–Ω–æ–π/–¥–µ–±–µ—Ç–æ–≤–æ–π –ö–ê–†–¢–û–ô
‚ö¨–¢–†–ï–ô–î-–ò–ù, –û–ë–ú–ï–ù —Å—Ç–∞—Ä–æ–≥–æ —Ç–µ–ª–µ—Ñ–æ–Ω–∞ 
‚ö¨–î–û–°–¢–ê–í–ö–ê –ü–û –†–§ —á–µ—Ä–µ–∑ –¢–ö CDEK
‚ö¨–†–ê–°–°–†–û–ß–ö–ê –±–∞–Ω–∫–∏ –û–¢–ü/–•–æ—É–º-–ö—Ä–µ–¥–∏—Ç
‚ö¨–û–ü–¢, –û–ü–õ–ê–¢–ê –ß–ï–†–ï–ó –†/–° (–¥–ª—è —é—Ä–∏–¥ –ª–∏—Ü)
üîù–û–ø—ã—Ç –ø—Ä–æ–¥–∞–∂ –≤ —Å—Ñ–µ—Ä–µ —Ü–∏—Ñ—Ä–æ–≤–æ–π —ç–ª–µ–∫—Ç—Ä–æ–Ω–∏–∫–∏ —Å 2009 –≥–æ–¥–∞.

–í –Ω–∞—à–µ–º –∞—Å—Å–æ—Ä—Ç–∏–º–µ–Ω—Ç–µ üíØ–æ—Ä–∏–≥–∏–Ω–∞–ª—å–Ω—ã–µ –∞–π—Ñ–æ–Ω—ã 4/4s/5/5c/5s/6/6s/se/7 plus –≤—Å–µ—Ö —Ü–≤–µ—Ç–æ–≤ –∏ –æ–±—ä–µ–º–æ–≤ –ø–∞–º—è—Ç–∏ –ø–æ –ª—É—á—à–µ–π —Ü–µ–Ω–µ –≤ –ö–∞–∑–∞–Ω–∏!üòä

‚û°Apple iPhone 5 32Gb White = 7990‚ÇΩ (NEW) –ì–ê–†–ê–ù–¢–ò–Ø 1 –ì–û–î 

‚úî –≤—ã–¥–∞–µ–º —á–µ–∫ –∏ –≥–∞—Ä–∞–Ω—Ç–∏–π–Ω—ã–π —Ç–∞–ª–æ–Ω, –∑–∞–≤–µ—Ä–µ–Ω–Ω—ã–µ –ø–µ—á–∞—Ç—å—é
‚úî —Ü–µ–Ω–∞ –¥–µ–π—Å—Ç–≤—É–µ—Ç –ø—Ä–∏ –æ–ø–ª–∞—Ç–µ –ø–æ–ª–Ω–æ–π —Å—Ç–æ–∏–º–æ—Å—Ç–∏ —Ç–æ–≤–∞—Ä–∞ –Ω–∞–ª–∏—á–Ω—ã–º–∏
‚úî –≤ –∑–∞–≤–æ–¥—Å–∫–æ–π –ø–ª–µ–Ω–∫–µ, –±–µ–∑ —Å–ª–µ–¥–æ–≤ —ç–∫—Å–ø–ª—É–∞—Ç–∞—Ü–∏–∏, –æ—Ç–ª–∏—á–Ω—ã–π –ø–æ–¥–∞—Ä–æ–∫
‚úî –∫–æ–ª-–≤–æ —Ç–æ–≤–∞—Ä–∞ –æ–≥—Ä–∞–Ω–∏—á–µ–Ω–æ, —É—Ç–æ—á–Ω—è–π—Ç–µ –∞–∫—Ç—É–∞–ª—å–Ω–æ–µ –Ω–∞–ª–∏—á–∏–µ

üìû –ó–≤–æ–Ω–∏—Ç–µ: 10.00-20.00, –µ–∂–µ–¥–Ω–µ–≤–Ω–æ

–£ –Ω–∞—Å –≤—ã —Å–º–æ–∂–µ—Ç–µ –Ω–∞–∏–±–æ–ª–µ–µ –≤—ã–≥–æ–¥–Ω–æ –∏ –¥–µ—à–µ–≤–æ –∫—É–ø–∏—Ç—å –∏–Ω—Ç–µ—Ä–µ—Å—É—é—â–∏–π –≤–∞—Å –≥–∞–¥–∂–µ—Ç –∏–ª–∏ –∞–∫—Å–µ—Å—Å—É–∞—Äüëç
–ú–∞–≥–∞–∑–∏–Ω AMOLEDüì≤";"7990";"22.jpg,0.jpg"
"–° –≥–∞—Ä–∞–Ω—Ç–∏–µ–π NEW iPhone 5 32Gb A1428 White –ú–∞–≥–∞–∑–∏–Ω";"–£–≤–∞–∂–∞–µ–º—ã–π –ø–æ–∫—É–ø–∞—Ç–µ–ª—å,
–î–æ–±—Ä–æ –ø–æ–∂–∞–ª–æ–≤–∞—Ç—å –≤ –º–∞–≥–∞–∑–∏–Ω AMOLEDüì≤

‚ö°–ê–ö–¶–ò–Ø, –∞–∫—Å–µ—Å—Å—É–∞—Ä –Ω–∞ –≤—ã–±–æ—Ä –≤ –ü–û–î–ê–†–û–ö –∑–∞ –æ—Ç–∑—ã–≤‚ùó

üíë –ú—ã –≤—Å–µ–≥–¥–∞ –∏–¥–µ–º –Ω–∞–≤—Å—Ç—Ä–µ—á—É –Ω–∞—à–∏–º –ø–æ–∫—É–ø–∞—Ç–µ–ª—è–º –∏ –¥–æ—Ä–æ–∂–∏–º —Å–≤–æ–µ–π —Ä–µ–ø—É—Ç–∞—Ü–∏–µ–π.
üëá –ì–∏–±–∫–∏–µ –≤–æ–∑–º–æ–∂–Ω–æ—Å—Ç–∏ –≤–∞—à–µ–π –ø–æ–∫—É–ø–∫–∏:
‚ö¨–û–ü–õ–ê–¢–ê –∫—Ä–µ–¥–∏—Ç–Ω–æ–π/–¥–µ–±–µ—Ç–æ–≤–æ–π –ö–ê–†–¢–û–ô
‚ö¨–¢–†–ï–ô–î-–ò–ù, –û–ë–ú–ï–ù —Å—Ç–∞—Ä–æ–≥–æ —Ç–µ–ª–µ—Ñ–æ–Ω–∞ 
‚ö¨–î–û–°–¢–ê–í–ö–ê –ü–û –†–§ —á–µ—Ä–µ–∑ –¢–ö CDEK
‚ö¨–†–ê–°–°–†–û–ß–ö–ê –±–∞–Ω–∫–∏ –û–¢–ü/–•–æ—É–º-–ö—Ä–µ–¥–∏—Ç
‚ö¨–û–ü–¢, –û–ü–õ–ê–¢–ê –ß–ï–†–ï–ó –†/–° (–¥–ª—è —é—Ä–∏–¥ –ª–∏—Ü)
üîù–û–ø—ã—Ç –ø—Ä–æ–¥–∞–∂ –≤ —Å—Ñ–µ—Ä–µ —Ü–∏—Ñ—Ä–æ–≤–æ–π —ç–ª–µ–∫—Ç—Ä–æ–Ω–∏–∫–∏ —Å 2009 –≥–æ–¥–∞.

–í –Ω–∞—à–µ–º –∞—Å—Å–æ—Ä—Ç–∏–º–µ–Ω—Ç–µ üíØ–æ—Ä–∏–≥–∏–Ω–∞–ª—å–Ω—ã–µ –∞–π—Ñ–æ–Ω—ã 4/4s/5/5c/5s/6/6s/se/7 plus –≤—Å–µ—Ö —Ü–≤–µ—Ç–æ–≤ –∏ –æ–±—ä–µ–º–æ–≤ –ø–∞–º—è—Ç–∏ –ø–æ –ª—É—á—à–µ–π —Ü–µ–Ω–µ –≤ –ö–∞–∑–∞–Ω–∏!üòä

‚û°Apple iPhone 5 32Gb White = 7990‚ÇΩ (NEW) –ì–ê–†–ê–ù–¢–ò–Ø 1 –ì–û–î 

‚úî –≤—ã–¥–∞–µ–º —á–µ–∫ –∏ –≥–∞—Ä–∞–Ω—Ç–∏–π–Ω—ã–π —Ç–∞–ª–æ–Ω, –∑–∞–≤–µ—Ä–µ–Ω–Ω—ã–µ –ø–µ—á–∞—Ç—å—é
‚úî —Ü–µ–Ω–∞ –¥–µ–π—Å—Ç–≤—É–µ—Ç –ø—Ä–∏ –æ–ø–ª–∞—Ç–µ –ø–æ–ª–Ω–æ–π —Å—Ç–æ–∏–º–æ—Å—Ç–∏ —Ç–æ–≤–∞—Ä–∞ –Ω–∞–ª–∏—á–Ω—ã–º–∏
‚úî –≤ –∑–∞–≤–æ–¥—Å–∫–æ–π –ø–ª–µ–Ω–∫–µ, –±–µ–∑ —Å–ª–µ–¥–æ–≤ —ç–∫—Å–ø–ª—É–∞—Ç–∞—Ü–∏–∏, –æ—Ç–ª–∏—á–Ω—ã–π –ø–æ–¥–∞—Ä–æ–∫
‚úî –∫–æ–ª-–≤–æ —Ç–æ–≤–∞—Ä–∞ –æ–≥—Ä–∞–Ω–∏—á–µ–Ω–æ, —É—Ç–æ—á–Ω—è–π—Ç–µ –∞–∫—Ç—É–∞–ª—å–Ω–æ–µ –Ω–∞–ª–∏—á–∏–µ

üìû –ó–≤–æ–Ω–∏—Ç–µ: 10.00-20.00, –µ–∂–µ–¥–Ω–µ–≤–Ω–æ

–£ –Ω–∞—Å –≤—ã —Å–º–æ–∂–µ—Ç–µ –Ω–∞–∏–±–æ–ª–µ–µ –≤—ã–≥–æ–¥–Ω–æ –∏ –¥–µ—à–µ–≤–æ –∫—É–ø–∏—Ç—å –∏–Ω—Ç–µ—Ä–µ—Å—É—é—â–∏–π –≤–∞—Å –≥–∞–¥–∂–µ—Ç –∏–ª–∏ –∞–∫—Å–µ—Å—Å—É–∞—Äüëç
–ú–∞–≥–∞–∑–∏–Ω AMOLEDüì≤";"7990";"23.jpg,0.jpg"
"–° –≥–∞—Ä–∞–Ω—Ç–∏–µ–π RFB iPhone 5 64Gb A1442 Black –ú–∞–≥–∞–∑–∏–Ω";"–£–≤–∞–∂–∞–µ–º—ã–π –ø–æ–∫—É–ø–∞—Ç–µ–ª—å,
–î–æ–±—Ä–æ –ø–æ–∂–∞–ª–æ–≤–∞—Ç—å –≤ –º–∞–≥–∞–∑–∏–Ω AMOLEDüì≤

‚ö°–ê–ö–¶–ò–Ø, –∞–∫—Å–µ—Å—Å—É–∞—Ä –Ω–∞ –≤—ã–±–æ—Ä –≤ –ü–û–î–ê–†–û–ö –∑–∞ –æ—Ç–∑—ã–≤‚ùó

üíë –ú—ã –≤—Å–µ–≥–¥–∞ –∏–¥–µ–º –Ω–∞–≤—Å—Ç—Ä–µ—á—É –Ω–∞—à–∏–º –ø–æ–∫—É–ø–∞—Ç–µ–ª—è–º –∏ –¥–æ—Ä–æ–∂–∏–º —Å–≤–æ–µ–π —Ä–µ–ø—É—Ç–∞—Ü–∏–µ–π.
üëá –ì–∏–±–∫–∏–µ –≤–æ–∑–º–æ–∂–Ω–æ—Å—Ç–∏ –≤–∞—à–µ–π –ø–æ–∫—É–ø–∫–∏:
‚ö¨–û–ü–õ–ê–¢–ê –∫—Ä–µ–¥–∏—Ç–Ω–æ–π/–¥–µ–±–µ—Ç–æ–≤–æ–π –ö–ê–†–¢–û–ô
‚ö¨–¢–†–ï–ô–î-–ò–ù, –û–ë–ú–ï–ù —Å—Ç–∞—Ä–æ–≥–æ —Ç–µ–ª–µ—Ñ–æ–Ω–∞ 
‚ö¨–î–û–°–¢–ê–í–ö–ê –ü–û –†–§ —á–µ—Ä–µ–∑ –¢–ö CDEK
‚ö¨–†–ê–°–°–†–û–ß–ö–ê –±–∞–Ω–∫–∏ –û–¢–ü/–•–æ—É–º-–ö—Ä–µ–¥–∏—Ç
‚ö¨–û–ü–¢, –û–ü–õ–ê–¢–ê –ß–ï–†–ï–ó –†/–° (–¥–ª—è —é—Ä–∏–¥ –ª–∏—Ü)
üîù–û–ø—ã—Ç –ø—Ä–æ–¥–∞–∂ –≤ —Å—Ñ–µ—Ä–µ —Ü–∏—Ñ—Ä–æ–≤–æ–π —ç–ª–µ–∫—Ç—Ä–æ–Ω–∏–∫–∏ —Å 2009 –≥–æ–¥–∞.

–í –Ω–∞—à–µ–º –∞—Å—Å–æ—Ä—Ç–∏–º–µ–Ω—Ç–µ üíØ–æ—Ä–∏–≥–∏–Ω–∞–ª—å–Ω—ã–µ –∞–π—Ñ–æ–Ω—ã 4/4s/5/5c/5s/6/6s/se/7 plus –≤—Å–µ—Ö —Ü–≤–µ—Ç–æ–≤ –∏ –æ–±—ä–µ–º–æ–≤ –ø–∞–º—è—Ç–∏ –ø–æ –ª—É—á—à–µ–π —Ü–µ–Ω–µ –≤ –ö–∞–∑–∞–Ω–∏!üòä

‚û°Apple iPhone 5 64Gb Black = 9000‚ÇΩ (RFB) –ì–ê–†–ê–ù–¢–ò–Ø 1 –ì–û–î –æ—Ç –°–¶ iSPARKüî• (–ö–∞–∑–∞–Ω—å/–ú–æ—Å–∫–≤–∞)

‚úî –≤—ã–¥–∞–µ–º —á–µ–∫ –∏ –≥–∞—Ä–∞–Ω—Ç–∏–π–Ω—ã–π —Ç–∞–ª–æ–Ω, –∑–∞–≤–µ—Ä–µ–Ω–Ω—ã–µ –ø–µ—á–∞—Ç—å—é
‚úî —Ü–µ–Ω–∞ –¥–µ–π—Å—Ç–≤—É–µ—Ç –ø—Ä–∏ –æ–ø–ª–∞—Ç–µ –ø–æ–ª–Ω–æ–π —Å—Ç–æ–∏–º–æ—Å—Ç–∏ —Ç–æ–≤–∞—Ä–∞ –Ω–∞–ª–∏—á–Ω—ã–º–∏
‚úî –≤ –∑–∞–≤–æ–¥—Å–∫–æ–π –ø–ª–µ–Ω–∫–µ, –±–µ–∑ —Å–ª–µ–¥–æ–≤ —ç–∫—Å–ø–ª—É–∞—Ç–∞—Ü–∏–∏, –æ—Ç–ª–∏—á–Ω—ã–π –ø–æ–¥–∞—Ä–æ–∫
‚úî –∫–æ–ª-–≤–æ —Ç–æ–≤–∞—Ä–∞ –æ–≥—Ä–∞–Ω–∏—á–µ–Ω–æ, —É—Ç–æ—á–Ω—è–π—Ç–µ –∞–∫—Ç—É–∞–ª—å–Ω–æ–µ –Ω–∞–ª–∏—á–∏–µ

üìû –ó–≤–æ–Ω–∏—Ç–µ: 10.00-20.00, –µ–∂–µ–¥–Ω–µ–≤–Ω–æ

–£ –Ω–∞—Å –≤—ã —Å–º–æ–∂–µ—Ç–µ –Ω–∞–∏–±–æ–ª–µ–µ –≤—ã–≥–æ–¥–Ω–æ –∏ –¥–µ—à–µ–≤–æ –∫—É–ø–∏—Ç—å –∏–Ω—Ç–µ—Ä–µ—Å—É—é—â–∏–π –≤–∞—Å –≥–∞–¥–∂–µ—Ç –∏–ª–∏ –∞–∫—Å–µ—Å—Å—É–∞—Äüëç
–ú–∞–≥–∞–∑–∏–Ω AMOLEDüì≤";"9000";"24.jpg,0.jpg"
"–° –≥–∞—Ä–∞–Ω—Ç–∏–µ–π RFB iPhone 5 64Gb A1429 White –ú–∞–≥–∞–∑–∏–Ω";"–£–≤–∞–∂–∞–µ–º—ã–π –ø–æ–∫—É–ø–∞—Ç–µ–ª—å,
–î–æ–±—Ä–æ –ø–æ–∂–∞–ª–æ–≤–∞—Ç—å –≤ –º–∞–≥–∞–∑–∏–Ω AMOLEDüì≤

‚ö°–ê–ö–¶–ò–Ø, –∞–∫—Å–µ—Å—Å—É–∞—Ä –Ω–∞ –≤—ã–±–æ—Ä –≤ –ü–û–î–ê–†–û–ö –∑–∞ –æ—Ç–∑—ã–≤‚ùó

üíë –ú—ã –≤—Å–µ–≥–¥–∞ –∏–¥–µ–º –Ω–∞–≤—Å—Ç—Ä–µ—á—É –Ω–∞—à–∏–º –ø–æ–∫—É–ø–∞—Ç–µ–ª—è–º –∏ –¥–æ—Ä–æ–∂–∏–º —Å–≤–æ–µ–π —Ä–µ–ø—É—Ç–∞—Ü–∏–µ–π.
üëá –ì–∏–±–∫–∏–µ –≤–æ–∑–º–æ–∂–Ω–æ—Å—Ç–∏ –≤–∞—à–µ–π –ø–æ–∫—É–ø–∫–∏:
‚ö¨–û–ü–õ–ê–¢–ê –∫—Ä–µ–¥–∏—Ç–Ω–æ–π/–¥–µ–±–µ—Ç–æ–≤–æ–π –ö–ê–†–¢–û–ô
‚ö¨–¢–†–ï–ô–î-–ò–ù, –û–ë–ú–ï–ù —Å—Ç–∞—Ä–æ–≥–æ —Ç–µ–ª–µ—Ñ–æ–Ω–∞ 
‚ö¨–î–û–°–¢–ê–í–ö–ê –ü–û –†–§ —á–µ—Ä–µ–∑ –¢–ö CDEK
‚ö¨–†–ê–°–°–†–û–ß–ö–ê –±–∞–Ω–∫–∏ –û–¢–ü/–•–æ—É–º-–ö—Ä–µ–¥–∏—Ç
‚ö¨–û–ü–¢, –û–ü–õ–ê–¢–ê –ß–ï–†–ï–ó –†/–° (–¥–ª—è —é—Ä–∏–¥ –ª–∏—Ü)
üîù–û–ø—ã—Ç –ø—Ä–æ–¥–∞–∂ –≤ —Å—Ñ–µ—Ä–µ —Ü–∏—Ñ—Ä–æ–≤–æ–π —ç–ª–µ–∫—Ç—Ä–æ–Ω–∏–∫–∏ —Å 2009 –≥–æ–¥–∞.

–í –Ω–∞—à–µ–º –∞—Å—Å–æ—Ä—Ç–∏–º–µ–Ω—Ç–µ üíØ–æ—Ä–∏–≥–∏–Ω–∞–ª—å–Ω—ã–µ –∞–π—Ñ–æ–Ω—ã 4/4s/5/5c/5s/6/6s/se/7 plus –≤—Å–µ—Ö —Ü–≤–µ—Ç–æ–≤ –∏ –æ–±—ä–µ–º–æ–≤ –ø–∞–º—è—Ç–∏ –ø–æ –ª—É—á—à–µ–π —Ü–µ–Ω–µ –≤ –ö–∞–∑–∞–Ω–∏!üòä

‚û°Apple iPhone 5 64Gb White = 9000‚ÇΩ (RFB) –ì–ê–†–ê–ù–¢–ò–Ø 1 –ì–û–î –æ—Ç –°–¶ iSPARKüî• (–ö–∞–∑–∞–Ω—å/–ú–æ—Å–∫–≤–∞)

‚úî –≤—ã–¥–∞–µ–º —á–µ–∫ –∏ –≥–∞—Ä–∞–Ω—Ç–∏–π–Ω—ã–π —Ç–∞–ª–æ–Ω, –∑–∞–≤–µ—Ä–µ–Ω–Ω—ã–µ –ø–µ—á–∞—Ç—å—é
‚úî —Ü–µ–Ω–∞ –¥–µ–π—Å—Ç–≤—É–µ—Ç –ø—Ä–∏ –æ–ø–ª–∞—Ç–µ –ø–æ–ª–Ω–æ–π —Å—Ç–æ–∏–º–æ—Å—Ç–∏ —Ç–æ–≤–∞—Ä–∞ –Ω–∞–ª–∏—á–Ω—ã–º–∏
‚úî –≤ –∑–∞–≤–æ–¥—Å–∫–æ–π –ø–ª–µ–Ω–∫–µ, –±–µ–∑ —Å–ª–µ–¥–æ–≤ —ç–∫—Å–ø–ª—É–∞—Ç–∞—Ü–∏–∏, –æ—Ç–ª–∏—á–Ω—ã–π –ø–æ–¥–∞—Ä–æ–∫
‚úî –∫–æ–ª-–≤–æ —Ç–æ–≤–∞—Ä–∞ –æ–≥—Ä–∞–Ω–∏—á–µ–Ω–æ, —É—Ç–æ—á–Ω—è–π—Ç–µ –∞–∫—Ç—É–∞–ª—å–Ω–æ–µ –Ω–∞–ª–∏—á–∏–µ

üìû –ó–≤–æ–Ω–∏—Ç–µ: 10.00-20.00, –µ–∂–µ–¥–Ω–µ–≤–Ω–æ

–£ –Ω–∞—Å –≤—ã —Å–º–æ–∂–µ—Ç–µ –Ω–∞–∏–±–æ–ª–µ–µ –≤—ã–≥–æ–¥–Ω–æ –∏ –¥–µ—à–µ–≤–æ –∫—É–ø–∏—Ç—å –∏–Ω—Ç–µ—Ä–µ—Å—É—é—â–∏–π –≤–∞—Å –≥–∞–¥–∂–µ—Ç –∏–ª–∏ –∞–∫—Å–µ—Å—Å—É–∞—Äüëç
–ú–∞–≥–∞–∑–∏–Ω AMOLEDüì≤";"9000";"25.jpg,0.jpg"
"–° –≥–∞—Ä–∞–Ω—Ç–∏–µ–π RFB iPhone 5 32Gb A1442 White –ú–∞–≥–∞–∑–∏–Ω";"–£–≤–∞–∂–∞–µ–º—ã–π –ø–æ–∫—É–ø–∞—Ç–µ–ª—å,
–î–æ–±—Ä–æ –ø–æ–∂–∞–ª–æ–≤–∞—Ç—å –≤ –º–∞–≥–∞–∑–∏–Ω AMOLEDüì≤

‚ö°–ê–ö–¶–ò–Ø, –∞–∫—Å–µ—Å—Å—É–∞—Ä –Ω–∞ –≤—ã–±–æ—Ä –≤ –ü–û–î–ê–†–û–ö –∑–∞ –æ—Ç–∑—ã–≤‚ùó

üíë –ú—ã –≤—Å–µ–≥–¥–∞ –∏–¥–µ–º –Ω–∞–≤—Å—Ç—Ä–µ—á—É –Ω–∞—à–∏–º –ø–æ–∫—É–ø–∞—Ç–µ–ª—è–º –∏ –¥–æ—Ä–æ–∂–∏–º —Å–≤–æ–µ–π —Ä–µ–ø—É—Ç–∞—Ü–∏–µ–π.
üëá –ì–∏–±–∫–∏–µ –≤–æ–∑–º–æ–∂–Ω–æ—Å—Ç–∏ –≤–∞—à–µ–π –ø–æ–∫—É–ø–∫–∏:
‚ö¨–û–ü–õ–ê–¢–ê –∫—Ä–µ–¥–∏—Ç–Ω–æ–π/–¥–µ–±–µ—Ç–æ–≤–æ–π –ö–ê–†–¢–û–ô
‚ö¨–¢–†–ï–ô–î-–ò–ù, –û–ë–ú–ï–ù —Å—Ç–∞—Ä–æ–≥–æ —Ç–µ–ª–µ—Ñ–æ–Ω–∞ 
‚ö¨–î–û–°–¢–ê–í–ö–ê –ü–û –†–§ —á–µ—Ä–µ–∑ –¢–ö CDEK
‚ö¨–†–ê–°–°–†–û–ß–ö–ê –±–∞–Ω–∫–∏ –û–¢–ü/–•–æ—É–º-–ö—Ä–µ–¥–∏—Ç
‚ö¨–û–ü–¢, –û–ü–õ–ê–¢–ê –ß–ï–†–ï–ó –†/–° (–¥–ª—è —é—Ä–∏–¥ –ª–∏—Ü)
üîù–û–ø—ã—Ç –ø—Ä–æ–¥–∞–∂ –≤ —Å—Ñ–µ—Ä–µ —Ü–∏—Ñ—Ä–æ–≤–æ–π —ç–ª–µ–∫—Ç—Ä–æ–Ω–∏–∫–∏ —Å 2009 –≥–æ–¥–∞.

–í –Ω–∞—à–µ–º –∞—Å—Å–æ—Ä—Ç–∏–º–µ–Ω—Ç–µ üíØ–æ—Ä–∏–≥–∏–Ω–∞–ª—å–Ω—ã–µ –∞–π—Ñ–æ–Ω—ã 4/4s/5/5c/5s/6/6s/se/7 plus –≤—Å–µ—Ö —Ü–≤–µ—Ç–æ–≤ –∏ –æ–±—ä–µ–º–æ–≤ –ø–∞–º—è—Ç–∏ –ø–æ –ª—É—á—à–µ–π —Ü–µ–Ω–µ –≤ –ö–∞–∑–∞–Ω–∏!üòä

‚û°Apple iPhone 5 32Gb White = 8000‚ÇΩ (RFB) –ì–ê–†–ê–ù–¢–ò–Ø 1 –ì–û–î –æ—Ç –°–¶ iSPARKüî• (–ö–∞–∑–∞–Ω—å/–ú–æ—Å–∫–≤–∞)

‚úî –≤—ã–¥–∞–µ–º —á–µ–∫ –∏ –≥–∞—Ä–∞–Ω—Ç–∏–π–Ω—ã–π —Ç–∞–ª–æ–Ω, –∑–∞–≤–µ—Ä–µ–Ω–Ω—ã–µ –ø–µ—á–∞—Ç—å—é
‚úî —Ü–µ–Ω–∞ –¥–µ–π—Å—Ç–≤—É–µ—Ç –ø—Ä–∏ –æ–ø–ª–∞—Ç–µ –ø–æ–ª–Ω–æ–π —Å—Ç–æ–∏–º–æ—Å—Ç–∏ —Ç–æ–≤–∞—Ä–∞ –Ω–∞–ª–∏—á–Ω—ã–º–∏
‚úî –≤ –∑–∞–≤–æ–¥—Å–∫–æ–π –ø–ª–µ–Ω–∫–µ, –±–µ–∑ —Å–ª–µ–¥–æ–≤ —ç–∫—Å–ø–ª—É–∞—Ç–∞—Ü–∏–∏, –æ—Ç–ª–∏—á–Ω—ã–π –ø–æ–¥–∞—Ä–æ–∫
‚úî –∫–æ–ª-–≤–æ —Ç–æ–≤–∞—Ä–∞ –æ–≥—Ä–∞–Ω–∏—á–µ–Ω–æ, —É—Ç–æ—á–Ω—è–π—Ç–µ –∞–∫—Ç—É–∞–ª—å–Ω–æ–µ –Ω–∞–ª–∏—á–∏–µ

üìû –ó–≤–æ–Ω–∏—Ç–µ: 10.00-20.00, –µ–∂–µ–¥–Ω–µ–≤–Ω–æ

–£ –Ω–∞—Å –≤—ã —Å–º–æ–∂–µ—Ç–µ –Ω–∞–∏–±–æ–ª–µ–µ –≤—ã–≥–æ–¥–Ω–æ –∏ –¥–µ—à–µ–≤–æ –∫—É–ø–∏—Ç—å –∏–Ω—Ç–µ—Ä–µ—Å—É—é—â–∏–π –≤–∞—Å –≥–∞–¥–∂–µ—Ç –∏–ª–∏ –∞–∫—Å–µ—Å—Å—É–∞—Äüëç
–ú–∞–≥–∞–∑–∏–Ω AMOLEDüì≤";"8000";"26.jpg,0.jpg"
"–° –≥–∞—Ä–∞–Ω—Ç–∏–µ–π RFB iPhone 5 64Gb A1428 White –ú–∞–≥–∞–∑–∏–Ω";"–£–≤–∞–∂–∞–µ–º—ã–π –ø–æ–∫—É–ø–∞—Ç–µ–ª—å,
–î–æ–±—Ä–æ –ø–æ–∂–∞–ª–æ–≤–∞—Ç—å –≤ –º–∞–≥–∞–∑–∏–Ω AMOLEDüì≤

‚ö°–ê–ö–¶–ò–Ø, –∞–∫—Å–µ—Å—Å—É–∞—Ä –Ω–∞ –≤—ã–±–æ—Ä –≤ –ü–û–î–ê–†–û–ö –∑–∞ –æ—Ç–∑—ã–≤‚ùó

üíë –ú—ã –≤—Å–µ–≥–¥–∞ –∏–¥–µ–º –Ω–∞–≤—Å—Ç—Ä–µ—á—É –Ω–∞—à–∏–º –ø–æ–∫—É–ø–∞—Ç–µ–ª—è–º –∏ –¥–æ—Ä–æ–∂–∏–º —Å–≤–æ–µ–π —Ä–µ–ø—É—Ç–∞—Ü–∏–µ–π.
üëá –ì–∏–±–∫–∏–µ –≤–æ–∑–º–æ–∂–Ω–æ—Å—Ç–∏ –≤–∞—à–µ–π –ø–æ–∫—É–ø–∫–∏:
‚ö¨–û–ü–õ–ê–¢–ê –∫—Ä–µ–¥–∏—Ç–Ω–æ–π/–¥–µ–±–µ—Ç–æ–≤–æ–π –ö–ê–†–¢–û–ô
‚ö¨–¢–†–ï–ô–î-–ò–ù, –û–ë–ú–ï–ù —Å—Ç–∞—Ä–æ–≥–æ —Ç–µ–ª–µ—Ñ–æ–Ω–∞ 
‚ö¨–î–û–°–¢–ê–í–ö–ê –ü–û –†–§ —á–µ—Ä–µ–∑ –¢–ö CDEK
‚ö¨–†–ê–°–°–†–û–ß–ö–ê –±–∞–Ω–∫–∏ –û–¢–ü/–•–æ—É–º-–ö—Ä–µ–¥–∏—Ç
‚ö¨–û–ü–¢, –û–ü–õ–ê–¢–ê –ß–ï–†–ï–ó –†/–° (–¥–ª—è —é—Ä–∏–¥ –ª–∏—Ü)
üîù–û–ø—ã—Ç –ø—Ä–æ–¥–∞–∂ –≤ —Å—Ñ–µ—Ä–µ —Ü–∏—Ñ—Ä–æ–≤–æ–π —ç–ª–µ–∫—Ç—Ä–æ–Ω–∏–∫–∏ —Å 2009 –≥–æ–¥–∞.

–í –Ω–∞—à–µ–º –∞—Å—Å–æ—Ä—Ç–∏–º–µ–Ω—Ç–µ üíØ–æ—Ä–∏–≥–∏–Ω–∞–ª—å–Ω—ã–µ –∞–π—Ñ–æ–Ω—ã 4/4s/5/5c/5s/6/6s/se/7 plus –≤—Å–µ—Ö —Ü–≤–µ—Ç–æ–≤ –∏ –æ–±—ä–µ–º–æ–≤ –ø–∞–º—è—Ç–∏ –ø–æ –ª—É—á—à–µ–π —Ü–µ–Ω–µ –≤ –ö–∞–∑–∞–Ω–∏!üòä

‚û°Apple iPhone 5 64Gb White = 9000‚ÇΩ (RFB) –ì–ê–†–ê–ù–¢–ò–Ø 1 –ì–û–î –æ—Ç –°–¶ iSPARKüî• (–ö–∞–∑–∞–Ω—å/–ú–æ—Å–∫–≤–∞)

‚úî –≤—ã–¥–∞–µ–º —á–µ–∫ –∏ –≥–∞—Ä–∞–Ω—Ç–∏–π–Ω—ã–π —Ç–∞–ª–æ–Ω, –∑–∞–≤–µ—Ä–µ–Ω–Ω—ã–µ –ø–µ—á–∞—Ç—å—é
‚úî —Ü–µ–Ω–∞ –¥–µ–π—Å—Ç–≤—É–µ—Ç –ø—Ä–∏ –æ–ø–ª–∞—Ç–µ –ø–æ–ª–Ω–æ–π —Å—Ç–æ–∏–º–æ—Å—Ç–∏ —Ç–æ–≤–∞—Ä–∞ –Ω–∞–ª–∏—á–Ω—ã–º–∏
‚úî –≤ –∑–∞–≤–æ–¥—Å–∫–æ–π –ø–ª–µ–Ω–∫–µ, –±–µ–∑ —Å–ª–µ–¥–æ–≤ —ç–∫—Å–ø–ª—É–∞—Ç–∞—Ü–∏–∏, –æ—Ç–ª–∏—á–Ω—ã–π –ø–æ–¥–∞—Ä–æ–∫
‚úî –∫–æ–ª-–≤–æ —Ç–æ–≤–∞—Ä–∞ –æ–≥—Ä–∞–Ω–∏—á–µ–Ω–æ, —É—Ç–æ—á–Ω—è–π—Ç–µ –∞–∫—Ç—É–∞–ª—å–Ω–æ–µ –Ω–∞–ª–∏—á–∏–µ

üìû –ó–≤–æ–Ω–∏—Ç–µ: 10.00-20.00, –µ–∂–µ–¥–Ω–µ–≤–Ω–æ

–£ –Ω–∞—Å –≤—ã —Å–º–æ–∂–µ—Ç–µ –Ω–∞–∏–±–æ–ª–µ–µ –≤—ã–≥–æ–¥–Ω–æ –∏ –¥–µ—à–µ–≤–æ –∫—É–ø–∏—Ç—å –∏–Ω—Ç–µ—Ä–µ—Å—É—é—â–∏–π –≤–∞—Å –≥–∞–¥–∂–µ—Ç –∏–ª–∏ –∞–∫—Å–µ—Å—Å—É–∞—Äüëç
–ú–∞–≥–∞–∑–∏–Ω AMOLEDüì≤";"9000";"27.jpg,0.jpg"
"–° –≥–∞—Ä–∞–Ω—Ç–∏–µ–π RFB iPhone 5 16Gb A1442 White –ú–∞–≥–∞–∑–∏–Ω";"–£–≤–∞–∂–∞–µ–º—ã–π –ø–æ–∫—É–ø–∞—Ç–µ–ª—å,
–î–æ–±—Ä–æ –ø–æ–∂–∞–ª–æ–≤–∞—Ç—å –≤ –º–∞–≥–∞–∑–∏–Ω AMOLEDüì≤

‚ö°–ê–ö–¶–ò–Ø, –∞–∫—Å–µ—Å—Å—É–∞—Ä –Ω–∞ –≤—ã–±–æ—Ä –≤ –ü–û–î–ê–†–û–ö –∑–∞ –æ—Ç–∑—ã–≤‚ùó

üíë –ú—ã –≤—Å–µ–≥–¥–∞ –∏–¥–µ–º –Ω–∞–≤—Å—Ç—Ä–µ—á—É –Ω–∞—à–∏–º –ø–æ–∫—É–ø–∞—Ç–µ–ª—è–º –∏ –¥–æ—Ä–æ–∂–∏–º —Å–≤–æ–µ–π —Ä–µ–ø—É—Ç–∞—Ü–∏–µ–π.
üëá –ì–∏–±–∫–∏–µ –≤–æ–∑–º–æ–∂–Ω–æ—Å—Ç–∏ –≤–∞—à–µ–π –ø–æ–∫—É–ø–∫–∏:
‚ö¨–û–ü–õ–ê–¢–ê –∫—Ä–µ–¥–∏—Ç–Ω–æ–π/–¥–µ–±–µ—Ç–æ–≤–æ–π –ö–ê–†–¢–û–ô
‚ö¨–¢–†–ï–ô–î-–ò–ù, –û–ë–ú–ï–ù —Å—Ç–∞—Ä–æ–≥–æ —Ç–µ–ª–µ—Ñ–æ–Ω–∞ 
‚ö¨–î–û–°–¢–ê–í–ö–ê –ü–û –†–§ —á–µ—Ä–µ–∑ –¢–ö CDEK
‚ö¨–†–ê–°–°–†–û–ß–ö–ê –±–∞–Ω–∫–∏ –û–¢–ü/–•–æ—É–º-–ö—Ä–µ–¥–∏—Ç
‚ö¨–û–ü–¢, –û–ü–õ–ê–¢–ê –ß–ï–†–ï–ó –†/–° (–¥–ª—è —é—Ä–∏–¥ –ª–∏—Ü)
üîù–û–ø—ã—Ç –ø—Ä–æ–¥–∞–∂ –≤ —Å—Ñ–µ—Ä–µ —Ü–∏—Ñ—Ä–æ–≤–æ–π —ç–ª–µ–∫—Ç—Ä–æ–Ω–∏–∫–∏ —Å 2009 –≥–æ–¥–∞.

–í –Ω–∞—à–µ–º –∞—Å—Å–æ—Ä—Ç–∏–º–µ–Ω—Ç–µ üíØ–æ—Ä–∏–≥–∏–Ω–∞–ª—å–Ω—ã–µ –∞–π—Ñ–æ–Ω—ã 4/4s/5/5c/5s/6/6s/se/7 plus –≤—Å–µ—Ö —Ü–≤–µ—Ç–æ–≤ –∏ –æ–±—ä–µ–º–æ–≤ –ø–∞–º—è—Ç–∏ –ø–æ –ª—É—á—à–µ–π —Ü–µ–Ω–µ –≤ –ö–∞–∑–∞–Ω–∏!üòä

‚û°Apple iPhone 5 16Gb White = 7500‚ÇΩ (RFB) –ì–ê–†–ê–ù–¢–ò–Ø 1 –ì–û–î –æ—Ç –°–¶ iSPARKüî• (–ö–∞–∑–∞–Ω—å/–ú–æ—Å–∫–≤–∞)

‚úî –≤—ã–¥–∞–µ–º —á–µ–∫ –∏ –≥–∞—Ä–∞–Ω—Ç–∏–π–Ω—ã–π —Ç–∞–ª–æ–Ω, –∑–∞–≤–µ—Ä–µ–Ω–Ω—ã–µ –ø–µ—á–∞—Ç—å—é
‚úî —Ü–µ–Ω–∞ –¥–µ–π—Å—Ç–≤—É–µ—Ç –ø—Ä–∏ –æ–ø–ª–∞—Ç–µ –ø–æ–ª–Ω–æ–π —Å—Ç–æ–∏–º–æ—Å—Ç–∏ —Ç–æ–≤–∞—Ä–∞ –Ω–∞–ª–∏—á–Ω—ã–º–∏
‚úî –≤ –∑–∞–≤–æ–¥—Å–∫–æ–π –ø–ª–µ–Ω–∫–µ, –±–µ–∑ —Å–ª–µ–¥–æ–≤ —ç–∫—Å–ø–ª—É–∞—Ç–∞—Ü–∏–∏, –æ—Ç–ª–∏—á–Ω—ã–π –ø–æ–¥–∞—Ä–æ–∫
‚úî –∫–æ–ª-–≤–æ —Ç–æ–≤–∞—Ä–∞ –æ–≥—Ä–∞–Ω–∏—á–µ–Ω–æ, —É—Ç–æ—á–Ω—è–π—Ç–µ –∞–∫—Ç—É–∞–ª—å–Ω–æ–µ –Ω–∞–ª–∏—á–∏–µ

üìû –ó–≤–æ–Ω–∏—Ç–µ: 10.00-20.00, –µ–∂–µ–¥–Ω–µ–≤–Ω–æ

–£ –Ω–∞—Å –≤—ã —Å–º–æ–∂–µ—Ç–µ –Ω–∞–∏–±–æ–ª–µ–µ –≤—ã–≥–æ–¥–Ω–æ –∏ –¥–µ—à–µ–≤–æ –∫—É–ø–∏—Ç—å –∏–Ω—Ç–µ—Ä–µ—Å—É—é—â–∏–π –≤–∞—Å –≥–∞–¥–∂–µ—Ç –∏–ª–∏ –∞–∫—Å–µ—Å—Å—É–∞—Äüëç
–ú–∞–≥–∞–∑–∏–Ω AMOLEDüì≤";"7500";"28.jpg,0.jpg"
"–° –≥–∞—Ä–∞–Ω—Ç–∏–µ–π NEW iPhone 5 16Gb A1442 White –ú–∞–≥–∞–∑–∏–Ω";"–£–≤–∞–∂–∞–µ–º—ã–π –ø–æ–∫—É–ø–∞—Ç–µ–ª—å,
–î–æ–±—Ä–æ –ø–æ–∂–∞–ª–æ–≤–∞—Ç—å –≤ –º–∞–≥–∞–∑–∏–Ω AMOLEDüì≤

‚ö°–ê–ö–¶–ò–Ø, –∞–∫—Å–µ—Å—Å—É–∞—Ä –Ω–∞ –≤—ã–±–æ—Ä –≤ –ü–û–î–ê–†–û–ö –∑–∞ –æ—Ç–∑—ã–≤‚ùó

üíë –ú—ã –≤—Å–µ–≥–¥–∞ –∏–¥–µ–º –Ω–∞–≤—Å—Ç—Ä–µ—á—É –Ω–∞—à–∏–º –ø–æ–∫—É–ø–∞—Ç–µ–ª—è–º –∏ –¥–æ—Ä–æ–∂–∏–º —Å–≤–æ–µ–π —Ä–µ–ø—É—Ç–∞—Ü–∏–µ–π.
üëá –ì–∏–±–∫–∏–µ –≤–æ–∑–º–æ–∂–Ω–æ—Å—Ç–∏ –≤–∞—à–µ–π –ø–æ–∫—É–ø–∫–∏:
‚ö¨–û–ü–õ–ê–¢–ê –∫—Ä–µ–¥–∏—Ç–Ω–æ–π/–¥–µ–±–µ—Ç–æ–≤–æ–π –ö–ê–†–¢–û–ô
‚ö¨–¢–†–ï–ô–î-–ò–ù, –û–ë–ú–ï–ù —Å—Ç–∞—Ä–æ–≥–æ —Ç–µ–ª–µ—Ñ–æ–Ω–∞ 
‚ö¨–î–û–°–¢–ê–í–ö–ê –ü–û –†–§ —á–µ—Ä–µ–∑ –¢–ö CDEK
‚ö¨–†–ê–°–°–†–û–ß–ö–ê –±–∞–Ω–∫–∏ –û–¢–ü/–•–æ—É–º-–ö—Ä–µ–¥–∏—Ç
‚ö¨–û–ü–¢, –û–ü–õ–ê–¢–ê –ß–ï–†–ï–ó –†/–° (–¥–ª—è —é—Ä–∏–¥ –ª–∏—Ü)
üîù–û–ø—ã—Ç –ø—Ä–æ–¥–∞–∂ –≤ —Å—Ñ–µ—Ä–µ —Ü–∏—Ñ—Ä–æ–≤–æ–π —ç–ª–µ–∫—Ç—Ä–æ–Ω–∏–∫–∏ —Å 2009 –≥–æ–¥–∞.

–í –Ω–∞—à–µ–º –∞—Å—Å–æ—Ä—Ç–∏–º–µ–Ω—Ç–µ üíØ–æ—Ä–∏–≥–∏–Ω–∞–ª—å–Ω—ã–µ –∞–π—Ñ–æ–Ω—ã 4/4s/5/5c/5s/6/6s/se/7 plus –≤—Å–µ—Ö —Ü–≤–µ—Ç–æ–≤ –∏ –æ–±—ä–µ–º–æ–≤ –ø–∞–º—è—Ç–∏ –ø–æ –ª—É—á—à–µ–π —Ü–µ–Ω–µ –≤ –ö–∞–∑–∞–Ω–∏!üòä

‚û°Apple iPhone 5 16Gb White = 7490‚ÇΩ (NEW) –ì–ê–†–ê–ù–¢–ò–Ø 1 –ì–û–î 

‚úî –≤—ã–¥–∞–µ–º —á–µ–∫ –∏ –≥–∞—Ä–∞–Ω—Ç–∏–π–Ω—ã–π —Ç–∞–ª–æ–Ω, –∑–∞–≤–µ—Ä–µ–Ω–Ω—ã–µ –ø–µ—á–∞—Ç—å—é
‚úî —Ü–µ–Ω–∞ –¥–µ–π—Å—Ç–≤—É–µ—Ç –ø—Ä–∏ –æ–ø–ª–∞—Ç–µ –ø–æ–ª–Ω–æ–π —Å—Ç–æ–∏–º–æ—Å—Ç–∏ —Ç–æ–≤–∞—Ä–∞ –Ω–∞–ª–∏—á–Ω—ã–º–∏
‚úî –≤ –∑–∞–≤–æ–¥—Å–∫–æ–π –ø–ª–µ–Ω–∫–µ, –±–µ–∑ —Å–ª–µ–¥–æ–≤ —ç–∫—Å–ø–ª—É–∞—Ç–∞—Ü–∏–∏, –æ—Ç–ª–∏—á–Ω—ã–π –ø–æ–¥–∞—Ä–æ–∫
‚úî –∫–æ–ª-–≤–æ —Ç–æ–≤–∞—Ä–∞ –æ–≥—Ä–∞–Ω–∏—á–µ–Ω–æ, —É—Ç–æ—á–Ω—è–π—Ç–µ –∞–∫—Ç—É–∞–ª—å–Ω–æ–µ –Ω–∞–ª–∏—á–∏–µ

üìû –ó–≤–æ–Ω–∏—Ç–µ: 10.00-20.00, –µ–∂–µ–¥–Ω–µ–≤–Ω–æ

–£ –Ω–∞—Å –≤—ã —Å–º–æ–∂–µ—Ç–µ –Ω–∞–∏–±–æ–ª–µ–µ –≤—ã–≥–æ–¥–Ω–æ –∏ –¥–µ—à–µ–≤–æ –∫—É–ø–∏—Ç—å –∏–Ω—Ç–µ—Ä–µ—Å—É—é—â–∏–π –≤–∞—Å –≥–∞–¥–∂–µ—Ç –∏–ª–∏ –∞–∫—Å–µ—Å—Å—É–∞—Äüëç
–ú–∞–≥–∞–∑–∏–Ω AMOLEDüì≤";"7490";"29.jpg,0.jpg"
"–° –≥–∞—Ä–∞–Ω—Ç–∏–µ–π RFB iPhone 5 32Gb A1429 Black –ú–∞–≥–∞–∑–∏–Ω";"–£–≤–∞–∂–∞–µ–º—ã–π –ø–æ–∫—É–ø–∞—Ç–µ–ª—å,
–î–æ–±—Ä–æ –ø–æ–∂–∞–ª–æ–≤–∞—Ç—å –≤ –º–∞–≥–∞–∑–∏–Ω AMOLEDüì≤

‚ö°–ê–ö–¶–ò–Ø, –∞–∫—Å–µ—Å—Å—É–∞—Ä –Ω–∞ –≤—ã–±–æ—Ä –≤ –ü–û–î–ê–†–û–ö –∑–∞ –æ—Ç–∑—ã–≤‚ùó

üíë –ú—ã –≤—Å–µ–≥–¥–∞ –∏–¥–µ–º –Ω–∞–≤—Å—Ç—Ä–µ—á—É –Ω–∞—à–∏–º –ø–æ–∫—É–ø–∞—Ç–µ–ª—è–º –∏ –¥–æ—Ä–æ–∂–∏–º —Å–≤–æ–µ–π —Ä–µ–ø—É—Ç–∞—Ü–∏–µ–π.
üëá –ì–∏–±–∫–∏–µ –≤–æ–∑–º–æ–∂–Ω–æ—Å—Ç–∏ –≤–∞—à–µ–π –ø–æ–∫—É–ø–∫–∏:
‚ö¨–û–ü–õ–ê–¢–ê –∫—Ä–µ–¥–∏—Ç–Ω–æ–π/–¥–µ–±–µ—Ç–æ–≤–æ–π –ö–ê–†–¢–û–ô
‚ö¨–¢–†–ï–ô–î-–ò–ù, –û–ë–ú–ï–ù —Å—Ç–∞—Ä–æ–≥–æ —Ç–µ–ª–µ—Ñ–æ–Ω–∞ 
‚ö¨–î–û–°–¢–ê–í–ö–ê –ü–û –†–§ —á–µ—Ä–µ–∑ –¢–ö CDEK
‚ö¨–†–ê–°–°–†–û–ß–ö–ê –±–∞–Ω–∫–∏ –û–¢–ü/–•–æ—É–º-–ö—Ä–µ–¥–∏—Ç
‚ö¨–û–ü–¢, –û–ü–õ–ê–¢–ê –ß–ï–†–ï–ó –†/–° (–¥–ª—è —é—Ä–∏–¥ –ª–∏—Ü)
üîù–û–ø—ã—Ç –ø—Ä–æ–¥–∞–∂ –≤ —Å—Ñ–µ—Ä–µ —Ü–∏—Ñ—Ä–æ–≤–æ–π —ç–ª–µ–∫—Ç—Ä–æ–Ω–∏–∫–∏ —Å 2009 –≥–æ–¥–∞.

–í –Ω–∞—à–µ–º –∞—Å—Å–æ—Ä—Ç–∏–º–µ–Ω—Ç–µ üíØ–æ—Ä–∏–≥–∏–Ω–∞–ª—å–Ω—ã–µ –∞–π—Ñ–æ–Ω—ã 4/4s/5/5c/5s/6/6s/se/7 plus –≤—Å–µ—Ö —Ü–≤–µ—Ç–æ–≤ –∏ –æ–±—ä–µ–º–æ–≤ –ø–∞–º—è—Ç–∏ –ø–æ –ª—É—á—à–µ–π —Ü–µ–Ω–µ –≤ –ö–∞–∑–∞–Ω–∏!üòä

‚û°Apple iPhone 5 32Gb Black = 8000‚ÇΩ (RFB) –ì–ê–†–ê–ù–¢–ò–Ø 1 –ì–û–î –æ—Ç –°–¶ iSPARKüî• (–ö–∞–∑–∞–Ω—å/–ú–æ—Å–∫–≤–∞)

‚úî –≤—ã–¥–∞–µ–º —á–µ–∫ –∏ –≥–∞—Ä–∞–Ω—Ç–∏–π–Ω—ã–π —Ç–∞–ª–æ–Ω, –∑–∞–≤–µ—Ä–µ–Ω–Ω—ã–µ –ø–µ—á–∞—Ç—å—é
‚úî —Ü–µ–Ω–∞ –¥–µ–π—Å—Ç–≤—É–µ—Ç –ø—Ä–∏ –æ–ø–ª–∞—Ç–µ –ø–æ–ª–Ω–æ–π —Å—Ç–æ–∏–º–æ—Å—Ç–∏ —Ç–æ–≤–∞—Ä–∞ –Ω–∞–ª–∏—á–Ω—ã–º–∏
‚úî –≤ –∑–∞–≤–æ–¥—Å–∫–æ–π –ø–ª–µ–Ω–∫–µ, –±–µ–∑ —Å–ª–µ–¥–æ–≤ —ç–∫—Å–ø–ª—É–∞—Ç–∞—Ü–∏–∏, –æ—Ç–ª–∏—á–Ω—ã–π –ø–æ–¥–∞—Ä–æ–∫
‚úî –∫–æ–ª-–≤–æ —Ç–æ–≤–∞—Ä–∞ –æ–≥—Ä–∞–Ω–∏—á–µ–Ω–æ, —É—Ç–æ—á–Ω—è–π—Ç–µ –∞–∫—Ç—É–∞–ª—å–Ω–æ–µ –Ω–∞–ª–∏—á–∏–µ

üìû –ó–≤–æ–Ω–∏—Ç–µ: 10.00-20.00, –µ–∂–µ–¥–Ω–µ–≤–Ω–æ

–£ –Ω–∞—Å –≤—ã —Å–º–æ–∂–µ—Ç–µ –Ω–∞–∏–±–æ–ª–µ–µ –≤—ã–≥–æ–¥–Ω–æ –∏ –¥–µ—à–µ–≤–æ –∫—É–ø–∏—Ç—å –∏–Ω—Ç–µ—Ä–µ—Å—É—é—â–∏–π –≤–∞—Å –≥–∞–¥–∂–µ—Ç –∏–ª–∏ –∞–∫—Å–µ—Å—Å—É–∞—Äüëç
–ú–∞–≥–∞–∑–∏–Ω AMOLEDüì≤";"8000";"30.jpg,0.jpg"
"–° –≥–∞—Ä–∞–Ω—Ç–∏–µ–π RFB iPhone 5 32Gb A1429 White –ú–∞–≥–∞–∑–∏–Ω";"–£–≤–∞–∂–∞–µ–º—ã–π –ø–æ–∫—É–ø–∞—Ç–µ–ª—å,
–î–æ–±—Ä–æ –ø–æ–∂–∞–ª–æ–≤–∞—Ç—å –≤ –º–∞–≥–∞–∑–∏–Ω AMOLEDüì≤

‚ö°–ê–ö–¶–ò–Ø, –∞–∫—Å–µ—Å—Å—É–∞—Ä –Ω–∞ –≤—ã–±–æ—Ä –≤ –ü–û–î–ê–†–û–ö –∑–∞ –æ—Ç–∑—ã–≤‚ùó

üíë –ú—ã –≤—Å–µ–≥–¥–∞ –∏–¥–µ–º –Ω–∞–≤—Å—Ç—Ä–µ—á—É –Ω–∞—à–∏–º –ø–æ–∫—É–ø–∞—Ç–µ–ª—è–º –∏ –¥–æ—Ä–æ–∂–∏–º —Å–≤–æ–µ–π —Ä–µ–ø—É—Ç–∞—Ü–∏–µ–π.
üëá –ì–∏–±–∫–∏–µ –≤–æ–∑–º–æ–∂–Ω–æ—Å—Ç–∏ –≤–∞—à–µ–π –ø–æ–∫—É–ø–∫–∏:
‚ö¨–û–ü–õ–ê–¢–ê –∫—Ä–µ–¥–∏—Ç–Ω–æ–π/–¥–µ–±–µ—Ç–æ–≤–æ–π –ö–ê–†–¢–û–ô
‚ö¨–¢–†–ï–ô–î-–ò–ù, –û–ë–ú–ï–ù —Å—Ç–∞—Ä–æ–≥–æ —Ç–µ–ª–µ—Ñ–æ–Ω–∞ 
‚ö¨–î–û–°–¢–ê–í–ö–ê –ü–û –†–§ —á–µ—Ä–µ–∑ –¢–ö CDEK
‚ö¨–†–ê–°–°–†–û–ß–ö–ê –±–∞–Ω–∫–∏ –û–¢–ü/–•–æ—É–º-–ö—Ä–µ–¥–∏—Ç
‚ö¨–û–ü–¢, –û–ü–õ–ê–¢–ê –ß–ï–†–ï–ó –†/–° (–¥–ª—è —é—Ä–∏–¥ –ª–∏—Ü)
üîù–û–ø—ã—Ç –ø—Ä–æ–¥–∞–∂ –≤ —Å—Ñ–µ—Ä–µ —Ü–∏—Ñ—Ä–æ–≤–æ–π —ç–ª–µ–∫—Ç—Ä–æ–Ω–∏–∫–∏ —Å 2009 –≥–æ–¥–∞.

–í –Ω–∞—à–µ–º –∞—Å—Å–æ—Ä—Ç–∏–º–µ–Ω—Ç–µ üíØ–æ—Ä–∏–≥–∏–Ω–∞–ª—å–Ω—ã–µ –∞–π—Ñ–æ–Ω—ã 4/4s/5/5c/5s/6/6s/se/7 plus –≤—Å–µ—Ö —Ü–≤–µ—Ç–æ–≤ –∏ –æ–±—ä–µ–º–æ–≤ –ø–∞–º—è—Ç–∏ –ø–æ –ª—É—á—à–µ–π —Ü–µ–Ω–µ –≤ –ö–∞–∑–∞–Ω–∏!üòä

‚û°Apple iPhone 5 32Gb White = 8000‚ÇΩ (RFB) –ì–ê–†–ê–ù–¢–ò–Ø 1 –ì–û–î –æ—Ç –°–¶ iSPARKüî• (–ö–∞–∑–∞–Ω—å/–ú–æ—Å–∫–≤–∞)

‚úî –≤—ã–¥–∞–µ–º —á–µ–∫ –∏ –≥–∞—Ä–∞–Ω—Ç–∏–π–Ω—ã–π —Ç–∞–ª–æ–Ω, –∑–∞–≤–µ—Ä–µ–Ω–Ω—ã–µ –ø–µ—á–∞—Ç—å—é
‚úî —Ü–µ–Ω–∞ –¥–µ–π—Å—Ç–≤—É–µ—Ç –ø—Ä–∏ –æ–ø–ª–∞—Ç–µ –ø–æ–ª–Ω–æ–π —Å—Ç–æ–∏–º–æ—Å—Ç–∏ —Ç–æ–≤–∞—Ä–∞ –Ω–∞–ª–∏—á–Ω—ã–º–∏
‚úî –≤ –∑–∞–≤–æ–¥—Å–∫–æ–π –ø–ª–µ–Ω–∫–µ, –±–µ–∑ —Å–ª–µ–¥–æ–≤ —ç–∫—Å–ø–ª—É–∞—Ç–∞—Ü–∏–∏, –æ—Ç–ª–∏—á–Ω—ã–π –ø–æ–¥–∞—Ä–æ–∫
‚úî –∫–æ–ª-–≤–æ —Ç–æ–≤–∞—Ä–∞ –æ–≥—Ä–∞–Ω–∏—á–µ–Ω–æ, —É—Ç–æ—á–Ω—è–π—Ç–µ –∞–∫—Ç—É–∞–ª—å–Ω–æ–µ –Ω–∞–ª–∏—á–∏–µ

üìû –ó–≤–æ–Ω–∏—Ç–µ: 10.00-20.00, –µ–∂–µ–¥–Ω–µ–≤–Ω–æ

–£ –Ω–∞—Å –≤—ã —Å–º–æ–∂–µ—Ç–µ –Ω–∞–∏–±–æ–ª–µ–µ –≤—ã–≥–æ–¥–Ω–æ –∏ –¥–µ—à–µ–≤–æ –∫—É–ø–∏—Ç—å –∏–Ω—Ç–µ—Ä–µ—Å—É—é—â–∏–π –≤–∞—Å –≥–∞–¥–∂–µ—Ç –∏–ª–∏ –∞–∫—Å–µ—Å—Å—É–∞—Äüëç
–ú–∞–≥–∞–∑–∏–Ω AMOLEDüì≤";"8000";"31.jpg,0.jpg"
"–° –≥–∞—Ä–∞–Ω—Ç–∏–µ–π NEW iPhone 5 64Gb A1442 White –ú–∞–≥–∞–∑–∏–Ω";"–£–≤–∞–∂–∞–µ–º—ã–π –ø–æ–∫—É–ø–∞—Ç–µ–ª—å,
–î–æ–±—Ä–æ –ø–æ–∂–∞–ª–æ–≤–∞—Ç—å –≤ –º–∞–≥–∞–∑–∏–Ω AMOLEDüì≤

‚ö°–ê–ö–¶–ò–Ø, –∞–∫—Å–µ—Å—Å—É–∞—Ä –Ω–∞ –≤—ã–±–æ—Ä –≤ –ü–û–î–ê–†–û–ö –∑–∞ –æ—Ç–∑—ã–≤‚ùó

üíë –ú—ã –≤—Å–µ–≥–¥–∞ –∏–¥–µ–º –Ω–∞–≤—Å—Ç—Ä–µ—á—É –Ω–∞—à–∏–º –ø–æ–∫—É–ø–∞—Ç–µ–ª—è–º –∏ –¥–æ—Ä–æ–∂–∏–º —Å–≤–æ–µ–π —Ä–µ–ø—É—Ç–∞—Ü–∏–µ–π.
üëá –ì–∏–±–∫–∏–µ –≤–æ–∑–º–æ–∂–Ω–æ—Å—Ç–∏ –≤–∞—à–µ–π –ø–æ–∫—É–ø–∫–∏:
‚ö¨–û–ü–õ–ê–¢–ê –∫—Ä–µ–¥–∏—Ç–Ω–æ–π/–¥–µ–±–µ—Ç–æ–≤–æ–π –ö–ê–†–¢–û–ô
‚ö¨–¢–†–ï–ô–î-–ò–ù, –û–ë–ú–ï–ù —Å—Ç–∞—Ä–æ–≥–æ —Ç–µ–ª–µ—Ñ–æ–Ω–∞ 
‚ö¨–î–û–°–¢–ê–í–ö–ê –ü–û –†–§ —á–µ—Ä–µ–∑ –¢–ö CDEK
‚ö¨–†–ê–°–°–†–û–ß–ö–ê –±–∞–Ω–∫–∏ –û–¢–ü/–•–æ—É–º-–ö—Ä–µ–¥–∏—Ç
‚ö¨–û–ü–¢, –û–ü–õ–ê–¢–ê –ß–ï–†–ï–ó –†/–° (–¥–ª—è —é—Ä–∏–¥ –ª–∏—Ü)
üîù–û–ø—ã—Ç –ø—Ä–æ–¥–∞–∂ –≤ —Å—Ñ–µ—Ä–µ —Ü–∏—Ñ—Ä–æ–≤–æ–π —ç–ª–µ–∫—Ç—Ä–æ–Ω–∏–∫–∏ —Å 2009 –≥–æ–¥–∞.

–í –Ω–∞—à–µ–º –∞—Å—Å–æ—Ä—Ç–∏–º–µ–Ω—Ç–µ üíØ–æ—Ä–∏–≥–∏–Ω–∞–ª—å–Ω—ã–µ –∞–π—Ñ–æ–Ω—ã 4/4s/5/5c/5s/6/6s/se/7 plus –≤—Å–µ—Ö —Ü–≤–µ—Ç–æ–≤ –∏ –æ–±—ä–µ–º–æ–≤ –ø–∞–º—è—Ç–∏ –ø–æ –ª—É—á—à–µ–π —Ü–µ–Ω–µ –≤ –ö–∞–∑–∞–Ω–∏!üòä

‚û°Apple iPhone 5 64Gb White = 8990‚ÇΩ (NEW) –ì–ê–†–ê–ù–¢–ò–Ø 1 –ì–û–î 

‚úî –≤—ã–¥–∞–µ–º —á–µ–∫ –∏ –≥–∞—Ä–∞–Ω—Ç–∏–π–Ω—ã–π —Ç–∞–ª–æ–Ω, –∑–∞–≤–µ—Ä–µ–Ω–Ω—ã–µ –ø–µ—á–∞—Ç—å—é
‚úî —Ü–µ–Ω–∞ –¥–µ–π—Å—Ç–≤—É–µ—Ç –ø—Ä–∏ –æ–ø–ª–∞—Ç–µ –ø–æ–ª–Ω–æ–π —Å—Ç–æ–∏–º–æ—Å—Ç–∏ —Ç–æ–≤–∞—Ä–∞ –Ω–∞–ª–∏—á–Ω—ã–º–∏
‚úî –≤ –∑–∞–≤–æ–¥—Å–∫–æ–π –ø–ª–µ–Ω–∫–µ, –±–µ–∑ —Å–ª–µ–¥–æ–≤ —ç–∫—Å–ø–ª—É–∞—Ç–∞—Ü–∏–∏, –æ—Ç–ª–∏—á–Ω—ã–π –ø–æ–¥–∞—Ä–æ–∫
‚úî –∫–æ–ª-–≤–æ —Ç–æ–≤–∞—Ä–∞ –æ–≥—Ä–∞–Ω–∏—á–µ–Ω–æ, —É—Ç–æ—á–Ω—è–π—Ç–µ –∞–∫—Ç—É–∞–ª—å–Ω–æ–µ –Ω–∞–ª–∏—á–∏–µ

üìû –ó–≤–æ–Ω–∏—Ç–µ: 10.00-20.00, –µ–∂–µ–¥–Ω–µ–≤–Ω–æ

–£ –Ω–∞—Å –≤—ã —Å–º–æ–∂–µ—Ç–µ –Ω–∞–∏–±–æ–ª–µ–µ –≤—ã–≥–æ–¥–Ω–æ –∏ –¥–µ—à–µ–≤–æ –∫—É–ø–∏—Ç—å –∏–Ω—Ç–µ—Ä–µ—Å—É—é—â–∏–π –≤–∞—Å –≥–∞–¥–∂–µ—Ç –∏–ª–∏ –∞–∫—Å–µ—Å—Å—É–∞—Äüëç
–ú–∞–≥–∞–∑–∏–Ω AMOLEDüì≤";"8990";"32.jpg,0.jpg"
"–° –≥–∞—Ä–∞–Ω—Ç–∏–µ–π NEW iPhone 5 32Gb A1428 Black –ú–∞–≥–∞–∑–∏–Ω";"–£–≤–∞–∂–∞–µ–º—ã–π –ø–æ–∫—É–ø–∞—Ç–µ–ª—å,
–î–æ–±—Ä–æ –ø–æ–∂–∞–ª–æ–≤–∞—Ç—å –≤ –º–∞–≥–∞–∑–∏–Ω AMOLEDüì≤

‚ö°–ê–ö–¶–ò–Ø, –∞–∫—Å–µ—Å—Å—É–∞—Ä –Ω–∞ –≤—ã–±–æ—Ä –≤ –ü–û–î–ê–†–û–ö –∑–∞ –æ—Ç–∑—ã–≤‚ùó

üíë –ú—ã –≤—Å–µ–≥–¥–∞ –∏–¥–µ–º –Ω–∞–≤—Å—Ç—Ä–µ—á—É –Ω–∞—à–∏–º –ø–æ–∫—É–ø–∞—Ç–µ–ª—è–º –∏ –¥–æ—Ä–æ–∂–∏–º —Å–≤–æ–µ–π —Ä–µ–ø—É—Ç–∞—Ü–∏–µ–π.
üëá –ì–∏–±–∫–∏–µ –≤–æ–∑–º–æ–∂–Ω–æ—Å—Ç–∏ –≤–∞—à–µ–π –ø–æ–∫—É–ø–∫–∏:
‚ö¨–û–ü–õ–ê–¢–ê –∫—Ä–µ–¥–∏—Ç–Ω–æ–π/–¥–µ–±–µ—Ç–æ–≤–æ–π –ö–ê–†–¢–û–ô
‚ö¨–¢–†–ï–ô–î-–ò–ù, –û–ë–ú–ï–ù —Å—Ç–∞—Ä–æ–≥–æ —Ç–µ–ª–µ—Ñ–æ–Ω–∞ 
‚ö¨–î–û–°–¢–ê–í–ö–ê –ü–û –†–§ —á–µ—Ä–µ–∑ –¢–ö CDEK
‚ö¨–†–ê–°–°–†–û–ß–ö–ê –±–∞–Ω–∫–∏ –û–¢–ü/–•–æ—É–º-–ö—Ä–µ–¥–∏—Ç
‚ö¨–û–ü–¢, –û–ü–õ–ê–¢–ê –ß–ï–†–ï–ó –†/–° (–¥–ª—è —é—Ä–∏–¥ –ª–∏—Ü)
üîù–û–ø—ã—Ç –ø—Ä–æ–¥–∞–∂ –≤ —Å—Ñ–µ—Ä–µ —Ü–∏—Ñ—Ä–æ–≤–æ–π —ç–ª–µ–∫—Ç—Ä–æ–Ω–∏–∫–∏ —Å 2009 –≥–æ–¥–∞.

–í –Ω–∞—à–µ–º –∞—Å—Å–æ—Ä—Ç–∏–º–µ–Ω—Ç–µ üíØ–æ—Ä–∏–≥–∏–Ω–∞–ª—å–Ω—ã–µ –∞–π—Ñ–æ–Ω—ã 4/4s/5/5c/5s/6/6s/se/7 plus –≤—Å–µ—Ö —Ü–≤–µ—Ç–æ–≤ –∏ –æ–±—ä–µ–º–æ–≤ –ø–∞–º—è—Ç–∏ –ø–æ –ª—É—á—à–µ–π —Ü–µ–Ω–µ –≤ –ö–∞–∑–∞–Ω–∏!üòä

‚û°Apple iPhone 5 32Gb Black = 7990‚ÇΩ (NEW) –ì–ê–†–ê–ù–¢–ò–Ø 1 –ì–û–î 

‚úî –≤—ã–¥–∞–µ–º —á–µ–∫ –∏ –≥–∞—Ä–∞–Ω—Ç–∏–π–Ω—ã–π —Ç–∞–ª–æ–Ω, –∑–∞–≤–µ—Ä–µ–Ω–Ω—ã–µ –ø–µ—á–∞—Ç—å—é
‚úî —Ü–µ–Ω–∞ –¥–µ–π—Å—Ç–≤—É–µ—Ç –ø—Ä–∏ –æ–ø–ª–∞—Ç–µ –ø–æ–ª–Ω–æ–π —Å—Ç–æ–∏–º–æ—Å—Ç–∏ —Ç–æ–≤–∞—Ä–∞ –Ω–∞–ª–∏—á–Ω—ã–º–∏
‚úî –≤ –∑–∞–≤–æ–¥—Å–∫–æ–π –ø–ª–µ–Ω–∫–µ, –±–µ–∑ —Å–ª–µ–¥–æ–≤ —ç–∫—Å–ø–ª—É–∞—Ç–∞—Ü–∏–∏, –æ—Ç–ª–∏—á–Ω—ã–π –ø–æ–¥–∞—Ä–æ–∫
‚úî –∫–æ–ª-–≤–æ —Ç–æ–≤–∞—Ä–∞ –æ–≥—Ä–∞–Ω–∏—á–µ–Ω–æ, —É—Ç–æ—á–Ω—è–π—Ç–µ –∞–∫—Ç—É–∞–ª—å–Ω–æ–µ –Ω–∞–ª–∏—á–∏–µ

üìû –ó–≤–æ–Ω–∏—Ç–µ: 10.00-20.00, –µ–∂–µ–¥–Ω–µ–≤–Ω–æ

–£ –Ω–∞—Å –≤—ã —Å–º–æ–∂–µ—Ç–µ –Ω–∞–∏–±–æ–ª–µ–µ –≤—ã–≥–æ–¥–Ω–æ –∏ –¥–µ—à–µ–≤–æ –∫—É–ø–∏—Ç—å –∏–Ω—Ç–µ—Ä–µ—Å—É—é—â–∏–π –≤–∞—Å –≥–∞–¥–∂–µ—Ç –∏–ª–∏ –∞–∫—Å–µ—Å—Å—É–∞—Äüëç
–ú–∞–≥–∞–∑–∏–Ω AMOLEDüì≤";"7990";"33.jpg,0.jpg"
"–° –≥–∞—Ä–∞–Ω—Ç–∏–µ–π RFB iPhone 5 16Gb A1428 White –ú–∞–≥–∞–∑–∏–Ω";"–£–≤–∞–∂–∞–µ–º—ã–π –ø–æ–∫—É–ø–∞—Ç–µ–ª—å,
–î–æ–±—Ä–æ –ø–æ–∂–∞–ª–æ–≤–∞—Ç—å –≤ –º–∞–≥–∞–∑–∏–Ω AMOLEDüì≤

‚ö°–ê–ö–¶–ò–Ø, –∞–∫—Å–µ—Å—Å—É–∞—Ä –Ω–∞ –≤—ã–±–æ—Ä –≤ –ü–û–î–ê–†–û–ö –∑–∞ –æ—Ç–∑—ã–≤‚ùó

üíë –ú—ã –≤—Å–µ–≥–¥–∞ –∏–¥–µ–º –Ω–∞–≤—Å—Ç—Ä–µ—á—É –Ω–∞—à–∏–º –ø–æ–∫—É–ø–∞—Ç–µ–ª—è–º –∏ –¥–æ—Ä–æ–∂–∏–º —Å–≤–æ–µ–π —Ä–µ–ø—É—Ç–∞—Ü–∏–µ–π.
üëá –ì–∏–±–∫–∏–µ –≤–æ–∑–º–æ–∂–Ω–æ—Å—Ç–∏ –≤–∞—à–µ–π –ø–æ–∫—É–ø–∫–∏:
‚ö¨–û–ü–õ–ê–¢–ê –∫—Ä–µ–¥–∏—Ç–Ω–æ–π/–¥–µ–±–µ—Ç–æ–≤–æ–π –ö–ê–†–¢–û–ô
‚ö¨–¢–†–ï–ô–î-–ò–ù, –û–ë–ú–ï–ù —Å—Ç–∞—Ä–æ–≥–æ —Ç–µ–ª–µ—Ñ–æ–Ω–∞ 
‚ö¨–î–û–°–¢–ê–í–ö–ê –ü–û –†–§ —á–µ—Ä–µ–∑ –¢–ö CDEK
‚ö¨–†–ê–°–°–†–û–ß–ö–ê –±–∞–Ω–∫–∏ –û–¢–ü/–•–æ—É–º-–ö—Ä–µ–¥–∏—Ç
‚ö¨–û–ü–¢, –û–ü–õ–ê–¢–ê –ß–ï–†–ï–ó –†/–° (–¥–ª—è —é—Ä–∏–¥ –ª–∏—Ü)
üîù–û–ø—ã—Ç –ø—Ä–æ–¥–∞–∂ –≤ —Å—Ñ–µ—Ä–µ —Ü–∏—Ñ—Ä–æ–≤–æ–π —ç–ª–µ–∫—Ç—Ä–æ–Ω–∏–∫–∏ —Å 2009 –≥–æ–¥–∞.

–í –Ω–∞—à–µ–º –∞—Å—Å–æ—Ä—Ç–∏–º–µ–Ω—Ç–µ üíØ–æ—Ä–∏–≥–∏–Ω–∞–ª—å–Ω—ã–µ –∞–π—Ñ–æ–Ω—ã 4/4s/5/5c/5s/6/6s/se/7 plus –≤—Å–µ—Ö —Ü–≤–µ—Ç–æ–≤ –∏ –æ–±—ä–µ–º–æ–≤ –ø–∞–º—è—Ç–∏ –ø–æ –ª—É—á—à–µ–π —Ü–µ–Ω–µ –≤ –ö–∞–∑–∞–Ω–∏!üòä

‚û°Apple iPhone 5 16Gb White = 7500‚ÇΩ (RFB) –ì–ê–†–ê–ù–¢–ò–Ø 1 –ì–û–î –æ—Ç –°–¶ iSPARKüî• (–ö–∞–∑–∞–Ω—å/–ú–æ—Å–∫–≤–∞)

‚úî –≤—ã–¥–∞–µ–º —á–µ–∫ –∏ –≥–∞—Ä–∞–Ω—Ç–∏–π–Ω—ã–π —Ç–∞–ª–æ–Ω, –∑–∞–≤–µ—Ä–µ–Ω–Ω—ã–µ –ø–µ—á–∞—Ç—å—é
‚úî —Ü–µ–Ω–∞ –¥–µ–π—Å—Ç–≤—É–µ—Ç –ø—Ä–∏ –æ–ø–ª–∞—Ç–µ –ø–æ–ª–Ω–æ–π —Å—Ç–æ–∏–º–æ—Å—Ç–∏ —Ç–æ–≤–∞—Ä–∞ –Ω–∞–ª–∏—á–Ω—ã–º–∏
‚úî –≤ –∑–∞–≤–æ–¥—Å–∫–æ–π –ø–ª–µ–Ω–∫–µ, –±–µ–∑ —Å–ª–µ–¥–æ–≤ —ç–∫—Å–ø–ª—É–∞—Ç–∞—Ü–∏–∏, –æ—Ç–ª–∏—á–Ω—ã–π –ø–æ–¥–∞—Ä–æ–∫
‚úî –∫–æ–ª-–≤–æ —Ç–æ–≤–∞—Ä–∞ –æ–≥—Ä–∞–Ω–∏—á–µ–Ω–æ, —É—Ç–æ—á–Ω—è–π—Ç–µ –∞–∫—Ç—É–∞–ª—å–Ω–æ–µ –Ω–∞–ª–∏—á–∏–µ

üìû –ó–≤–æ–Ω–∏—Ç–µ: 10.00-20.00, –µ–∂–µ–¥–Ω–µ–≤–Ω–æ

–£ –Ω–∞—Å –≤—ã —Å–º–æ–∂–µ—Ç–µ –Ω–∞–∏–±–æ–ª–µ–µ –≤—ã–≥–æ–¥–Ω–æ –∏ –¥–µ—à–µ–≤–æ –∫—É–ø–∏—Ç—å –∏–Ω—Ç–µ—Ä–µ—Å—É—é—â–∏–π –≤–∞—Å –≥–∞–¥–∂–µ—Ç –∏–ª–∏ –∞–∫—Å–µ—Å—Å—É–∞—Äüëç
–ú–∞–≥–∞–∑–∏–Ω AMOLEDüì≤";"7500";"34.jpg,0.jpg"
"–° –≥–∞—Ä–∞–Ω—Ç–∏–µ–π NEW iPhone 5 64Gb A1428 White –ú–∞–≥–∞–∑–∏–Ω";"–£–≤–∞–∂–∞–µ–º—ã–π –ø–æ–∫—É–ø–∞—Ç–µ–ª—å,
–î–æ–±—Ä–æ –ø–æ–∂–∞–ª–æ–≤–∞—Ç—å –≤ –º–∞–≥–∞–∑–∏–Ω AMOLEDüì≤

‚ö°–ê–ö–¶–ò–Ø, –∞–∫—Å–µ—Å—Å—É–∞—Ä –Ω–∞ –≤—ã–±–æ—Ä –≤ –ü–û–î–ê–†–û–ö –∑–∞ –æ—Ç–∑—ã–≤‚ùó

üíë –ú—ã –≤—Å–µ–≥–¥–∞ –∏–¥–µ–º –Ω–∞–≤—Å—Ç—Ä–µ—á—É –Ω–∞—à–∏–º –ø–æ–∫—É–ø–∞—Ç–µ–ª—è–º –∏ –¥–æ—Ä–æ–∂–∏–º —Å–≤–æ–µ–π —Ä–µ–ø—É—Ç–∞—Ü–∏–µ–π.
üëá –ì–∏–±–∫–∏–µ –≤–æ–∑–º–æ–∂–Ω–æ—Å—Ç–∏ –≤–∞—à–µ–π –ø–æ–∫—É–ø–∫–∏:
‚ö¨–û–ü–õ–ê–¢–ê –∫—Ä–µ–¥–∏—Ç–Ω–æ–π/–¥–µ–±–µ—Ç–æ–≤–æ–π –ö–ê–†–¢–û–ô
‚ö¨–¢–†–ï–ô–î-–ò–ù, –û–ë–ú–ï–ù —Å—Ç–∞—Ä–æ–≥–æ —Ç–µ–ª–µ—Ñ–æ–Ω–∞ 
‚ö¨–î–û–°–¢–ê–í–ö–ê –ü–û –†–§ —á–µ—Ä–µ–∑ –¢–ö CDEK
‚ö¨–†–ê–°–°–†–û–ß–ö–ê –±–∞–Ω–∫–∏ –û–¢–ü/–•–æ—É–º-–ö—Ä–µ–¥–∏—Ç
‚ö¨–û–ü–¢, –û–ü–õ–ê–¢–ê –ß–ï–†–ï–ó –†/–° (–¥–ª—è —é—Ä–∏–¥ –ª–∏—Ü)
üîù–û–ø—ã—Ç –ø—Ä–æ–¥–∞–∂ –≤ —Å—Ñ–µ—Ä–µ —Ü–∏—Ñ—Ä–æ–≤–æ–π —ç–ª–µ–∫—Ç—Ä–æ–Ω–∏–∫–∏ —Å 2009 –≥–æ–¥–∞.

–í –Ω–∞—à–µ–º –∞—Å—Å–æ—Ä—Ç–∏–º–µ–Ω—Ç–µ üíØ–æ—Ä–∏–≥–∏–Ω–∞–ª—å–Ω—ã–µ –∞–π—Ñ–æ–Ω—ã 4/4s/5/5c/5s/6/6s/se/7 plus –≤—Å–µ—Ö —Ü–≤–µ—Ç–æ–≤ –∏ –æ–±—ä–µ–º–æ–≤ –ø–∞–º—è—Ç–∏ –ø–æ –ª—É—á—à–µ–π —Ü–µ–Ω–µ –≤ –ö–∞–∑–∞–Ω–∏!üòä

‚û°Apple iPhone 5 64Gb White = 8990‚ÇΩ (NEW) –ì–ê–†–ê–ù–¢–ò–Ø 1 –ì–û–î 

‚úî –≤—ã–¥–∞–µ–º —á–µ–∫ –∏ –≥–∞—Ä–∞–Ω—Ç–∏–π–Ω—ã–π —Ç–∞–ª–æ–Ω, –∑–∞–≤–µ—Ä–µ–Ω–Ω—ã–µ –ø–µ—á–∞—Ç—å—é
‚úî —Ü–µ–Ω–∞ –¥–µ–π—Å—Ç–≤—É–µ—Ç –ø—Ä–∏ –æ–ø–ª–∞—Ç–µ –ø–æ–ª–Ω–æ–π —Å—Ç–æ–∏–º–æ—Å—Ç–∏ —Ç–æ–≤–∞—Ä–∞ –Ω–∞–ª–∏—á–Ω—ã–º–∏
‚úî –≤ –∑–∞–≤–æ–¥—Å–∫–æ–π –ø–ª–µ–Ω–∫–µ, –±–µ–∑ —Å–ª–µ–¥–æ–≤ —ç–∫—Å–ø–ª—É–∞—Ç–∞—Ü–∏–∏, –æ—Ç–ª–∏—á–Ω—ã–π –ø–æ–¥–∞—Ä–æ–∫
‚úî –∫–æ–ª-–≤–æ —Ç–æ–≤–∞—Ä–∞ –æ–≥—Ä–∞–Ω–∏—á–µ–Ω–æ, —É—Ç–æ—á–Ω—è–π—Ç–µ –∞–∫—Ç—É–∞–ª—å–Ω–æ–µ –Ω–∞–ª–∏—á–∏–µ

üìû –ó–≤–æ–Ω–∏—Ç–µ: 10.00-20.00, –µ–∂–µ–¥–Ω–µ–≤–Ω–æ

–£ –Ω–∞—Å –≤—ã —Å–º–æ–∂–µ—Ç–µ –Ω–∞–∏–±–æ–ª–µ–µ –≤—ã–≥–æ–¥–Ω–æ –∏ –¥–µ—à–µ–≤–æ –∫—É–ø–∏—Ç—å –∏–Ω—Ç–µ—Ä–µ—Å—É—é—â–∏–π –≤–∞—Å –≥–∞–¥–∂–µ—Ç –∏–ª–∏ –∞–∫—Å–µ—Å—Å—É–∞—Äüëç
–ú–∞–≥–∞–∑–∏–Ω AMOLEDüì≤";"8990";"35.jpg,0.jpg"
"–° –≥–∞—Ä–∞–Ω—Ç–∏–µ–π RFB iPhone 5 64Gb A1442 White –ú–∞–≥–∞–∑–∏–Ω";"–£–≤–∞–∂–∞–µ–º—ã–π –ø–æ–∫—É–ø–∞—Ç–µ–ª—å,
–î–æ–±—Ä–æ –ø–æ–∂–∞–ª–æ–≤–∞—Ç—å –≤ –º–∞–≥–∞–∑–∏–Ω AMOLEDüì≤

‚ö°–ê–ö–¶–ò–Ø, –∞–∫—Å–µ—Å—Å—É–∞—Ä –Ω–∞ –≤—ã–±–æ—Ä –≤ –ü–û–î–ê–†–û–ö –∑–∞ –æ—Ç–∑—ã–≤‚ùó

üíë –ú—ã –≤—Å–µ–≥–¥–∞ –∏–¥–µ–º –Ω–∞–≤—Å—Ç—Ä–µ—á—É –Ω–∞—à–∏–º –ø–æ–∫—É–ø–∞—Ç–µ–ª—è–º –∏ –¥–æ—Ä–æ–∂–∏–º —Å–≤–æ–µ–π —Ä–µ–ø—É—Ç–∞—Ü–∏–µ–π.
üëá –ì–∏–±–∫–∏–µ –≤–æ–∑–º–æ–∂–Ω–æ—Å—Ç–∏ –≤–∞—à–µ–π –ø–æ–∫—É–ø–∫–∏:
‚ö¨–û–ü–õ–ê–¢–ê –∫—Ä–µ–¥–∏—Ç–Ω–æ–π/–¥–µ–±–µ—Ç–æ–≤–æ–π –ö–ê–†–¢–û–ô
‚ö¨–¢–†–ï–ô–î-–ò–ù, –û–ë–ú–ï–ù —Å—Ç–∞—Ä–æ–≥–æ —Ç–µ–ª–µ—Ñ–æ–Ω–∞ 
‚ö¨–î–û–°–¢–ê–í–ö–ê –ü–û –†–§ —á–µ—Ä–µ–∑ –¢–ö CDEK
‚ö¨–†–ê–°–°–†–û–ß–ö–ê –±–∞–Ω–∫–∏ –û–¢–ü/–•–æ—É–º-–ö—Ä–µ–¥–∏—Ç
‚ö¨–û–ü–¢, –û–ü–õ–ê–¢–ê –ß–ï–†–ï–ó –†/–° (–¥–ª—è —é—Ä–∏–¥ –ª–∏—Ü)
üîù–û–ø—ã—Ç –ø—Ä–æ–¥–∞–∂ –≤ —Å—Ñ–µ—Ä–µ —Ü–∏—Ñ—Ä–æ–≤–æ–π —ç–ª–µ–∫—Ç—Ä–æ–Ω–∏–∫–∏ —Å 2009 –≥–æ–¥–∞.

–í –Ω–∞—à–µ–º –∞—Å—Å–æ—Ä—Ç–∏–º–µ–Ω—Ç–µ üíØ–æ—Ä–∏–≥–∏–Ω–∞–ª—å–Ω—ã–µ –∞–π—Ñ–æ–Ω—ã 4/4s/5/5c/5s/6/6s/se/7 plus –≤—Å–µ—Ö —Ü–≤–µ—Ç–æ–≤ –∏ –æ–±—ä–µ–º–æ–≤ –ø–∞–º—è—Ç–∏ –ø–æ –ª—É—á—à–µ–π —Ü–µ–Ω–µ –≤ –ö–∞–∑–∞–Ω–∏!üòä

‚û°Apple iPhone 5 64Gb White = 9000‚ÇΩ (RFB) –ì–ê–†–ê–ù–¢–ò–Ø 1 –ì–û–î –æ—Ç –°–¶ iSPARKüî• (–ö–∞–∑–∞–Ω—å/–ú–æ—Å–∫–≤–∞)

‚úî –≤—ã–¥–∞–µ–º —á–µ–∫ –∏ –≥–∞—Ä–∞–Ω—Ç–∏–π–Ω—ã–π —Ç–∞–ª–æ–Ω, –∑–∞–≤–µ—Ä–µ–Ω–Ω—ã–µ –ø–µ—á–∞—Ç—å—é
‚úî —Ü–µ–Ω–∞ –¥–µ–π—Å—Ç–≤—É–µ—Ç –ø—Ä–∏ –æ–ø–ª–∞—Ç–µ –ø–æ–ª–Ω–æ–π —Å—Ç–æ–∏–º–æ—Å—Ç–∏ —Ç–æ–≤–∞—Ä–∞ –Ω–∞–ª–∏—á–Ω—ã–º–∏
‚úî –≤ –∑–∞–≤–æ–¥—Å–∫–æ–π –ø–ª–µ–Ω–∫–µ, –±–µ–∑ —Å–ª–µ–¥–æ–≤ —ç–∫—Å–ø–ª—É–∞—Ç–∞—Ü–∏–∏, –æ—Ç–ª–∏—á–Ω—ã–π –ø–æ–¥–∞—Ä–æ–∫
‚úî –∫–æ–ª-–≤–æ —Ç–æ–≤–∞—Ä–∞ –æ–≥—Ä–∞–Ω–∏—á–µ–Ω–æ, —É—Ç–æ—á–Ω—è–π—Ç–µ –∞–∫—Ç—É–∞–ª—å–Ω–æ–µ –Ω–∞–ª–∏—á–∏–µ

üìû –ó–≤–æ–Ω–∏—Ç–µ: 10.00-20.00, –µ–∂–µ–¥–Ω–µ–≤–Ω–æ

–£ –Ω–∞—Å –≤—ã —Å–º–æ–∂–µ—Ç–µ –Ω–∞–∏–±–æ–ª–µ–µ –≤—ã–≥–æ–¥–Ω–æ –∏ –¥–µ—à–µ–≤–æ –∫—É–ø–∏—Ç—å –∏–Ω—Ç–µ—Ä–µ—Å—É—é—â–∏–π –≤–∞—Å –≥–∞–¥–∂–µ—Ç –∏–ª–∏ –∞–∫—Å–µ—Å—Å—É–∞—Äüëç
–ú–∞–≥–∞–∑–∏–Ω AMOLEDüì≤";"9000";"36.jpg,0.jpg"
